tid,pm25
2023-05-26 02:00:00+02:00,13.042
2023-05-26 03:00:00+02:00,13.116
2023-05-26 04:00:00+02:00,13.728
2023-05-26 05:00:00+02:00,13.913
2023-05-26 06:00:00+02:00,13.905
2023-05-26 07:00:00+02:00,13.739
2023-05-26 08:00:00+02:00,14.138
2023-05-26 09:00:00+02:00,12.972
2023-05-26 10:00:00+02:00,10.587
2023-05-26 11:00:00+02:00,10.422
2023-05-26 12:00:00+02:00,8.623
2023-05-26 13:00:00+02:00,7.389
2023-05-26 14:00:00+02:00,6.583
2023-05-26 15:00:00+02:00,6.217
2023-05-26 16:00:00+02:00,5.09
2023-05-26 17:00:00+02:00,4.893
2023-05-26 18:00:00+02:00,4.847
2023-05-26 19:00:00+02:00,3.95
2023-05-26 20:00:00+02:00,4.279
2023-05-26 21:00:00+02:00,4.407
2023-05-26 22:00:00+02:00,3.843
2023-05-26 23:00:00+02:00,3.817
2023-05-27 00:00:00+02:00,5.23
2023-05-27 01:00:00+02:00,5.674
2023-05-27 02:00:00+02:00,5.682
2023-05-27 03:00:00+02:00,5.642
2023-05-27 04:00:00+02:00,6.997
2023-05-27 05:00:00+02:00,8.601
2023-05-27 06:00:00+02:00,9.328
2023-05-27 07:00:00+02:00,10.153
2023-05-27 08:00:00+02:00,11.553
2023-05-27 09:00:00+02:00,11.968
2023-05-27 10:00:00+02:00,11.853
2023-05-27 11:00:00+02:00,8.144
2023-05-27 12:00:00+02:00,7.543
2023-05-27 13:00:00+02:00,6.127
2023-05-27 14:00:00+02:00,4.778
2023-05-27 15:00:00+02:00,6.751
2023-05-27 16:00:00+02:00,7.458
2023-05-27 17:00:00+02:00,7.37
2023-05-27 18:00:00+02:00,9.749
2023-05-27 19:00:00+02:00,9.371
2023-05-27 20:00:00+02:00,9.103
2023-05-27 21:00:00+02:00,10.371
2023-05-27 22:00:00+02:00,10.566
2023-05-27 23:00:00+02:00,10.481
2023-05-28 00:00:00+02:00,10.11
2023-05-28 01:00:00+02:00,9.159
2023-05-28 02:00:00+02:00,8.958
2023-05-28 03:00:00+02:00,9.52
2023-05-28 04:00:00+02:00,9.214
2023-05-28 05:00:00+02:00,8.558
2023-05-28 06:00:00+02:00,8.556
2023-05-28 07:00:00+02:00,8.679
2023-05-28 08:00:00+02:00,8.183
2023-05-28 09:00:00+02:00,7.749
2023-05-28 10:00:00+02:00,6.713
2023-05-28 11:00:00+02:00,7.256
2023-05-28 12:00:00+02:00,6.563
2023-05-28 13:00:00+02:00,5.77
2023-05-28 14:00:00+02:00,4.707
2023-05-28 15:00:00+02:00,4.6
2023-05-28 16:00:00+02:00,4.433
2023-05-28 17:00:00+02:00,6.417
2023-05-28 18:00:00+02:00,7.676
2023-05-28 19:00:00+02:00,7.434
2023-05-28 20:00:00+02:00,7.592
2023-05-28 21:00:00+02:00,7.105
2023-05-28 22:00:00+02:00,6.749
2023-05-28 23:00:00+02:00,6.454
2023-05-29 00:00:00+02:00,6.115
2023-05-29 01:00:00+02:00,6.276
2023-05-29 02:00:00+02:00,6.903
2023-05-29 03:00:00+02:00,8.494
2023-05-29 04:00:00+02:00,8.784
2023-05-29 05:00:00+02:00,8.726
2023-05-29 06:00:00+02:00,8.454
2023-05-29 07:00:00+02:00,8.657
2023-05-29 08:00:00+02:00,8.978
2023-05-29 09:00:00+02:00,9.109
2023-05-29 10:00:00+02:00,9.145
2023-05-29 11:00:00+02:00,8.662
2023-05-29 12:00:00+02:00,7.443
2023-05-29 13:00:00+02:00,4.904
2023-05-29 14:00:00+02:00,3.614
2023-05-29 15:00:00+02:00,3.672
2023-05-29 16:00:00+02:00,3.456
2023-05-29 17:00:00+02:00,3.498
2023-05-29 18:00:00+02:00,3.685
2023-05-29 19:00:00+02:00,3.796
2023-05-29 20:00:00+02:00,3.654
2023-05-29 21:00:00+02:00,3.449
2023-05-29 22:00:00+02:00,3.445
2023-05-29 23:00:00+02:00,3.691
2023-05-30 00:00:00+02:00,3.522
2023-05-30 01:00:00+02:00,3.518
2023-05-30 02:00:00+02:00,4.933
2023-05-30 03:00:00+02:00,6.984
2023-05-30 04:00:00+02:00,8.39
2023-05-30 05:00:00+02:00,8.978
2023-05-30 06:00:00+02:00,8.865
2023-05-30 07:00:00+02:00,10.077
2023-05-30 08:00:00+02:00,10.848
2023-05-30 09:00:00+02:00,9.41
2023-05-30 10:00:00+02:00,7.268
2023-05-30 11:00:00+02:00,7.808
2023-05-30 12:00:00+02:00,7.346
2023-05-30 13:00:00+02:00,5.541
2023-05-30 14:00:00+02:00,4.587
2023-05-30 15:00:00+02:00,4.338
2023-05-30 16:00:00+02:00,3.621
2023-05-30 17:00:00+02:00,4.54
2023-05-30 18:00:00+02:00,3.702
2023-05-30 19:00:00+02:00,3.833
2023-05-30 20:00:00+02:00,3.591
2023-05-30 21:00:00+02:00,3.56
2023-05-30 22:00:00+02:00,3.74
2023-05-30 23:00:00+02:00,4.731
2023-05-31 00:00:00+02:00,4.286
2023-05-31 01:00:00+02:00,4.587
2023-05-31 02:00:00+02:00,4.204
2023-05-31 03:00:00+02:00,4.423
2023-05-31 04:00:00+02:00,4.666
2023-05-31 05:00:00+02:00,4.93
2023-05-31 06:00:00+02:00,6.762
2023-05-31 07:00:00+02:00,6.717
2023-05-31 08:00:00+02:00,6.42
2023-05-31 09:00:00+02:00,6.604
2023-05-31 10:00:00+02:00,6.167
2023-05-31 11:00:00+02:00,5.878
2023-05-31 12:00:00+02:00,4.449
2023-05-31 13:00:00+02:00,4.256
2023-05-31 14:00:00+02:00,8.075
2023-05-31 15:00:00+02:00,8.634
2023-05-31 16:00:00+02:00,9.229
2023-05-31 17:00:00+02:00,9.113
2023-05-31 18:00:00+02:00,8.804
2023-05-31 19:00:00+02:00,8.104
2023-05-31 20:00:00+02:00,8.523
2023-05-31 21:00:00+02:00,8.375
2023-05-31 22:00:00+02:00,7.558
2023-05-31 23:00:00+02:00,7.365
2023-06-01 00:00:00+02:00,6.857
2023-06-01 00:00:00+02:00,6.857
2023-06-01 01:00:00+02:00,5.878
2023-06-01 02:00:00+02:00,5.949
2023-06-01 03:00:00+02:00,6.394
2023-06-01 04:00:00+02:00,6.791
2023-06-01 05:00:00+02:00,7.531
2023-06-01 06:00:00+02:00,8.196
2023-06-01 07:00:00+02:00,8.481
2023-06-01 08:00:00+02:00,8.903
2023-06-01 09:00:00+02:00,9.305
2023-06-01 10:00:00+02:00,9.581
2023-06-01 11:00:00+02:00,9.995
2023-06-01 12:00:00+02:00,10.08
2023-06-01 13:00:00+02:00,9.405
2023-06-01 14:00:00+02:00,8.785
2023-06-01 15:00:00+02:00,8.301
2023-06-01 16:00:00+02:00,7.339
2023-06-01 17:00:00+02:00,6.186
2023-06-01 18:00:00+02:00,5.42
2023-06-01 19:00:00+02:00,7.222
2023-06-01 20:00:00+02:00,6.186
2023-06-01 21:00:00+02:00,5.126
2023-06-01 22:00:00+02:00,3.993
2023-06-01 23:00:00+02:00,3.322
2023-06-02 00:00:00+02:00,2.7
2023-06-02 01:00:00+02:00,2.931
2023-06-02 02:00:00+02:00,3.142
2023-06-02 03:00:00+02:00,3.873
2023-06-02 04:00:00+02:00,3.177
2023-06-02 05:00:00+02:00,3.405
2023-06-02 06:00:00+02:00,3.394
2023-06-02 07:00:00+02:00,4.262
2023-06-02 08:00:00+02:00,4.165
2023-06-02 09:00:00+02:00,4.318
2023-06-02 10:00:00+02:00,3.787
2023-06-02 11:00:00+02:00,3.708
2023-06-02 12:00:00+02:00,4.016
2023-06-02 13:00:00+02:00,3.044
2023-06-02 14:00:00+02:00,3.135
2023-06-02 15:00:00+02:00,2.919
2023-06-02 16:00:00+02:00,2.397
2023-06-02 17:00:00+02:00,2.352
2023-06-02 18:00:00+02:00,2.307
2023-06-02 19:00:00+02:00,1.916
2023-06-02 20:00:00+02:00,2.079
2023-06-02 21:00:00+02:00,2.359
2023-06-02 22:00:00+02:00,2.63
2023-06-02 23:00:00+02:00,2.576
2023-06-03 00:00:00+02:00,2.686
2023-06-03 01:00:00+02:00,2.836
2023-06-03 02:00:00+02:00,4.983
2023-06-03 03:00:00+02:00,4.111
2023-06-03 04:00:00+02:00,2.722
2023-06-03 05:00:00+02:00,2.653
2023-06-03 06:00:00+02:00,2.644
2023-06-03 07:00:00+02:00,2.918
2023-06-03 08:00:00+02:00,2.19
2023-06-03 09:00:00+02:00,1.849
2023-06-03 10:00:00+02:00,1.748
2023-06-03 11:00:00+02:00,1.696
2023-06-03 12:00:00+02:00,2.167
2023-06-03 13:00:00+02:00,2.215
2023-06-03 14:00:00+02:00,2.23
2023-06-03 15:00:00+02:00,2.524
2023-06-03 16:00:00+02:00,2.498
2023-06-03 17:00:00+02:00,2.594
2023-06-03 18:00:00+02:00,2.559
2023-06-03 19:00:00+02:00,2.637
2023-06-03 20:00:00+02:00,2.448
2023-06-03 21:00:00+02:00,2.225
2023-06-03 22:00:00+02:00,2.285
2023-06-03 23:00:00+02:00,2.507
2023-06-04 00:00:00+02:00,2.199
2023-06-04 01:00:00+02:00,2.191
2023-06-04 02:00:00+02:00,2.822
2023-06-04 03:00:00+02:00,3.503
2023-06-04 04:00:00+02:00,3.62
2023-06-04 05:00:00+02:00,4.322
2023-06-04 06:00:00+02:00,5.099
2023-06-04 07:00:00+02:00,5.433
2023-06-04 08:00:00+02:00,5.837
2023-06-04 09:00:00+02:00,6.23
2023-06-04 10:00:00+02:00,6.038
2023-06-04 11:00:00+02:00,6.788
2023-06-04 12:00:00+02:00,7.159
2023-06-04 13:00:00+02:00,7.329
2023-06-04 14:00:00+02:00,6.839
2023-06-04 15:00:00+02:00,7.036
2023-06-04 16:00:00+02:00,6.737
2023-06-04 17:00:00+02:00,5.798
2023-06-04 18:00:00+02:00,6.162
2023-06-04 19:00:00+02:00,6.382
2023-06-04 20:00:00+02:00,6.239
2023-06-04 21:00:00+02:00,5.995
2023-06-04 22:00:00+02:00,6.762
2023-06-04 23:00:00+02:00,7.139
2023-06-05 00:00:00+02:00,8.055
2023-06-05 01:00:00+02:00,7.828
2023-06-05 02:00:00+02:00,8.099
2023-06-05 03:00:00+02:00,8.443
2023-06-05 04:00:00+02:00,8.674
2023-06-05 05:00:00+02:00,8.156
2023-06-05 06:00:00+02:00,8.624
2023-06-05 07:00:00+02:00,10.067
2023-06-05 08:00:00+02:00,8.618
2023-06-05 09:00:00+02:00,10.378
2023-06-05 10:00:00+02:00,8.816
2023-06-05 11:00:00+02:00,7.978
2023-06-05 12:00:00+02:00,7.937
2023-06-05 13:00:00+02:00,8.269
2023-06-05 14:00:00+02:00,8.858
2023-06-05 15:00:00+02:00,8.237
2023-06-05 16:00:00+02:00,7.434
2023-06-05 17:00:00+02:00,6.189
2023-06-05 18:00:00+02:00,5.341
2023-06-05 19:00:00+02:00,5.319
2023-06-05 20:00:00+02:00,5.192
2023-06-05 21:00:00+02:00,6.96
2023-06-05 22:00:00+02:00,8.25
2023-06-05 23:00:00+02:00,9.122
2023-06-06 00:00:00+02:00,9.893
2023-06-06 01:00:00+02:00,10.142
2023-06-06 02:00:00+02:00,13.473
2023-06-06 03:00:00+02:00,13.122
2023-06-06 04:00:00+02:00,13.214
2023-06-06 05:00:00+02:00,14.626
2023-06-06 06:00:00+02:00,15.256
2023-06-06 07:00:00+02:00,14.169
2023-06-06 08:00:00+02:00,11.691
2023-06-06 09:00:00+02:00,10.165
2023-06-06 10:00:00+02:00,8.66
2023-06-06 11:00:00+02:00,7.377
2023-06-06 12:00:00+02:00,5.894
2023-06-06 13:00:00+02:00,6.336
2023-06-06 14:00:00+02:00,5.563
2023-06-06 15:00:00+02:00,6.047
2023-06-06 16:00:00+02:00,7.641
2023-06-06 17:00:00+02:00,8.114
2023-06-06 18:00:00+02:00,7.392
2023-06-06 19:00:00+02:00,5.648
2023-06-06 20:00:00+02:00,4.691
2023-06-06 21:00:00+02:00,4.133
2023-06-06 22:00:00+02:00,5.22
2023-06-06 23:00:00+02:00,6.228
2023-06-07 00:00:00+02:00,6.958
2023-06-07 01:00:00+02:00,7.69
2023-06-07 02:00:00+02:00,8.034
2023-06-07 03:00:00+02:00,9.31
2023-06-07 04:00:00+02:00,8.816
2023-06-07 05:00:00+02:00,9.195
2023-06-07 06:00:00+02:00,10.801
2023-06-07 07:00:00+02:00,13.569
2023-06-07 08:00:00+02:00,11.204
2023-06-07 09:00:00+02:00,9.462
2023-06-07 10:00:00+02:00,9.192
2023-06-07 11:00:00+02:00,9.622
2023-06-07 12:00:00+02:00,10.319
2023-06-07 13:00:00+02:00,9.213
2023-06-07 14:00:00+02:00,8.211
2023-06-07 15:00:00+02:00,6.094
2023-06-07 16:00:00+02:00,5.275
2023-06-07 17:00:00+02:00,6.4
2023-06-07 18:00:00+02:00,6.897
2023-06-07 19:00:00+02:00,6.96
2023-06-07 20:00:00+02:00,7.375
2023-06-07 21:00:00+02:00,8.15
2023-06-07 22:00:00+02:00,8.176
2023-06-07 23:00:00+02:00,8.313
2023-06-08 00:00:00+02:00,8.686
2023-06-08 01:00:00+02:00,8.423
2023-06-08 02:00:00+02:00,8.984
2023-06-08 03:00:00+02:00,9.234
2023-06-08 04:00:00+02:00,9.916
2023-06-08 05:00:00+02:00,12.218
2023-06-08 06:00:00+02:00,19.618
2023-06-08 07:00:00+02:00,17.735
2023-06-08 08:00:00+02:00,14.899
2023-06-08 09:00:00+02:00,12.691
2023-06-08 10:00:00+02:00,12.698
2023-06-08 11:00:00+02:00,13.946
2023-06-08 12:00:00+02:00,14.995
2023-06-08 13:00:00+02:00,15.711
2023-06-08 14:00:00+02:00,16.666
2023-06-08 15:00:00+02:00,16.734
2023-06-08 16:00:00+02:00,14.612
2023-06-08 17:00:00+02:00,14.029
2023-06-08 18:00:00+02:00,15.175
2023-06-08 19:00:00+02:00,14.46
2023-06-08 20:00:00+02:00,14.569
2023-06-08 21:00:00+02:00,12.446
2023-06-08 22:00:00+02:00,10.784
2023-06-08 23:00:00+02:00,8.187
2023-06-09 00:00:00+02:00,7.365
2023-06-09 01:00:00+02:00,7.491
2023-06-09 02:00:00+02:00,10.083
2023-06-09 03:00:00+02:00,10.571
2023-06-09 04:00:00+02:00,11.149
2023-06-09 05:00:00+02:00,11.635
2023-06-09 06:00:00+02:00,13.938
2023-06-09 07:00:00+02:00,9.593
2023-06-09 08:00:00+02:00,7.631
2023-06-09 09:00:00+02:00,6.836
2023-06-09 10:00:00+02:00,5.247
2023-06-09 11:00:00+02:00,4.778
2023-06-09 12:00:00+02:00,4.982
2023-06-09 13:00:00+02:00,5.176
2023-06-09 14:00:00+02:00,5.421
2023-06-09 15:00:00+02:00,5.58
2023-06-09 16:00:00+02:00,6.217
2023-06-09 17:00:00+02:00,5.967
2023-06-09 18:00:00+02:00,5.806
2023-06-09 19:00:00+02:00,5.954
2023-06-09 20:00:00+02:00,5.604
2023-06-09 21:00:00+02:00,4.283
2023-06-09 22:00:00+02:00,3.376
2023-06-09 23:00:00+02:00,2.781
2023-06-10 00:00:00+02:00,2.554
2023-06-10 01:00:00+02:00,2.625
2023-06-10 02:00:00+02:00,2.516
2023-06-10 03:00:00+02:00,1.834
2023-06-10 04:00:00+02:00,1.604
2023-06-10 05:00:00+02:00,1.656
2023-06-10 06:00:00+02:00,1.824
2023-06-10 07:00:00+02:00,2.115
2023-06-10 08:00:00+02:00,2.539
2023-06-10 09:00:00+02:00,2.844
2023-06-10 10:00:00+02:00,3.399
2023-06-10 11:00:00+02:00,3.64
2023-06-10 12:00:00+02:00,4.216
2023-06-10 13:00:00+02:00,5.076
2023-06-10 14:00:00+02:00,5.88
2023-06-10 15:00:00+02:00,6.041
2023-06-10 16:00:00+02:00,5.61
2023-06-10 17:00:00+02:00,5.048
2023-06-10 18:00:00+02:00,4.628
2023-06-10 19:00:00+02:00,3.797
2023-06-10 20:00:00+02:00,3.471
2023-06-10 21:00:00+02:00,3.425
2023-06-10 22:00:00+02:00,3.778
2023-06-10 23:00:00+02:00,4.215
2023-06-11 00:00:00+02:00,4.452
2023-06-11 01:00:00+02:00,4.264
2023-06-11 02:00:00+02:00,3.738
2023-06-11 03:00:00+02:00,3.44
2023-06-11 04:00:00+02:00,3.301
2023-06-11 05:00:00+02:00,3.402
2023-06-11 06:00:00+02:00,3.585
2023-06-11 07:00:00+02:00,3.982
2023-06-11 08:00:00+02:00,4.522
2023-06-11 09:00:00+02:00,5.098
2023-06-11 10:00:00+02:00,5.614
2023-06-11 11:00:00+02:00,5.485
2023-06-11 12:00:00+02:00,5.261
2023-06-11 13:00:00+02:00,4.988
2023-06-11 14:00:00+02:00,4.774
2023-06-11 15:00:00+02:00,4.833
2023-06-11 16:00:00+02:00,4.624
2023-06-11 17:00:00+02:00,4.593
2023-06-11 18:00:00+02:00,4.47
2023-06-11 19:00:00+02:00,4.36
2023-06-11 20:00:00+02:00,4.279
2023-06-11 21:00:00+02:00,4.52
2023-06-11 22:00:00+02:00,4.375
2023-06-11 23:00:00+02:00,4.743
2023-06-12 00:00:00+02:00,4.94
2023-06-12 01:00:00+02:00,5.385
2023-06-12 02:00:00+02:00,5.513
2023-06-12 03:00:00+02:00,5.375
2023-06-12 04:00:00+02:00,5.121
2023-06-12 05:00:00+02:00,5.226
2023-06-12 06:00:00+02:00,5.136
2023-06-12 07:00:00+02:00,4.962
2023-06-12 08:00:00+02:00,4.973
2023-06-12 09:00:00+02:00,5.457
2023-06-12 10:00:00+02:00,5.606
2023-06-12 11:00:00+02:00,5.518
2023-06-12 12:00:00+02:00,5.098
2023-06-12 13:00:00+02:00,4.663
2023-06-12 14:00:00+02:00,5.306
2023-06-12 15:00:00+02:00,5.732
2023-06-12 16:00:00+02:00,5.336
2023-06-12 17:00:00+02:00,5.038
2023-06-12 18:00:00+02:00,4.607
2023-06-12 19:00:00+02:00,4.415
2023-06-12 20:00:00+02:00,4.273
2023-06-12 21:00:00+02:00,4.181
2023-06-12 22:00:00+02:00,4.436
2023-06-12 23:00:00+02:00,5.024
2023-06-13 00:00:00+02:00,4.666
2023-06-13 01:00:00+02:00,4.768
2023-06-13 02:00:00+02:00,4.897
2023-06-13 03:00:00+02:00,4.783
2023-06-13 04:00:00+02:00,4.281
2023-06-13 05:00:00+02:00,4.239
2023-06-13 06:00:00+02:00,4.597
2023-06-13 07:00:00+02:00,4.756
2023-06-13 08:00:00+02:00,5.46
2023-06-13 09:00:00+02:00,6.29
2023-06-13 10:00:00+02:00,5.814
2023-06-13 11:00:00+02:00,6.449
2023-06-13 12:00:00+02:00,5.985
2023-06-13 13:00:00+02:00,6.058
2023-06-13 14:00:00+02:00,6.169
2023-06-13 15:00:00+02:00,5.917
2023-06-13 16:00:00+02:00,6.046
2023-06-13 17:00:00+02:00,
2023-06-13 18:00:00+02:00,6.185
2023-06-13 19:00:00+02:00,5.879
2023-06-13 20:00:00+02:00,4.145
2023-06-13 21:00:00+02:00,3.103
2023-06-13 22:00:00+02:00,3.057
2023-06-13 23:00:00+02:00,4.163
2023-06-14 00:00:00+02:00,4.986
2023-06-14 01:00:00+02:00,5.343
2023-06-14 02:00:00+02:00,5.128
2023-06-14 03:00:00+02:00,5.374
2023-06-14 04:00:00+02:00,5.496
2023-06-14 05:00:00+02:00,5.017
2023-06-14 06:00:00+02:00,5.421
2023-06-14 07:00:00+02:00,6.256
2023-06-14 08:00:00+02:00,7.233
2023-06-14 09:00:00+02:00,6.822
2023-06-14 10:00:00+02:00,6.751
2023-06-14 11:00:00+02:00,6.438
2023-06-14 12:00:00+02:00,6.884
2023-06-14 13:00:00+02:00,6.654
2023-06-14 14:00:00+02:00,7.184
2023-06-14 15:00:00+02:00,7.285
2023-06-14 16:00:00+02:00,6.746
2023-06-14 17:00:00+02:00,6.577
2023-06-14 18:00:00+02:00,6.458
2023-06-14 19:00:00+02:00,6.822
2023-06-14 20:00:00+02:00,6.537
2023-06-14 21:00:00+02:00,6.877
2023-06-14 22:00:00+02:00,6.987
2023-06-14 23:00:00+02:00,7.65
2023-06-15 00:00:00+02:00,7.751
2023-06-15 01:00:00+02:00,8.111
2023-06-15 02:00:00+02:00,7.484
2023-06-15 03:00:00+02:00,6.667
2023-06-15 04:00:00+02:00,7.488
2023-06-15 05:00:00+02:00,8.798
2023-06-15 06:00:00+02:00,7.742
2023-06-15 07:00:00+02:00,8.625
2023-06-15 08:00:00+02:00,7.831
2023-06-15 09:00:00+02:00,8.117
2023-06-15 10:00:00+02:00,6.389
2023-06-15 11:00:00+02:00,7.125
2023-06-15 12:00:00+02:00,7.43
2023-06-15 13:00:00+02:00,7.73
2023-06-15 14:00:00+02:00,8.303
2023-06-15 15:00:00+02:00,8.297
2023-06-15 16:00:00+02:00,8.269
2023-06-15 17:00:00+02:00,8.687
2023-06-15 18:00:00+02:00,8.162
2023-06-15 19:00:00+02:00,8.289
2023-06-15 20:00:00+02:00,8.718
2023-06-15 21:00:00+02:00,8.589
2023-06-15 22:00:00+02:00,8.533
2023-06-15 23:00:00+02:00,8.279
2023-06-16 00:00:00+02:00,8.334
2023-06-16 01:00:00+02:00,9.114
2023-06-16 02:00:00+02:00,7.979
2023-06-16 03:00:00+02:00,8.677
2023-06-16 04:00:00+02:00,8.509
2023-06-16 05:00:00+02:00,8.457
2023-06-16 06:00:00+02:00,8.21
2023-06-16 07:00:00+02:00,8.413
2023-06-16 08:00:00+02:00,8.509
2023-06-16 09:00:00+02:00,8.32
2023-06-16 10:00:00+02:00,7.781
2023-06-16 11:00:00+02:00,7.602
2023-06-16 12:00:00+02:00,8.38
2023-06-16 13:00:00+02:00,9.031
2023-06-16 14:00:00+02:00,10.127
2023-06-16 15:00:00+02:00,9.177
2023-06-16 16:00:00+02:00,8.702
2023-06-16 17:00:00+02:00,8.05
2023-06-16 18:00:00+02:00,8.8
2023-06-16 19:00:00+02:00,8.763
2023-06-16 20:00:00+02:00,8.07
2023-06-16 21:00:00+02:00,9.008
2023-06-16 22:00:00+02:00,7.765
2023-06-16 23:00:00+02:00,8.783
2023-06-17 00:00:00+02:00,10.69
2023-06-17 01:00:00+02:00,10.342
2023-06-17 02:00:00+02:00,10.693
2023-06-17 03:00:00+02:00,11.467
2023-06-17 04:00:00+02:00,12.897
2023-06-17 05:00:00+02:00,13.075
2023-06-17 06:00:00+02:00,12.967
2023-06-17 07:00:00+02:00,14.089
2023-06-17 08:00:00+02:00,12.698
2023-06-17 09:00:00+02:00,10.006
2023-06-17 10:00:00+02:00,8.001
2023-06-17 11:00:00+02:00,9.555
2023-06-17 12:00:00+02:00,10.049
2023-06-17 13:00:00+02:00,10.866
2023-06-17 14:00:00+02:00,13.475
2023-06-17 15:00:00+02:00,8.396
2023-06-17 16:00:00+02:00,8.666
2023-06-17 17:00:00+02:00,7.4
2023-06-17 18:00:00+02:00,7.802
2023-06-17 19:00:00+02:00,9.599
2023-06-17 20:00:00+02:00,9.44
2023-06-17 21:00:00+02:00,9.654
2023-06-17 22:00:00+02:00,9.038
2023-06-17 23:00:00+02:00,9.378
2023-06-18 00:00:00+02:00,9.652
2023-06-18 01:00:00+02:00,7.207
2023-06-18 02:00:00+02:00,6.024
2023-06-18 03:00:00+02:00,6.506
2023-06-18 04:00:00+02:00,7.489
2023-06-18 05:00:00+02:00,7.378
2023-06-18 06:00:00+02:00,7.567
2023-06-18 07:00:00+02:00,7.687
2023-06-18 08:00:00+02:00,7.791
2023-06-18 09:00:00+02:00,9.287
2023-06-18 10:00:00+02:00,10.5
2023-06-18 11:00:00+02:00,10.887
2023-06-18 12:00:00+02:00,10.943
2023-06-18 13:00:00+02:00,9.593
2023-06-18 14:00:00+02:00,10.299
2023-06-18 15:00:00+02:00,9.406
2023-06-18 16:00:00+02:00,9.263
2023-06-18 17:00:00+02:00,8.902
2023-06-18 18:00:00+02:00,9.619
2023-06-18 19:00:00+02:00,9.544
2023-06-18 20:00:00+02:00,9.797
2023-06-18 21:00:00+02:00,8.825
2023-06-18 22:00:00+02:00,11.61
2023-06-18 23:00:00+02:00,11.811
2023-06-19 00:00:00+02:00,12.012
2023-06-19 01:00:00+02:00,11.679
2023-06-19 02:00:00+02:00,12.13
2023-06-19 03:00:00+02:00,12.2
2023-06-19 04:00:00+02:00,13.531
2023-06-19 05:00:00+02:00,14.147
2023-06-19 06:00:00+02:00,15.861
2023-06-19 07:00:00+02:00,21.848
2023-06-19 08:00:00+02:00,19.121
2023-06-19 09:00:00+02:00,13.639
2023-06-19 10:00:00+02:00,11.805
2023-06-19 11:00:00+02:00,11.395
2023-06-19 12:00:00+02:00,11.088
2023-06-19 13:00:00+02:00,10.348
2023-06-19 14:00:00+02:00,9.145
2023-06-19 15:00:00+02:00,8.438
2023-06-19 16:00:00+02:00,8.309
2023-06-19 17:00:00+02:00,8.336
2023-06-19 18:00:00+02:00,9.093
2023-06-19 19:00:00+02:00,10.025
2023-06-19 20:00:00+02:00,9.216
2023-06-19 21:00:00+02:00,9.079
2023-06-19 22:00:00+02:00,8.847
2023-06-19 23:00:00+02:00,9.085
2023-06-20 00:00:00+02:00,8.775
2023-06-20 01:00:00+02:00,8.212
2023-06-20 02:00:00+02:00,7.849
2023-06-20 03:00:00+02:00,8.397
2023-06-20 04:00:00+02:00,9.331
2023-06-20 05:00:00+02:00,9.364
2023-06-20 06:00:00+02:00,10.712
2023-06-20 07:00:00+02:00,10.575
2023-06-20 08:00:00+02:00,11.17
2023-06-20 09:00:00+02:00,12.583
2023-06-20 10:00:00+02:00,12.896
2023-06-20 11:00:00+02:00,13.172
2023-06-20 12:00:00+02:00,14.076
2023-06-20 13:00:00+02:00,13.692
2023-06-20 14:00:00+02:00,13.215
2023-06-20 15:00:00+02:00,13.104
2023-06-20 16:00:00+02:00,14.174
2023-06-20 17:00:00+02:00,14.824
2023-06-20 18:00:00+02:00,16.099
2023-06-20 19:00:00+02:00,15.677
2023-06-20 20:00:00+02:00,14.405
2023-06-20 21:00:00+02:00,11.53
2023-06-20 22:00:00+02:00,11.277
2023-06-20 23:00:00+02:00,10.862
2023-06-21 00:00:00+02:00,10.136
2023-06-21 01:00:00+02:00,9.719
2023-06-21 02:00:00+02:00,9.868
2023-06-21 03:00:00+02:00,10.836
2023-06-21 04:00:00+02:00,11.06
2023-06-21 05:00:00+02:00,10.939
2023-06-21 06:00:00+02:00,11.931
2023-06-21 07:00:00+02:00,13.003
2023-06-21 08:00:00+02:00,15.876
2023-06-21 09:00:00+02:00,18.211
2023-06-21 10:00:00+02:00,19.244
2023-06-21 11:00:00+02:00,22.227
2023-06-21 12:00:00+02:00,24.809
2023-06-21 13:00:00+02:00,25.392
2023-06-21 14:00:00+02:00,16.759
2023-06-21 15:00:00+02:00,15.288
2023-06-21 16:00:00+02:00,12.234
2023-06-21 17:00:00+02:00,8.528
2023-06-21 18:00:00+02:00,7.253
2023-06-21 19:00:00+02:00,8.502
2023-06-21 20:00:00+02:00,8.979
2023-06-21 21:00:00+02:00,6.722
2023-06-21 22:00:00+02:00,4.913
2023-06-21 23:00:00+02:00,4.847
2023-06-22 00:00:00+02:00,5.177
2023-06-22 01:00:00+02:00,5.474
2023-06-22 02:00:00+02:00,5.885
2023-06-22 03:00:00+02:00,6.627
2023-06-22 04:00:00+02:00,7.239
2023-06-22 05:00:00+02:00,7.048
2023-06-22 06:00:00+02:00,6.932
2023-06-22 07:00:00+02:00,7.378
2023-06-22 08:00:00+02:00,7.223
2023-06-22 09:00:00+02:00,7.202
2023-06-22 10:00:00+02:00,7.334
2023-06-22 11:00:00+02:00,7.422
2023-06-22 12:00:00+02:00,7.694
2023-06-22 13:00:00+02:00,6.525
2023-06-22 14:00:00+02:00,5.517
2023-06-22 15:00:00+02:00,5.668
2023-06-22 16:00:00+02:00,4.927
2023-06-22 17:00:00+02:00,5.076
2023-06-22 18:00:00+02:00,5.484
2023-06-22 19:00:00+02:00,5.397
2023-06-22 20:00:00+02:00,5.22
2023-06-22 21:00:00+02:00,5.261
2023-06-22 22:00:00+02:00,5.338
2023-06-22 23:00:00+02:00,5.967
2023-06-23 00:00:00+02:00,6.303
2023-06-23 01:00:00+02:00,6.487
2023-06-23 02:00:00+02:00,6.365
2023-06-23 03:00:00+02:00,6.678
2023-06-23 04:00:00+02:00,6.693
2023-06-23 05:00:00+02:00,5.706
2023-06-23 06:00:00+02:00,5.454
2023-06-23 07:00:00+02:00,5.441
2023-06-23 08:00:00+02:00,5.678
2023-06-23 09:00:00+02:00,5.943
2023-06-23 10:00:00+02:00,6.312
2023-06-23 11:00:00+02:00,6.815
2023-06-23 12:00:00+02:00,7.037
2023-06-23 13:00:00+02:00,6.658
2023-06-23 14:00:00+02:00,6.196
2023-06-23 15:00:00+02:00,5.232
2023-06-23 16:00:00+02:00,5.16
2023-06-23 17:00:00+02:00,4.548
2023-06-23 18:00:00+02:00,4.769
2023-06-23 19:00:00+02:00,5.528
2023-06-23 20:00:00+02:00,5.33
2023-06-23 21:00:00+02:00,5.626
2023-06-23 22:00:00+02:00,6.315
2023-06-23 23:00:00+02:00,6.734
2023-06-24 00:00:00+02:00,7.362
2023-06-24 01:00:00+02:00,8.212
2023-06-24 02:00:00+02:00,9.373
2023-06-24 03:00:00+02:00,9.708
2023-06-24 04:00:00+02:00,9.758
2023-06-24 05:00:00+02:00,8.628
2023-06-24 06:00:00+02:00,8.096
2023-06-24 07:00:00+02:00,7.783
2023-06-24 08:00:00+02:00,8.523
2023-06-24 09:00:00+02:00,7.534
2023-06-24 10:00:00+02:00,6.901
2023-06-24 11:00:00+02:00,7.204
2023-06-24 12:00:00+02:00,7.135
2023-06-24 13:00:00+02:00,6.496
2023-06-24 14:00:00+02:00,6.034
2023-06-24 15:00:00+02:00,5.621
2023-06-24 16:00:00+02:00,5.083
2023-06-24 17:00:00+02:00,4.539
2023-06-24 18:00:00+02:00,5.006
2023-06-24 19:00:00+02:00,5.602
2023-06-24 20:00:00+02:00,5.788
2023-06-24 21:00:00+02:00,6.102
2023-06-24 22:00:00+02:00,6.509
2023-06-24 23:00:00+02:00,6.706
2023-06-25 00:00:00+02:00,7.373
2023-06-25 01:00:00+02:00,7.224
2023-06-25 02:00:00+02:00,6.943
2023-06-25 03:00:00+02:00,7.053
2023-06-25 04:00:00+02:00,7.194
2023-06-25 05:00:00+02:00,8.446
2023-06-25 06:00:00+02:00,8.74
2023-06-25 07:00:00+02:00,9.203
2023-06-25 08:00:00+02:00,8.973
2023-06-25 09:00:00+02:00,7.5
2023-06-25 10:00:00+02:00,6.602
2023-06-25 11:00:00+02:00,7.735
2023-06-25 12:00:00+02:00,7.741
2023-06-25 13:00:00+02:00,7.176
2023-06-25 14:00:00+02:00,6.926
2023-06-25 15:00:00+02:00,5.931
2023-06-25 16:00:00+02:00,5.385
2023-06-25 17:00:00+02:00,5.767
2023-06-25 18:00:00+02:00,5.216
2023-06-25 19:00:00+02:00,5.232
2023-06-25 20:00:00+02:00,5.588
2023-06-25 21:00:00+02:00,5.782
2023-06-25 22:00:00+02:00,6.149
2023-06-25 23:00:00+02:00,7.455
2023-06-26 00:00:00+02:00,7.468
2023-06-26 01:00:00+02:00,7.95
2023-06-26 02:00:00+02:00,8.559
2023-06-26 03:00:00+02:00,9.126
2023-06-26 04:00:00+02:00,12.713
2023-06-26 05:00:00+02:00,17.09
2023-06-26 06:00:00+02:00,10.083
2023-06-26 07:00:00+02:00,7.942
2023-06-26 08:00:00+02:00,4.827
2023-06-26 09:00:00+02:00,4.862
2023-06-26 10:00:00+02:00,4.939
2023-06-26 11:00:00+02:00,5.858
2023-06-26 12:00:00+02:00,6.64
2023-06-26 13:00:00+02:00,8.664
2023-06-26 14:00:00+02:00,8.807
2023-06-26 15:00:00+02:00,9.037
2023-06-26 16:00:00+02:00,9.355
2023-06-26 17:00:00+02:00,8.144
2023-06-26 18:00:00+02:00,7.737
2023-06-26 19:00:00+02:00,7.45
2023-06-26 20:00:00+02:00,7.304
2023-06-26 21:00:00+02:00,7.254
2023-06-26 22:00:00+02:00,4.101
2023-06-26 23:00:00+02:00,4.188
2023-06-27 00:00:00+02:00,3.973
2023-06-27 01:00:00+02:00,3.225
2023-06-27 02:00:00+02:00,3.322
2023-06-27 03:00:00+02:00,3.585
2023-06-27 04:00:00+02:00,4.287
2023-06-27 05:00:00+02:00,5.276
2023-06-27 06:00:00+02:00,6.736
2023-06-27 07:00:00+02:00,6.646
2023-06-27 08:00:00+02:00,5.908
2023-06-27 09:00:00+02:00,5.759
2023-06-27 10:00:00+02:00,5.366
2023-06-27 11:00:00+02:00,5.579
2023-06-27 12:00:00+02:00,5.241
2023-06-27 13:00:00+02:00,5.221
2023-06-27 14:00:00+02:00,5.352
2023-06-27 15:00:00+02:00,5.734
2023-06-27 16:00:00+02:00,5.604
2023-06-27 17:00:00+02:00,5.545
2023-06-27 18:00:00+02:00,5.588
2023-06-27 19:00:00+02:00,5.935
2023-06-27 20:00:00+02:00,5.73
2023-06-27 21:00:00+02:00,5.649
2023-06-27 22:00:00+02:00,6.244
2023-06-27 23:00:00+02:00,6.435
2023-06-28 00:00:00+02:00,6.613
2023-06-28 01:00:00+02:00,6.936
2023-06-28 02:00:00+02:00,7.139
2023-06-28 03:00:00+02:00,7.68
2023-06-28 04:00:00+02:00,8.145
2023-06-28 05:00:00+02:00,8.534
2023-06-28 06:00:00+02:00,9.1
2023-06-28 07:00:00+02:00,9.358
2023-06-28 08:00:00+02:00,8.731
2023-06-28 09:00:00+02:00,8.866
2023-06-28 10:00:00+02:00,8.923
2023-06-28 11:00:00+02:00,8.705
2023-06-28 12:00:00+02:00,8.919
2023-06-28 13:00:00+02:00,8.755
2023-06-28 14:00:00+02:00,8.574
2023-06-28 15:00:00+02:00,7.868
2023-06-28 16:00:00+02:00,8.02
2023-06-28 17:00:00+02:00,7.775
2023-06-28 18:00:00+02:00,7.266
2023-06-28 19:00:00+02:00,7.012
2023-06-28 20:00:00+02:00,7.158
2023-06-28 21:00:00+02:00,7.332
2023-06-28 22:00:00+02:00,7.428
2023-06-28 23:00:00+02:00,6.997
2023-06-29 00:00:00+02:00,7.393
2023-06-29 01:00:00+02:00,6.907
2023-06-29 02:00:00+02:00,5.063
2023-06-29 03:00:00+02:00,4.955
2023-06-29 04:00:00+02:00,4.216
2023-06-29 05:00:00+02:00,4.503
2023-06-29 06:00:00+02:00,4.725
2023-06-29 07:00:00+02:00,4.511
2023-06-29 08:00:00+02:00,4.426
2023-06-29 09:00:00+02:00,4.217
2023-06-29 10:00:00+02:00,3.917
2023-06-29 11:00:00+02:00,4.853
2023-06-29 12:00:00+02:00,6.501
2023-06-29 13:00:00+02:00,7.572
2023-06-29 14:00:00+02:00,5.177
2023-06-29 15:00:00+02:00,5.579
2023-06-29 16:00:00+02:00,8.234
2023-06-29 17:00:00+02:00,10.487
2023-06-29 18:00:00+02:00,11.115
2023-06-29 19:00:00+02:00,14.29
2023-06-29 20:00:00+02:00,13.752
2023-06-29 21:00:00+02:00,14.292
2023-06-29 22:00:00+02:00,14.809
2023-06-29 23:00:00+02:00,13.867
2023-06-30 00:00:00+02:00,13.901
2023-06-30 01:00:00+02:00,15.885
2023-06-30 02:00:00+02:00,16.093
2023-06-30 03:00:00+02:00,19.357
2023-06-30 04:00:00+02:00,17.166
2023-06-30 05:00:00+02:00,18.154
2023-06-30 06:00:00+02:00,8.85
2023-06-30 07:00:00+02:00,2.901
2023-06-30 08:00:00+02:00,3.07
2023-06-30 09:00:00+02:00,2.318
2023-06-30 10:00:00+02:00,2.812
2023-06-30 11:00:00+02:00,4.132
2023-06-30 12:00:00+02:00,4.866
2023-06-30 13:00:00+02:00,4.775
2023-06-30 14:00:00+02:00,4.761
2023-06-30 15:00:00+02:00,4.798
2023-06-30 16:00:00+02:00,4.86
2023-06-30 17:00:00+02:00,4.829
2023-06-30 18:00:00+02:00,3.911
2023-06-30 19:00:00+02:00,4.235
2023-06-30 20:00:00+02:00,4.398
2023-06-30 21:00:00+02:00,4.161
2023-06-30 22:00:00+02:00,3.445
2023-06-30 23:00:00+02:00,3.53
2023-07-01 00:00:00+02:00,3.727
2023-07-01 00:00:00+02:00,3.727
2023-07-01 01:00:00+02:00,3.902
2023-07-01 02:00:00+02:00,3.772
2023-07-01 03:00:00+02:00,3.762
2023-07-01 04:00:00+02:00,3.729
2023-07-01 05:00:00+02:00,3.738
2023-07-01 06:00:00+02:00,3.243
2023-07-01 07:00:00+02:00,3.026
2023-07-01 08:00:00+02:00,3.138
2023-07-01 09:00:00+02:00,4.257
2023-07-01 10:00:00+02:00,4.708
2023-07-01 11:00:00+02:00,5.642
2023-07-01 12:00:00+02:00,6.294
2023-07-01 13:00:00+02:00,7.5
2023-07-01 14:00:00+02:00,7.311
2023-07-01 15:00:00+02:00,6.801
2023-07-01 16:00:00+02:00,6.458
2023-07-01 17:00:00+02:00,3.663
2023-07-01 18:00:00+02:00,2.711
2023-07-01 19:00:00+02:00,3.041
2023-07-01 20:00:00+02:00,5.085
2023-07-01 21:00:00+02:00,5.445
2023-07-01 22:00:00+02:00,5.067
2023-07-01 23:00:00+02:00,4.392
2023-07-02 00:00:00+02:00,4.076
2023-07-02 01:00:00+02:00,4.045
2023-07-02 02:00:00+02:00,4.138
2023-07-02 03:00:00+02:00,4.301
2023-07-02 04:00:00+02:00,4.491
2023-07-02 05:00:00+02:00,4.892
2023-07-02 06:00:00+02:00,5.887
2023-07-02 07:00:00+02:00,6.27
2023-07-02 08:00:00+02:00,7.504
2023-07-02 09:00:00+02:00,7.867
2023-07-02 10:00:00+02:00,7.592
2023-07-02 11:00:00+02:00,8.702
2023-07-02 12:00:00+02:00,8.293
2023-07-02 13:00:00+02:00,7.186
2023-07-02 14:00:00+02:00,4.027
2023-07-02 15:00:00+02:00,4.602
2023-07-02 16:00:00+02:00,4.944
2023-07-02 17:00:00+02:00,4.766
2023-07-02 18:00:00+02:00,4.842
2023-07-02 19:00:00+02:00,5.146
2023-07-02 20:00:00+02:00,5.391
2023-07-02 21:00:00+02:00,5.564
2023-07-02 22:00:00+02:00,5.65
2023-07-02 23:00:00+02:00,6.273
2023-07-03 00:00:00+02:00,6.14
2023-07-03 01:00:00+02:00,6.299
2023-07-03 02:00:00+02:00,5.671
2023-07-03 03:00:00+02:00,4.794
2023-07-03 04:00:00+02:00,5.45
2023-07-03 05:00:00+02:00,5.441
2023-07-03 06:00:00+02:00,4.85
2023-07-03 07:00:00+02:00,4.798
2023-07-03 08:00:00+02:00,4.529
2023-07-03 09:00:00+02:00,3.657
2023-07-03 10:00:00+02:00,3.136
2023-07-03 11:00:00+02:00,3.464
2023-07-03 12:00:00+02:00,3.641
2023-07-03 13:00:00+02:00,3.984
2023-07-03 14:00:00+02:00,4.103
2023-07-03 15:00:00+02:00,4.495
2023-07-03 16:00:00+02:00,4.781
2023-07-03 17:00:00+02:00,5.203
2023-07-03 18:00:00+02:00,4.523
2023-07-03 19:00:00+02:00,4.842
2023-07-03 20:00:00+02:00,4.578
2023-07-03 21:00:00+02:00,3.994
2023-07-03 22:00:00+02:00,3.481
2023-07-03 23:00:00+02:00,3.858
2023-07-04 00:00:00+02:00,4.27
2023-07-04 01:00:00+02:00,4.097
2023-07-04 02:00:00+02:00,4.211
2023-07-04 03:00:00+02:00,4.365
2023-07-04 04:00:00+02:00,4.425
2023-07-04 05:00:00+02:00,4.755
2023-07-04 06:00:00+02:00,3.831
2023-07-04 07:00:00+02:00,1.978
2023-07-04 08:00:00+02:00,1.412
2023-07-04 09:00:00+02:00,2.016
2023-07-04 10:00:00+02:00,3.388
2023-07-04 11:00:00+02:00,3.885
2023-07-04 12:00:00+02:00,3.938
2023-07-04 13:00:00+02:00,3.881
2023-07-04 14:00:00+02:00,4.79
2023-07-04 15:00:00+02:00,3.948
2023-07-04 16:00:00+02:00,4.823
2023-07-04 17:00:00+02:00,4.476
2023-07-04 18:00:00+02:00,5.108
2023-07-04 19:00:00+02:00,5.698
2023-07-04 20:00:00+02:00,5.314
2023-07-04 21:00:00+02:00,5.81
2023-07-04 22:00:00+02:00,5.329
2023-07-04 23:00:00+02:00,5.49
2023-07-05 00:00:00+02:00,5.284
2023-07-05 01:00:00+02:00,5.749
2023-07-05 02:00:00+02:00,5.954
2023-07-05 03:00:00+02:00,6.062
2023-07-05 04:00:00+02:00,6.035
2023-07-05 05:00:00+02:00,5.484
2023-07-05 06:00:00+02:00,5.304
2023-07-05 07:00:00+02:00,5.291
2023-07-05 08:00:00+02:00,5.595
2023-07-05 09:00:00+02:00,5.793
2023-07-05 10:00:00+02:00,4.776
2023-07-05 11:00:00+02:00,5.387
2023-07-05 12:00:00+02:00,6.595
2023-07-05 13:00:00+02:00,5.868
2023-07-05 14:00:00+02:00,4.997
2023-07-05 15:00:00+02:00,6.328
2023-07-05 16:00:00+02:00,8.048
2023-07-05 17:00:00+02:00,8.131
2023-07-05 18:00:00+02:00,8.379
2023-07-05 19:00:00+02:00,6.461
2023-07-05 20:00:00+02:00,5.139
2023-07-05 21:00:00+02:00,4.777
2023-07-05 22:00:00+02:00,5.224
2023-07-05 23:00:00+02:00,3.276
2023-07-06 00:00:00+02:00,3.067
2023-07-06 01:00:00+02:00,2.809
2023-07-06 02:00:00+02:00,2.612
2023-07-06 03:00:00+02:00,3.36
2023-07-06 04:00:00+02:00,3.35
2023-07-06 05:00:00+02:00,2.345
2023-07-06 06:00:00+02:00,2.286
2023-07-06 07:00:00+02:00,3.117
2023-07-06 08:00:00+02:00,2.538
2023-07-06 09:00:00+02:00,2.974
2023-07-06 10:00:00+02:00,2.962
2023-07-06 11:00:00+02:00,2.923
2023-07-06 12:00:00+02:00,3.785
2023-07-06 13:00:00+02:00,4.192
2023-07-06 14:00:00+02:00,4.783
2023-07-06 15:00:00+02:00,4.279
2023-07-06 16:00:00+02:00,
2023-07-06 17:00:00+02:00,
2023-07-06 18:00:00+02:00,
2023-07-06 19:00:00+02:00,
2023-07-06 20:00:00+02:00,
2023-07-06 21:00:00+02:00,
2023-07-06 22:00:00+02:00,
2023-07-06 23:00:00+02:00,
2023-07-07 00:00:00+02:00,
2023-07-07 01:00:00+02:00,
2023-07-07 02:00:00+02:00,
2023-07-07 03:00:00+02:00,
2023-07-07 04:00:00+02:00,
2023-07-07 05:00:00+02:00,
2023-07-07 06:00:00+02:00,
2023-07-07 07:00:00+02:00,
2023-07-07 08:00:00+02:00,
2023-07-07 09:00:00+02:00,3.451
2023-07-07 10:00:00+02:00,3.701
2023-07-07 11:00:00+02:00,3.941
2023-07-07 12:00:00+02:00,4.279
2023-07-07 13:00:00+02:00,5.118
2023-07-07 14:00:00+02:00,5.104
2023-07-07 15:00:00+02:00,5.358
2023-07-07 16:00:00+02:00,5.5
2023-07-07 17:00:00+02:00,5.388
2023-07-07 18:00:00+02:00,4.924
2023-07-07 19:00:00+02:00,4.153
2023-07-07 20:00:00+02:00,3.493
2023-07-07 21:00:00+02:00,3.042
2023-07-07 22:00:00+02:00,3.931
2023-07-07 23:00:00+02:00,4.603
2023-07-08 00:00:00+02:00,5.087
2023-07-08 01:00:00+02:00,6.67
2023-07-08 02:00:00+02:00,7.038
2023-07-08 03:00:00+02:00,7.14
2023-07-08 04:00:00+02:00,5.513
2023-07-08 05:00:00+02:00,4.729
2023-07-08 06:00:00+02:00,3.704
2023-07-08 07:00:00+02:00,3.713
2023-07-08 08:00:00+02:00,3.557
2023-07-08 09:00:00+02:00,3.798
2023-07-08 10:00:00+02:00,4.032
2023-07-08 11:00:00+02:00,4.183
2023-07-08 12:00:00+02:00,4.35
2023-07-08 13:00:00+02:00,4.692
2023-07-08 14:00:00+02:00,4.531
2023-07-08 15:00:00+02:00,4.807
2023-07-08 16:00:00+02:00,5.065
2023-07-08 17:00:00+02:00,5.014
2023-07-08 18:00:00+02:00,4.792
2023-07-08 19:00:00+02:00,4.865
2023-07-08 20:00:00+02:00,4.735
2023-07-08 21:00:00+02:00,5.166
2023-07-08 22:00:00+02:00,5.971
2023-07-08 23:00:00+02:00,6.983
2023-07-09 00:00:00+02:00,5.844
2023-07-09 01:00:00+02:00,5.69
2023-07-09 02:00:00+02:00,6.172
2023-07-09 03:00:00+02:00,5.981
2023-07-09 04:00:00+02:00,5.308
2023-07-09 05:00:00+02:00,5.339
2023-07-09 06:00:00+02:00,5.381
2023-07-09 07:00:00+02:00,5.322
2023-07-09 08:00:00+02:00,5.288
2023-07-09 09:00:00+02:00,5.176
2023-07-09 10:00:00+02:00,4.83
2023-07-09 11:00:00+02:00,5.057
2023-07-09 12:00:00+02:00,5.089
2023-07-09 13:00:00+02:00,4.853
2023-07-09 14:00:00+02:00,4.166
2023-07-09 15:00:00+02:00,2.716
2023-07-09 16:00:00+02:00,2.678
2023-07-09 17:00:00+02:00,2.921
2023-07-09 18:00:00+02:00,3.305
2023-07-09 19:00:00+02:00,3.685
2023-07-09 20:00:00+02:00,4.225
2023-07-09 21:00:00+02:00,5.824
2023-07-09 22:00:00+02:00,6.114
2023-07-09 23:00:00+02:00,5.561
2023-07-10 00:00:00+02:00,7.169
2023-07-10 01:00:00+02:00,6.542
2023-07-10 02:00:00+02:00,9.043
2023-07-10 03:00:00+02:00,5.644
2023-07-10 04:00:00+02:00,5.749
2023-07-10 05:00:00+02:00,6.139
2023-07-10 06:00:00+02:00,8.641
2023-07-10 07:00:00+02:00,4.741
2023-07-10 08:00:00+02:00,5.142
2023-07-10 09:00:00+02:00,5.984
2023-07-10 10:00:00+02:00,6.466
2023-07-10 11:00:00+02:00,6.875
2023-07-10 12:00:00+02:00,7.446
2023-07-10 13:00:00+02:00,7.643
2023-07-10 14:00:00+02:00,8.456
2023-07-10 15:00:00+02:00,9.864
2023-07-10 16:00:00+02:00,7.975
2023-07-10 17:00:00+02:00,7.402
2023-07-10 18:00:00+02:00,7.938
2023-07-10 19:00:00+02:00,7.951
2023-07-10 20:00:00+02:00,8.449
2023-07-10 21:00:00+02:00,8.693
2023-07-10 22:00:00+02:00,6.792
2023-07-10 23:00:00+02:00,5.03
2023-07-11 00:00:00+02:00,4.486
2023-07-11 01:00:00+02:00,4.696
2023-07-11 02:00:00+02:00,5.017
2023-07-11 03:00:00+02:00,5.567
2023-07-11 04:00:00+02:00,5.96
2023-07-11 05:00:00+02:00,6.422
2023-07-11 06:00:00+02:00,6.811
2023-07-11 07:00:00+02:00,7.076
2023-07-11 08:00:00+02:00,8.003
2023-07-11 09:00:00+02:00,8.372
2023-07-11 10:00:00+02:00,6.791
2023-07-11 11:00:00+02:00,4.876
2023-07-11 12:00:00+02:00,4.433
2023-07-11 13:00:00+02:00,4.657
2023-07-11 14:00:00+02:00,4.86
2023-07-11 15:00:00+02:00,5.574
2023-07-11 16:00:00+02:00,6.044
2023-07-11 17:00:00+02:00,5.942
2023-07-11 18:00:00+02:00,5.593
2023-07-11 19:00:00+02:00,5.497
2023-07-11 20:00:00+02:00,5.713
2023-07-11 21:00:00+02:00,5.669
2023-07-11 22:00:00+02:00,5.268
2023-07-11 23:00:00+02:00,4.577
2023-07-12 00:00:00+02:00,4.309
2023-07-12 01:00:00+02:00,4.517
2023-07-12 02:00:00+02:00,4.554
2023-07-12 03:00:00+02:00,4.152
2023-07-12 04:00:00+02:00,4.421
2023-07-12 05:00:00+02:00,4.938
2023-07-12 06:00:00+02:00,5.47
2023-07-12 07:00:00+02:00,7.06
2023-07-12 08:00:00+02:00,7.418
2023-07-12 09:00:00+02:00,8.33
2023-07-12 10:00:00+02:00,5.417
2023-07-12 11:00:00+02:00,4.222
2023-07-12 12:00:00+02:00,5.423
2023-07-12 13:00:00+02:00,7.327
2023-07-12 14:00:00+02:00,7.019
2023-07-12 15:00:00+02:00,4.3
2023-07-12 16:00:00+02:00,2.682
2023-07-12 17:00:00+02:00,2.58
2023-07-12 18:00:00+02:00,3.703
2023-07-12 19:00:00+02:00,4.199
2023-07-12 20:00:00+02:00,4.495
2023-07-12 21:00:00+02:00,3.458
2023-07-12 22:00:00+02:00,3.872
2023-07-12 23:00:00+02:00,3.619
2023-07-13 00:00:00+02:00,3.43
2023-07-13 01:00:00+02:00,3.449
2023-07-13 02:00:00+02:00,3.594
2023-07-13 03:00:00+02:00,4.092
2023-07-13 04:00:00+02:00,4.417
2023-07-13 05:00:00+02:00,4.495
2023-07-13 06:00:00+02:00,4.748
2023-07-13 07:00:00+02:00,5.406
2023-07-13 08:00:00+02:00,5.082
2023-07-13 09:00:00+02:00,5.201
2023-07-13 10:00:00+02:00,5.107
2023-07-13 11:00:00+02:00,5.119
2023-07-13 12:00:00+02:00,4.957
2023-07-13 13:00:00+02:00,5.153
2023-07-13 14:00:00+02:00,3.523
2023-07-13 15:00:00+02:00,2.702
2023-07-13 16:00:00+02:00,3.773
2023-07-13 17:00:00+02:00,3.126
2023-07-13 18:00:00+02:00,3.18
2023-07-13 19:00:00+02:00,2.718
2023-07-13 20:00:00+02:00,2.339
2023-07-13 21:00:00+02:00,3.206
2023-07-13 22:00:00+02:00,3.23
2023-07-13 23:00:00+02:00,2.806
2023-07-14 00:00:00+02:00,2.669
2023-07-14 01:00:00+02:00,2.771
2023-07-14 02:00:00+02:00,2.882
2023-07-14 03:00:00+02:00,3.1
2023-07-14 04:00:00+02:00,3.426
2023-07-14 05:00:00+02:00,3.875
2023-07-14 06:00:00+02:00,4.231
2023-07-14 07:00:00+02:00,4.424
2023-07-14 08:00:00+02:00,4.38
2023-07-14 09:00:00+02:00,4.573
2023-07-14 10:00:00+02:00,4.46
2023-07-14 11:00:00+02:00,4.631
2023-07-14 12:00:00+02:00,4.164
2023-07-14 13:00:00+02:00,3.69
2023-07-14 14:00:00+02:00,3.19
2023-07-14 15:00:00+02:00,3.541
2023-07-14 16:00:00+02:00,3.866
2023-07-14 17:00:00+02:00,4.076
2023-07-14 18:00:00+02:00,4.008
2023-07-14 19:00:00+02:00,3.916
2023-07-14 20:00:00+02:00,3.82
2023-07-14 21:00:00+02:00,3.798
2023-07-14 22:00:00+02:00,3.748
2023-07-14 23:00:00+02:00,4.331
2023-07-15 00:00:00+02:00,4.673
2023-07-15 01:00:00+02:00,4.88
2023-07-15 02:00:00+02:00,3.946
2023-07-15 03:00:00+02:00,3.078
2023-07-15 04:00:00+02:00,3.007
2023-07-15 05:00:00+02:00,3.698
2023-07-15 06:00:00+02:00,4.031
2023-07-15 07:00:00+02:00,4.403
2023-07-15 08:00:00+02:00,4.908
2023-07-15 09:00:00+02:00,5.496
2023-07-15 10:00:00+02:00,6.786
2023-07-15 11:00:00+02:00,7.607
2023-07-15 12:00:00+02:00,8.489
2023-07-15 13:00:00+02:00,8.856
2023-07-15 14:00:00+02:00,8.746
2023-07-15 15:00:00+02:00,9.378
2023-07-15 16:00:00+02:00,9.338
2023-07-15 17:00:00+02:00,9.215
2023-07-15 18:00:00+02:00,9.499
2023-07-15 19:00:00+02:00,9.526
2023-07-15 20:00:00+02:00,9.584
2023-07-15 21:00:00+02:00,9.092
2023-07-15 22:00:00+02:00,8.066
2023-07-15 23:00:00+02:00,6.601
2023-07-16 00:00:00+02:00,6.185
2023-07-16 01:00:00+02:00,4.409
2023-07-16 02:00:00+02:00,4.976
2023-07-16 03:00:00+02:00,5.177
2023-07-16 04:00:00+02:00,6.076
2023-07-16 05:00:00+02:00,3.798
2023-07-16 06:00:00+02:00,2.478
2023-07-16 07:00:00+02:00,2.208
2023-07-16 08:00:00+02:00,2.647
2023-07-16 09:00:00+02:00,3.407
2023-07-16 10:00:00+02:00,3.985
2023-07-16 11:00:00+02:00,5.232
2023-07-16 12:00:00+02:00,6.53
2023-07-16 13:00:00+02:00,6.406
2023-07-16 14:00:00+02:00,6.059
2023-07-16 15:00:00+02:00,6.085
2023-07-16 16:00:00+02:00,5.75
2023-07-16 17:00:00+02:00,5.765
2023-07-16 18:00:00+02:00,5.917
2023-07-16 19:00:00+02:00,5.36
2023-07-16 20:00:00+02:00,5.617
2023-07-16 21:00:00+02:00,6.095
2023-07-16 22:00:00+02:00,6.588
2023-07-16 23:00:00+02:00,6.889
2023-07-17 00:00:00+02:00,7.391
2023-07-17 01:00:00+02:00,7.565
2023-07-17 02:00:00+02:00,7.556
2023-07-17 03:00:00+02:00,7.856
2023-07-17 04:00:00+02:00,7.933
2023-07-17 05:00:00+02:00,7.669
2023-07-17 06:00:00+02:00,7.709
2023-07-17 07:00:00+02:00,7.643
2023-07-17 08:00:00+02:00,7.472
2023-07-17 09:00:00+02:00,6.329
2023-07-17 10:00:00+02:00,5.401
2023-07-17 11:00:00+02:00,4.392
2023-07-17 12:00:00+02:00,2.986
2023-07-17 13:00:00+02:00,4.744
2023-07-17 14:00:00+02:00,4.201
2023-07-17 15:00:00+02:00,2.837
2023-07-17 16:00:00+02:00,3.041
2023-07-17 17:00:00+02:00,4.267
2023-07-17 18:00:00+02:00,3.498
2023-07-17 19:00:00+02:00,4.39
2023-07-17 20:00:00+02:00,4.916
2023-07-17 21:00:00+02:00,4.502
2023-07-17 22:00:00+02:00,4.561
2023-07-17 23:00:00+02:00,4.757
2023-07-18 00:00:00+02:00,4.271
2023-07-18 01:00:00+02:00,4.106
2023-07-18 02:00:00+02:00,4.136
2023-07-18 03:00:00+02:00,4.624
2023-07-18 04:00:00+02:00,4.734
2023-07-18 05:00:00+02:00,4.907
2023-07-18 06:00:00+02:00,4.68
2023-07-18 07:00:00+02:00,4.537
2023-07-18 08:00:00+02:00,4.451
2023-07-18 09:00:00+02:00,3.728
2023-07-18 10:00:00+02:00,3.638
2023-07-18 11:00:00+02:00,3.869
2023-07-18 12:00:00+02:00,3.36
2023-07-18 13:00:00+02:00,2.977
2023-07-18 14:00:00+02:00,2.69
2023-07-18 15:00:00+02:00,2.903
2023-07-18 16:00:00+02:00,3.304
2023-07-18 17:00:00+02:00,3.806
2023-07-18 18:00:00+02:00,3.592
2023-07-18 19:00:00+02:00,3.07
2023-07-18 20:00:00+02:00,3.006
2023-07-18 21:00:00+02:00,3.354
2023-07-18 22:00:00+02:00,3.287
2023-07-18 23:00:00+02:00,3.101
2023-07-19 00:00:00+02:00,3.1
2023-07-19 01:00:00+02:00,2.876
2023-07-19 02:00:00+02:00,2.747
2023-07-19 03:00:00+02:00,2.747
2023-07-19 04:00:00+02:00,2.886
2023-07-19 05:00:00+02:00,3.025
2023-07-19 06:00:00+02:00,3.266
2023-07-19 07:00:00+02:00,4.115
2023-07-19 08:00:00+02:00,3.944
2023-07-19 09:00:00+02:00,4.397
2023-07-19 10:00:00+02:00,4.505
2023-07-19 11:00:00+02:00,4.394
2023-07-19 12:00:00+02:00,4.268
2023-07-19 13:00:00+02:00,3.524
2023-07-19 14:00:00+02:00,3.766
2023-07-19 15:00:00+02:00,3.554
2023-07-19 16:00:00+02:00,3.983
2023-07-19 17:00:00+02:00,3.763
2023-07-19 18:00:00+02:00,2.837
2023-07-19 19:00:00+02:00,3.415
2023-07-19 20:00:00+02:00,2.887
2023-07-19 21:00:00+02:00,2.628
2023-07-19 22:00:00+02:00,2.785
2023-07-19 23:00:00+02:00,2.592
2023-07-20 00:00:00+02:00,1.982
2023-07-20 01:00:00+02:00,1.724
2023-07-20 02:00:00+02:00,1.733
2023-07-20 03:00:00+02:00,1.937
2023-07-20 04:00:00+02:00,2.05
2023-07-20 05:00:00+02:00,2.244
2023-07-20 06:00:00+02:00,2.401
2023-07-20 07:00:00+02:00,2.371
2023-07-20 08:00:00+02:00,2.899
2023-07-20 09:00:00+02:00,3.786
2023-07-20 10:00:00+02:00,3.956
2023-07-20 11:00:00+02:00,3.654
2023-07-20 12:00:00+02:00,3.31
2023-07-20 13:00:00+02:00,2.305
2023-07-20 14:00:00+02:00,2.368
2023-07-20 15:00:00+02:00,2.018
2023-07-20 16:00:00+02:00,2.351
2023-07-20 17:00:00+02:00,2.11
2023-07-20 18:00:00+02:00,2.054
2023-07-20 19:00:00+02:00,3.058
2023-07-20 20:00:00+02:00,3.764
2023-07-20 21:00:00+02:00,4.712
2023-07-20 22:00:00+02:00,5.137
2023-07-20 23:00:00+02:00,5.077
2023-07-21 00:00:00+02:00,4.727
2023-07-21 01:00:00+02:00,4.664
2023-07-21 02:00:00+02:00,4.962
2023-07-21 03:00:00+02:00,5.063
2023-07-21 04:00:00+02:00,5.495
2023-07-21 05:00:00+02:00,5.54
2023-07-21 06:00:00+02:00,5.346
2023-07-21 07:00:00+02:00,5.176
2023-07-21 08:00:00+02:00,4.601
2023-07-21 09:00:00+02:00,4.453
2023-07-21 10:00:00+02:00,4.6
2023-07-21 11:00:00+02:00,4.318
2023-07-21 12:00:00+02:00,4.259
2023-07-21 13:00:00+02:00,4.067
2023-07-21 14:00:00+02:00,3.287
2023-07-21 15:00:00+02:00,3.6
2023-07-21 16:00:00+02:00,3.806
2023-07-21 17:00:00+02:00,4.086
2023-07-21 18:00:00+02:00,3.696
2023-07-21 19:00:00+02:00,3.895
2023-07-21 20:00:00+02:00,3.676
2023-07-21 21:00:00+02:00,2.592
2023-07-21 22:00:00+02:00,3.085
2023-07-21 23:00:00+02:00,3.162
2023-07-22 00:00:00+02:00,2.872
2023-07-22 01:00:00+02:00,2.624
2023-07-22 02:00:00+02:00,2.743
2023-07-22 03:00:00+02:00,3.622
2023-07-22 04:00:00+02:00,2.381
2023-07-22 05:00:00+02:00,2.594
2023-07-22 06:00:00+02:00,3.548
2023-07-22 07:00:00+02:00,3.834
2023-07-22 08:00:00+02:00,3.852
2023-07-22 09:00:00+02:00,3.53
2023-07-22 10:00:00+02:00,3.378
2023-07-22 11:00:00+02:00,2.585
2023-07-22 12:00:00+02:00,1.819
2023-07-22 13:00:00+02:00,1.872
2023-07-22 14:00:00+02:00,1.801
2023-07-22 15:00:00+02:00,2.026
2023-07-22 16:00:00+02:00,2.082
2023-07-22 17:00:00+02:00,1.847
2023-07-22 18:00:00+02:00,2.326
2023-07-22 19:00:00+02:00,2.752
2023-07-22 20:00:00+02:00,2.897
2023-07-22 21:00:00+02:00,2.885
2023-07-22 22:00:00+02:00,2.347
2023-07-22 23:00:00+02:00,2.653
2023-07-23 00:00:00+02:00,3.34
2023-07-23 01:00:00+02:00,3.193
2023-07-23 02:00:00+02:00,3.266
2023-07-23 03:00:00+02:00,3.238
2023-07-23 04:00:00+02:00,3.28
2023-07-23 05:00:00+02:00,3.112
2023-07-23 06:00:00+02:00,4.829
2023-07-23 07:00:00+02:00,7.399
2023-07-23 08:00:00+02:00,4.448
2023-07-23 09:00:00+02:00,4.751
2023-07-23 10:00:00+02:00,3.161
2023-07-23 11:00:00+02:00,3.601
2023-07-23 12:00:00+02:00,5.978
2023-07-23 13:00:00+02:00,6.247
2023-07-23 14:00:00+02:00,5.209
2023-07-23 15:00:00+02:00,1.948
2023-07-23 16:00:00+02:00,3.508
2023-07-23 17:00:00+02:00,5.332
2023-07-23 18:00:00+02:00,5.431
2023-07-23 19:00:00+02:00,5.527
2023-07-23 20:00:00+02:00,3.785
2023-07-23 21:00:00+02:00,4.303
2023-07-23 22:00:00+02:00,3.581
2023-07-23 23:00:00+02:00,2.695
2023-07-24 00:00:00+02:00,5.036
2023-07-24 01:00:00+02:00,5.773
2023-07-24 02:00:00+02:00,5.707
2023-07-24 03:00:00+02:00,5.569
2023-07-24 04:00:00+02:00,5.821
2023-07-24 05:00:00+02:00,5.947
2023-07-24 06:00:00+02:00,5.813
2023-07-24 07:00:00+02:00,5.728
2023-07-24 08:00:00+02:00,6.15
2023-07-24 09:00:00+02:00,7.525
2023-07-24 10:00:00+02:00,8.093
2023-07-24 11:00:00+02:00,8.034
2023-07-24 12:00:00+02:00,8.63
2023-07-24 13:00:00+02:00,7.804
2023-07-24 14:00:00+02:00,7.949
2023-07-24 15:00:00+02:00,7.787
2023-07-24 16:00:00+02:00,5.696
2023-07-24 17:00:00+02:00,5.299
2023-07-24 18:00:00+02:00,4.81
2023-07-24 19:00:00+02:00,4.606
2023-07-24 20:00:00+02:00,4.523
2023-07-24 21:00:00+02:00,4.475
2023-07-24 22:00:00+02:00,5.562
2023-07-24 23:00:00+02:00,4.072
2023-07-25 00:00:00+02:00,3.348
2023-07-25 01:00:00+02:00,2.748
2023-07-25 02:00:00+02:00,2.34
2023-07-25 03:00:00+02:00,3.245
2023-07-25 04:00:00+02:00,2.137
2023-07-25 05:00:00+02:00,2.507
2023-07-25 06:00:00+02:00,3.254
2023-07-25 07:00:00+02:00,4.421
2023-07-25 08:00:00+02:00,5.224
2023-07-25 09:00:00+02:00,5.566
2023-07-25 10:00:00+02:00,5.19
2023-07-25 11:00:00+02:00,5.04
2023-07-25 12:00:00+02:00,5.132
2023-07-25 13:00:00+02:00,4.902
2023-07-25 14:00:00+02:00,4.352
2023-07-25 15:00:00+02:00,4.184
2023-07-25 16:00:00+02:00,4.586
2023-07-25 17:00:00+02:00,4.657
2023-07-25 18:00:00+02:00,4.598
2023-07-25 19:00:00+02:00,3.692
2023-07-25 20:00:00+02:00,3.152
2023-07-25 21:00:00+02:00,3.724
2023-07-25 22:00:00+02:00,3.55
2023-07-25 23:00:00+02:00,3.721
2023-07-26 00:00:00+02:00,3.664
2023-07-26 01:00:00+02:00,3.724
2023-07-26 02:00:00+02:00,3.856
2023-07-26 03:00:00+02:00,3.738
2023-07-26 04:00:00+02:00,3.869
2023-07-26 05:00:00+02:00,3.746
2023-07-26 06:00:00+02:00,3.898
2023-07-26 07:00:00+02:00,3.826
2023-07-26 08:00:00+02:00,3.925
2023-07-26 09:00:00+02:00,3.78
2023-07-26 10:00:00+02:00,3.512
2023-07-26 11:00:00+02:00,3.18
2023-07-26 12:00:00+02:00,3.061
2023-07-26 13:00:00+02:00,2.704
2023-07-26 14:00:00+02:00,2.898
2023-07-26 15:00:00+02:00,2.773
2023-07-26 16:00:00+02:00,2.843
2023-07-26 17:00:00+02:00,2.665
2023-07-26 18:00:00+02:00,2.413
2023-07-26 19:00:00+02:00,2.302
2023-07-26 20:00:00+02:00,2.846
2023-07-26 21:00:00+02:00,2.634
2023-07-26 22:00:00+02:00,2.249
2023-07-26 23:00:00+02:00,3.012
2023-07-27 00:00:00+02:00,3.463
2023-07-27 01:00:00+02:00,3.692
2023-07-27 02:00:00+02:00,3.647
2023-07-27 03:00:00+02:00,3.208
2023-07-27 04:00:00+02:00,3.011
2023-07-27 05:00:00+02:00,2.858
2023-07-27 06:00:00+02:00,2.936
2023-07-27 07:00:00+02:00,2.7
2023-07-27 08:00:00+02:00,2.236
2023-07-27 09:00:00+02:00,2.881
2023-07-27 10:00:00+02:00,3.414
2023-07-27 11:00:00+02:00,3.347
2023-07-27 12:00:00+02:00,4.29
2023-07-27 13:00:00+02:00,4.973
2023-07-27 14:00:00+02:00,4.34
2023-07-27 15:00:00+02:00,4.554
2023-07-27 16:00:00+02:00,5.075
2023-07-27 17:00:00+02:00,3.25
2023-07-27 18:00:00+02:00,4.285
2023-07-27 19:00:00+02:00,5.55
2023-07-27 20:00:00+02:00,6.86
2023-07-27 21:00:00+02:00,7.91
2023-07-27 22:00:00+02:00,7.997
2023-07-27 23:00:00+02:00,8.668
2023-07-28 00:00:00+02:00,9.671
2023-07-28 01:00:00+02:00,10.994
2023-07-28 02:00:00+02:00,11.213
2023-07-28 03:00:00+02:00,13.637
2023-07-28 04:00:00+02:00,10.666
2023-07-28 05:00:00+02:00,9.608
2023-07-28 06:00:00+02:00,8.881
2023-07-28 07:00:00+02:00,9.314
2023-07-28 08:00:00+02:00,9.305
2023-07-28 09:00:00+02:00,10.296
2023-07-28 10:00:00+02:00,7.867
2023-07-28 11:00:00+02:00,6.126
2023-07-28 12:00:00+02:00,4.836
2023-07-28 13:00:00+02:00,4.652
2023-07-28 14:00:00+02:00,4.464
2023-07-28 15:00:00+02:00,5.592
2023-07-28 16:00:00+02:00,6.804
2023-07-28 17:00:00+02:00,6.134
2023-07-28 18:00:00+02:00,4.819
2023-07-28 19:00:00+02:00,4.159
2023-07-28 20:00:00+02:00,3.948
2023-07-28 21:00:00+02:00,4.224
2023-07-28 22:00:00+02:00,4.537
2023-07-28 23:00:00+02:00,5.374
2023-07-29 00:00:00+02:00,7.57
2023-07-29 01:00:00+02:00,9.053
2023-07-29 02:00:00+02:00,6.179
2023-07-29 03:00:00+02:00,5.425
2023-07-29 04:00:00+02:00,7.171
2023-07-29 05:00:00+02:00,11.315
2023-07-29 06:00:00+02:00,10.435
2023-07-29 07:00:00+02:00,8.822
2023-07-29 08:00:00+02:00,7.932
2023-07-29 09:00:00+02:00,6.227
2023-07-29 10:00:00+02:00,5.095
2023-07-29 11:00:00+02:00,4.33
2023-07-29 12:00:00+02:00,4.338
2023-07-29 13:00:00+02:00,3.565
2023-07-29 14:00:00+02:00,3.912
2023-07-29 15:00:00+02:00,3.593
2023-07-29 16:00:00+02:00,3.616
2023-07-29 17:00:00+02:00,5.152
2023-07-29 18:00:00+02:00,6.365
2023-07-29 19:00:00+02:00,7.052
2023-07-29 20:00:00+02:00,8.17
2023-07-29 21:00:00+02:00,8.964
2023-07-29 22:00:00+02:00,10.166
2023-07-29 23:00:00+02:00,8.07
2023-07-30 00:00:00+02:00,6.12
2023-07-30 01:00:00+02:00,5.106
2023-07-30 02:00:00+02:00,4.936
2023-07-30 03:00:00+02:00,4.596
2023-07-30 04:00:00+02:00,4.505
2023-07-30 05:00:00+02:00,4.511
2023-07-30 06:00:00+02:00,4.834
2023-07-30 07:00:00+02:00,5.226
2023-07-30 08:00:00+02:00,5.665
2023-07-30 09:00:00+02:00,5.99
2023-07-30 10:00:00+02:00,5.666
2023-07-30 11:00:00+02:00,5.387
2023-07-30 12:00:00+02:00,5.149
2023-07-30 13:00:00+02:00,4.87
2023-07-30 14:00:00+02:00,5.254
2023-07-30 15:00:00+02:00,4.978
2023-07-30 16:00:00+02:00,3.72
2023-07-30 17:00:00+02:00,4.621
2023-07-30 18:00:00+02:00,5.826
2023-07-30 19:00:00+02:00,5.742
2023-07-30 20:00:00+02:00,6.184
2023-07-30 21:00:00+02:00,5.567
2023-07-30 22:00:00+02:00,5.861
2023-07-30 23:00:00+02:00,5.687
2023-07-31 00:00:00+02:00,5.702
2023-07-31 01:00:00+02:00,5.31
2023-07-31 02:00:00+02:00,4.844
2023-07-31 03:00:00+02:00,4.53
2023-07-31 04:00:00+02:00,5.362
2023-07-31 05:00:00+02:00,5.405
2023-07-31 06:00:00+02:00,5.497
2023-07-31 07:00:00+02:00,4.643
2023-07-31 08:00:00+02:00,3.658
2023-07-31 09:00:00+02:00,3.592
2023-07-31 10:00:00+02:00,3.534
2023-07-31 11:00:00+02:00,4.292
2023-07-31 12:00:00+02:00,2.818
2023-07-31 13:00:00+02:00,5.665
2023-07-31 14:00:00+02:00,5.08
2023-07-31 15:00:00+02:00,5.539
2023-07-31 16:00:00+02:00,4.016
2023-07-31 17:00:00+02:00,2.79
2023-07-31 18:00:00+02:00,3.338
2023-07-31 19:00:00+02:00,3.371
2023-07-31 20:00:00+02:00,3.488
2023-07-31 21:00:00+02:00,3.19
2023-07-31 22:00:00+02:00,2.978
2023-07-31 23:00:00+02:00,2.664
2023-08-01 00:00:00+02:00,2.3
2023-08-01 00:00:00+02:00,2.3
2023-08-01 01:00:00+02:00,2.207
2023-08-01 02:00:00+02:00,1.904
2023-08-01 03:00:00+02:00,1.734
2023-08-01 04:00:00+02:00,1.369
2023-08-01 05:00:00+02:00,1.536
2023-08-01 06:00:00+02:00,1.531
2023-08-01 07:00:00+02:00,1.6
2023-08-01 08:00:00+02:00,1.739
2023-08-01 09:00:00+02:00,1.298
2023-08-01 10:00:00+02:00,0.961
2023-08-01 11:00:00+02:00,1.412
2023-08-01 12:00:00+02:00,1.913
2023-08-01 13:00:00+02:00,1.751
2023-08-01 14:00:00+02:00,2.113
2023-08-01 15:00:00+02:00,2.4
2023-08-01 16:00:00+02:00,2.152
2023-08-01 17:00:00+02:00,1.825
2023-08-01 18:00:00+02:00,1.986
2023-08-01 19:00:00+02:00,1.674
2023-08-01 20:00:00+02:00,2.104
2023-08-01 21:00:00+02:00,3.313
2023-08-01 22:00:00+02:00,2.02
2023-08-01 23:00:00+02:00,2.04
2023-08-02 00:00:00+02:00,2.863
2023-08-02 01:00:00+02:00,3.364
2023-08-02 02:00:00+02:00,2.537
2023-08-02 03:00:00+02:00,2.237
2023-08-02 04:00:00+02:00,1.912
2023-08-02 05:00:00+02:00,2.02
2023-08-02 06:00:00+02:00,2.777
2023-08-02 07:00:00+02:00,3.037
2023-08-02 08:00:00+02:00,2.838
2023-08-02 09:00:00+02:00,2.586
2023-08-02 10:00:00+02:00,2.891
2023-08-02 11:00:00+02:00,2.749
2023-08-02 12:00:00+02:00,2.286
2023-08-02 13:00:00+02:00,2.219
2023-08-02 14:00:00+02:00,2.531
2023-08-02 15:00:00+02:00,3.353
2023-08-02 16:00:00+02:00,3.006
2023-08-02 17:00:00+02:00,2.688
2023-08-02 18:00:00+02:00,2.562
2023-08-02 19:00:00+02:00,2.92
2023-08-02 20:00:00+02:00,3.547
2023-08-02 21:00:00+02:00,3.932
2023-08-02 22:00:00+02:00,4.978
2023-08-02 23:00:00+02:00,4.908
2023-08-03 00:00:00+02:00,4.31
2023-08-03 01:00:00+02:00,2.824
2023-08-03 02:00:00+02:00,2.772
2023-08-03 03:00:00+02:00,4.529
2023-08-03 04:00:00+02:00,3.935
2023-08-03 05:00:00+02:00,3.896
2023-08-03 06:00:00+02:00,4.094
2023-08-03 07:00:00+02:00,4.858
2023-08-03 08:00:00+02:00,4.036
2023-08-03 09:00:00+02:00,4.612
2023-08-03 10:00:00+02:00,4.624
2023-08-03 11:00:00+02:00,4.734
2023-08-03 12:00:00+02:00,3.382
2023-08-03 13:00:00+02:00,3.205
2023-08-03 14:00:00+02:00,2.506
2023-08-03 15:00:00+02:00,3.056
2023-08-03 16:00:00+02:00,3.175
2023-08-03 17:00:00+02:00,3.881
2023-08-03 18:00:00+02:00,3.796
2023-08-03 19:00:00+02:00,4.114
2023-08-03 20:00:00+02:00,3.114
2023-08-03 21:00:00+02:00,3.731
2023-08-03 22:00:00+02:00,4.542
2023-08-03 23:00:00+02:00,3.341
2023-08-04 00:00:00+02:00,3.25
2023-08-04 01:00:00+02:00,4.756
2023-08-04 02:00:00+02:00,6.094
2023-08-04 03:00:00+02:00,5.996
2023-08-04 04:00:00+02:00,5.591
2023-08-04 05:00:00+02:00,5.009
2023-08-04 06:00:00+02:00,5.262
2023-08-04 07:00:00+02:00,5.582
2023-08-04 08:00:00+02:00,5.654
2023-08-04 09:00:00+02:00,5.344
2023-08-04 10:00:00+02:00,5.267
2023-08-04 11:00:00+02:00,4.956
2023-08-04 12:00:00+02:00,4.652
2023-08-04 13:00:00+02:00,4.966
2023-08-04 14:00:00+02:00,4.483
2023-08-04 15:00:00+02:00,4.35
2023-08-04 16:00:00+02:00,4.53
2023-08-04 17:00:00+02:00,5.05
2023-08-04 18:00:00+02:00,4.748
2023-08-04 19:00:00+02:00,5.227
2023-08-04 20:00:00+02:00,5.622
2023-08-04 21:00:00+02:00,5.345
2023-08-04 22:00:00+02:00,5.131
2023-08-04 23:00:00+02:00,5.137
2023-08-05 00:00:00+02:00,4.993
2023-08-05 01:00:00+02:00,4.489
2023-08-05 02:00:00+02:00,4.398
2023-08-05 03:00:00+02:00,4.208
2023-08-05 04:00:00+02:00,4.231
2023-08-05 05:00:00+02:00,3.745
2023-08-05 06:00:00+02:00,4.624
2023-08-05 07:00:00+02:00,5.894
2023-08-05 08:00:00+02:00,4.684
2023-08-05 09:00:00+02:00,4.166
2023-08-05 10:00:00+02:00,3.913
2023-08-05 11:00:00+02:00,3.196
2023-08-05 12:00:00+02:00,3.319
2023-08-05 13:00:00+02:00,3.31
2023-08-05 14:00:00+02:00,3.007
2023-08-05 15:00:00+02:00,2.8
2023-08-05 16:00:00+02:00,2.746
2023-08-05 17:00:00+02:00,3.026
2023-08-05 18:00:00+02:00,3.277
2023-08-05 19:00:00+02:00,3.299
2023-08-05 20:00:00+02:00,3.632
2023-08-05 21:00:00+02:00,3.641
2023-08-05 22:00:00+02:00,3.467
2023-08-05 23:00:00+02:00,3.878
2023-08-06 00:00:00+02:00,5.165
2023-08-06 01:00:00+02:00,5.395
2023-08-06 02:00:00+02:00,4.922
2023-08-06 03:00:00+02:00,5.021
2023-08-06 04:00:00+02:00,5.065
2023-08-06 05:00:00+02:00,5.329
2023-08-06 06:00:00+02:00,5.153
2023-08-06 07:00:00+02:00,5.254
2023-08-06 08:00:00+02:00,4.631
2023-08-06 09:00:00+02:00,4.513
2023-08-06 10:00:00+02:00,4.404
2023-08-06 11:00:00+02:00,4.506
2023-08-06 12:00:00+02:00,4.829
2023-08-06 13:00:00+02:00,5.183
2023-08-06 14:00:00+02:00,5.458
2023-08-06 15:00:00+02:00,4.862
2023-08-06 16:00:00+02:00,4.585
2023-08-06 17:00:00+02:00,4.754
2023-08-06 18:00:00+02:00,3.944
2023-08-06 19:00:00+02:00,3.809
2023-08-06 20:00:00+02:00,3.48
2023-08-06 21:00:00+02:00,3.283
2023-08-06 22:00:00+02:00,6.835
2023-08-06 23:00:00+02:00,5.069
2023-08-07 00:00:00+02:00,4.448
2023-08-07 01:00:00+02:00,3.6
2023-08-07 02:00:00+02:00,3.191
2023-08-07 03:00:00+02:00,4.902
2023-08-07 04:00:00+02:00,6.326
2023-08-07 05:00:00+02:00,4.496
2023-08-07 06:00:00+02:00,3.163
2023-08-07 07:00:00+02:00,2.566
2023-08-07 08:00:00+02:00,4.366
2023-08-07 09:00:00+02:00,3.328
2023-08-07 10:00:00+02:00,1.979
2023-08-07 11:00:00+02:00,2.095
2023-08-07 12:00:00+02:00,2.659
2023-08-07 13:00:00+02:00,2.872
2023-08-07 14:00:00+02:00,3.793
2023-08-07 15:00:00+02:00,5.092
2023-08-07 16:00:00+02:00,6.176
2023-08-07 17:00:00+02:00,7.538
2023-08-07 18:00:00+02:00,7.86
2023-08-07 19:00:00+02:00,7.814
2023-08-07 20:00:00+02:00,7.362
2023-08-07 21:00:00+02:00,6.156
2023-08-07 22:00:00+02:00,6.122
2023-08-07 23:00:00+02:00,5.236
2023-08-08 00:00:00+02:00,4.878
2023-08-08 01:00:00+02:00,4.513
2023-08-08 02:00:00+02:00,3.85
2023-08-08 03:00:00+02:00,3.619
2023-08-08 04:00:00+02:00,4.489
2023-08-08 05:00:00+02:00,5.652
2023-08-08 06:00:00+02:00,7.472
2023-08-08 07:00:00+02:00,7.811
2023-08-08 08:00:00+02:00,7.543
2023-08-08 09:00:00+02:00,7.13
2023-08-08 10:00:00+02:00,6.936
2023-08-08 11:00:00+02:00,6.889
2023-08-08 12:00:00+02:00,6.295
2023-08-08 13:00:00+02:00,6.212
2023-08-08 14:00:00+02:00,6.11
2023-08-08 15:00:00+02:00,6.066
2023-08-08 16:00:00+02:00,5.14
2023-08-08 17:00:00+02:00,4.702
2023-08-08 18:00:00+02:00,4.837
2023-08-08 19:00:00+02:00,4.64
2023-08-08 20:00:00+02:00,4.493
2023-08-08 21:00:00+02:00,5.143
2023-08-08 22:00:00+02:00,4.283
2023-08-08 23:00:00+02:00,5.123
2023-08-09 00:00:00+02:00,5.551
2023-08-09 01:00:00+02:00,5.879
2023-08-09 02:00:00+02:00,6.058
2023-08-09 03:00:00+02:00,6.368
2023-08-09 04:00:00+02:00,6.043
2023-08-09 05:00:00+02:00,5.731
2023-08-09 06:00:00+02:00,5.95
2023-08-09 07:00:00+02:00,6.342
2023-08-09 08:00:00+02:00,6.667
2023-08-09 09:00:00+02:00,6.952
2023-08-09 10:00:00+02:00,6.965
2023-08-09 11:00:00+02:00,6.428
2023-08-09 12:00:00+02:00,5.351
2023-08-09 13:00:00+02:00,4.526
2023-08-09 14:00:00+02:00,3.396
2023-08-09 15:00:00+02:00,2.778
2023-08-09 16:00:00+02:00,3.017
2023-08-09 17:00:00+02:00,3.73
2023-08-09 18:00:00+02:00,3.523
2023-08-09 19:00:00+02:00,3.881
2023-08-09 20:00:00+02:00,4.481
2023-08-09 21:00:00+02:00,3.778
2023-08-09 22:00:00+02:00,4.078
2023-08-09 23:00:00+02:00,4.23
2023-08-10 00:00:00+02:00,3.173
2023-08-10 01:00:00+02:00,3.586
2023-08-10 02:00:00+02:00,4.724
2023-08-10 03:00:00+02:00,3.623
2023-08-10 04:00:00+02:00,3.816
2023-08-10 05:00:00+02:00,4.19
2023-08-10 06:00:00+02:00,4.193
2023-08-10 07:00:00+02:00,5.352
2023-08-10 08:00:00+02:00,5.867
2023-08-10 09:00:00+02:00,6.029
2023-08-10 10:00:00+02:00,6.635
2023-08-10 11:00:00+02:00,6.788
2023-08-10 12:00:00+02:00,6.542
2023-08-10 13:00:00+02:00,6.229
2023-08-10 14:00:00+02:00,5.549
2023-08-10 15:00:00+02:00,5.933
2023-08-10 16:00:00+02:00,6.313
2023-08-10 17:00:00+02:00,6.41
2023-08-10 18:00:00+02:00,6.378
2023-08-10 19:00:00+02:00,6.036
2023-08-10 20:00:00+02:00,5.668
2023-08-10 21:00:00+02:00,5.304
2023-08-10 22:00:00+02:00,5.162
2023-08-10 23:00:00+02:00,5.068
2023-08-11 00:00:00+02:00,3.784
2023-08-11 01:00:00+02:00,3.391
2023-08-11 02:00:00+02:00,3.367
2023-08-11 03:00:00+02:00,3.208
2023-08-11 04:00:00+02:00,3.451
2023-08-11 05:00:00+02:00,3.473
2023-08-11 06:00:00+02:00,3.523
2023-08-11 07:00:00+02:00,3.698
2023-08-11 08:00:00+02:00,3.834
2023-08-11 09:00:00+02:00,3.852
2023-08-11 10:00:00+02:00,3.943
2023-08-11 11:00:00+02:00,4.024
2023-08-11 12:00:00+02:00,4.172
2023-08-11 13:00:00+02:00,4.238
2023-08-11 14:00:00+02:00,4.488
2023-08-11 15:00:00+02:00,5.022
2023-08-11 16:00:00+02:00,5.566
2023-08-11 17:00:00+02:00,5.654
2023-08-11 18:00:00+02:00,5.478
2023-08-11 19:00:00+02:00,6.251
2023-08-11 20:00:00+02:00,7.624
2023-08-11 21:00:00+02:00,7.648
2023-08-11 22:00:00+02:00,7.81
2023-08-11 23:00:00+02:00,8.395
2023-08-12 00:00:00+02:00,9.886
2023-08-12 01:00:00+02:00,7.837
2023-08-12 02:00:00+02:00,5.522
2023-08-12 03:00:00+02:00,4.037
2023-08-12 04:00:00+02:00,3.349
2023-08-12 05:00:00+02:00,2.707
2023-08-12 06:00:00+02:00,2.062
2023-08-12 07:00:00+02:00,2.141
2023-08-12 08:00:00+02:00,2.002
2023-08-12 09:00:00+02:00,2.304
2023-08-12 10:00:00+02:00,3.546
2023-08-12 11:00:00+02:00,5.414
2023-08-12 12:00:00+02:00,6.114
2023-08-12 13:00:00+02:00,6.858
2023-08-12 14:00:00+02:00,7.975
2023-08-12 15:00:00+02:00,8.953
2023-08-12 16:00:00+02:00,12.083
2023-08-12 17:00:00+02:00,11.266
2023-08-12 18:00:00+02:00,11.389
2023-08-12 19:00:00+02:00,12.071
2023-08-12 20:00:00+02:00,11.981
2023-08-12 21:00:00+02:00,11.429
2023-08-12 22:00:00+02:00,12.348
2023-08-12 23:00:00+02:00,11.238
2023-08-13 00:00:00+02:00,13.24
2023-08-13 01:00:00+02:00,15.745
2023-08-13 02:00:00+02:00,7.171
2023-08-13 03:00:00+02:00,6.607
2023-08-13 04:00:00+02:00,6.016
2023-08-13 05:00:00+02:00,5.656
2023-08-13 06:00:00+02:00,7.372
2023-08-13 07:00:00+02:00,8.065
2023-08-13 08:00:00+02:00,8.803
2023-08-13 09:00:00+02:00,9.552
2023-08-13 10:00:00+02:00,9.172
2023-08-13 11:00:00+02:00,8.653
2023-08-13 12:00:00+02:00,8.586
2023-08-13 13:00:00+02:00,8.936
2023-08-13 14:00:00+02:00,8.546
2023-08-13 15:00:00+02:00,7.5
2023-08-13 16:00:00+02:00,5.975
2023-08-13 17:00:00+02:00,6.36
2023-08-13 18:00:00+02:00,6.791
2023-08-13 19:00:00+02:00,6.245
2023-08-13 20:00:00+02:00,6.08
2023-08-13 21:00:00+02:00,6.066
2023-08-13 22:00:00+02:00,6.311
2023-08-13 23:00:00+02:00,6.461
2023-08-14 00:00:00+02:00,7.151
2023-08-14 01:00:00+02:00,6.886
2023-08-14 02:00:00+02:00,6.475
2023-08-14 03:00:00+02:00,6.991
2023-08-14 04:00:00+02:00,7.606
2023-08-14 05:00:00+02:00,6.671
2023-08-14 06:00:00+02:00,6.257
2023-08-14 07:00:00+02:00,6.608
2023-08-14 08:00:00+02:00,6.448
2023-08-14 09:00:00+02:00,5.864
2023-08-14 10:00:00+02:00,5.647
2023-08-14 11:00:00+02:00,5.338
2023-08-14 12:00:00+02:00,4.747
2023-08-14 13:00:00+02:00,5.363
2023-08-14 14:00:00+02:00,6.444
2023-08-14 15:00:00+02:00,6.216
2023-08-14 16:00:00+02:00,6.542
2023-08-14 17:00:00+02:00,7.572
2023-08-14 18:00:00+02:00,9.762
2023-08-14 19:00:00+02:00,10.812
2023-08-14 20:00:00+02:00,11.045
2023-08-14 21:00:00+02:00,12.1
2023-08-14 22:00:00+02:00,12.696
2023-08-14 23:00:00+02:00,13.192
2023-08-15 00:00:00+02:00,13.962
2023-08-15 01:00:00+02:00,13.903
2023-08-15 02:00:00+02:00,13.706
2023-08-15 03:00:00+02:00,14.785
2023-08-15 04:00:00+02:00,12.986
2023-08-15 05:00:00+02:00,11.742
2023-08-15 06:00:00+02:00,9.377
2023-08-15 07:00:00+02:00,8.204
2023-08-15 08:00:00+02:00,8.935
2023-08-15 09:00:00+02:00,10.331
2023-08-15 10:00:00+02:00,11.075
2023-08-15 11:00:00+02:00,11.656
2023-08-15 12:00:00+02:00,10.842
2023-08-15 13:00:00+02:00,10.549
2023-08-15 14:00:00+02:00,11.17
2023-08-15 15:00:00+02:00,11.959
2023-08-15 16:00:00+02:00,11.984
2023-08-15 17:00:00+02:00,9.989
2023-08-15 18:00:00+02:00,8.854
2023-08-15 19:00:00+02:00,10.729
2023-08-15 20:00:00+02:00,12.184
2023-08-15 21:00:00+02:00,13.237
2023-08-15 22:00:00+02:00,14.234
2023-08-15 23:00:00+02:00,9.788
2023-08-16 00:00:00+02:00,4.318
2023-08-16 01:00:00+02:00,4.284
2023-08-16 02:00:00+02:00,4.271
2023-08-16 03:00:00+02:00,4.276
2023-08-16 04:00:00+02:00,4.382
2023-08-16 05:00:00+02:00,4.586
2023-08-16 06:00:00+02:00,4.933
2023-08-16 07:00:00+02:00,5.179
2023-08-16 08:00:00+02:00,5.621
2023-08-16 09:00:00+02:00,5.215
2023-08-16 10:00:00+02:00,4.422
2023-08-16 11:00:00+02:00,4.057
2023-08-16 12:00:00+02:00,3.226
2023-08-16 13:00:00+02:00,2.731
2023-08-16 14:00:00+02:00,2.654
2023-08-16 15:00:00+02:00,2.663
2023-08-16 16:00:00+02:00,2.962
2023-08-16 17:00:00+02:00,3.226
2023-08-16 18:00:00+02:00,3.743
2023-08-16 19:00:00+02:00,4.278
2023-08-16 20:00:00+02:00,4.769
2023-08-16 21:00:00+02:00,4.9
2023-08-16 22:00:00+02:00,4.444
2023-08-16 23:00:00+02:00,4.552
2023-08-17 00:00:00+02:00,4.516
2023-08-17 01:00:00+02:00,5.152
2023-08-17 02:00:00+02:00,3.912
2023-08-17 03:00:00+02:00,3.19
2023-08-17 04:00:00+02:00,3.008
2023-08-17 05:00:00+02:00,4.271
2023-08-17 06:00:00+02:00,6.654
2023-08-17 07:00:00+02:00,6.694
2023-08-17 08:00:00+02:00,6.122
2023-08-17 09:00:00+02:00,5.652
2023-08-17 10:00:00+02:00,
2023-08-17 11:00:00+02:00,
2023-08-17 12:00:00+02:00,3.588
2023-08-17 13:00:00+02:00,3.778
2023-08-17 14:00:00+02:00,3.985
2023-08-17 15:00:00+02:00,3.58
2023-08-17 16:00:00+02:00,3.852
2023-08-17 17:00:00+02:00,4.381
2023-08-17 18:00:00+02:00,4.308
2023-08-17 19:00:00+02:00,5.714
2023-08-17 20:00:00+02:00,5.696
2023-08-17 21:00:00+02:00,5.809
2023-08-17 22:00:00+02:00,5.683
2023-08-17 23:00:00+02:00,3.731
2023-08-18 00:00:00+02:00,3.323
2023-08-18 01:00:00+02:00,2.707
2023-08-18 02:00:00+02:00,2.951
2023-08-18 03:00:00+02:00,3.212
2023-08-18 04:00:00+02:00,3.005
2023-08-18 05:00:00+02:00,3.353
2023-08-18 06:00:00+02:00,3.66
2023-08-18 07:00:00+02:00,3.997
2023-08-18 08:00:00+02:00,4.055
2023-08-18 09:00:00+02:00,6.216
2023-08-18 10:00:00+02:00,6.109
2023-08-18 11:00:00+02:00,11.483
2023-08-18 12:00:00+02:00,4.89
2023-08-18 13:00:00+02:00,3.974
2023-08-18 14:00:00+02:00,5.261
2023-08-18 15:00:00+02:00,5.354
2023-08-18 16:00:00+02:00,6.436
2023-08-18 17:00:00+02:00,5.554
2023-08-18 18:00:00+02:00,5.26
2023-08-18 19:00:00+02:00,5.148
2023-08-18 20:00:00+02:00,4.704
2023-08-18 21:00:00+02:00,5.111
2023-08-18 22:00:00+02:00,5.74
2023-08-18 23:00:00+02:00,5.425
2023-08-19 00:00:00+02:00,6.364
2023-08-19 01:00:00+02:00,7.135
2023-08-19 02:00:00+02:00,7.258
2023-08-19 03:00:00+02:00,7.327
2023-08-19 04:00:00+02:00,7.734
2023-08-19 05:00:00+02:00,8.506
2023-08-19 06:00:00+02:00,7.644
2023-08-19 07:00:00+02:00,5.863
2023-08-19 08:00:00+02:00,4.56
2023-08-19 09:00:00+02:00,4.36
2023-08-19 10:00:00+02:00,4.514
2023-08-19 11:00:00+02:00,4.717
2023-08-19 12:00:00+02:00,5.548
2023-08-19 13:00:00+02:00,6.306
2023-08-19 14:00:00+02:00,6.475
2023-08-19 15:00:00+02:00,7.188
2023-08-19 16:00:00+02:00,6.824
2023-08-19 17:00:00+02:00,6.499
2023-08-19 18:00:00+02:00,7.543
2023-08-19 19:00:00+02:00,7.84
2023-08-19 20:00:00+02:00,7.644
2023-08-19 21:00:00+02:00,7.892
2023-08-19 22:00:00+02:00,8.206
2023-08-19 23:00:00+02:00,8.43
2023-08-20 00:00:00+02:00,8.135
2023-08-20 01:00:00+02:00,7.074
2023-08-20 02:00:00+02:00,4.919
2023-08-20 03:00:00+02:00,3.658
2023-08-20 04:00:00+02:00,4.154
2023-08-20 05:00:00+02:00,3.644
2023-08-20 06:00:00+02:00,4.068
2023-08-20 07:00:00+02:00,3.89
2023-08-20 08:00:00+02:00,3.667
2023-08-20 09:00:00+02:00,3.754
2023-08-20 10:00:00+02:00,5.086
2023-08-20 11:00:00+02:00,5.213
2023-08-20 12:00:00+02:00,7.254
2023-08-20 13:00:00+02:00,11.317
2023-08-20 14:00:00+02:00,8.33
2023-08-20 15:00:00+02:00,8.264
2023-08-20 16:00:00+02:00,7.193
2023-08-20 17:00:00+02:00,6.25
2023-08-20 18:00:00+02:00,6.322
2023-08-20 19:00:00+02:00,5.729
2023-08-20 20:00:00+02:00,5.765
2023-08-20 21:00:00+02:00,7.901
2023-08-20 22:00:00+02:00,8.32
2023-08-20 23:00:00+02:00,7.835
2023-08-21 00:00:00+02:00,6.958
2023-08-21 01:00:00+02:00,6.886
2023-08-21 02:00:00+02:00,6.35
2023-08-21 03:00:00+02:00,6.032
2023-08-21 04:00:00+02:00,6.396
2023-08-21 05:00:00+02:00,7.139
2023-08-21 06:00:00+02:00,7.222
2023-08-21 07:00:00+02:00,6.948
2023-08-21 08:00:00+02:00,6.752
2023-08-21 09:00:00+02:00,5.578
2023-08-21 10:00:00+02:00,5.398
2023-08-21 11:00:00+02:00,5.298
2023-08-21 12:00:00+02:00,5.032
2023-08-21 13:00:00+02:00,4.124
2023-08-21 14:00:00+02:00,4.139
2023-08-21 15:00:00+02:00,3.836
2023-08-21 16:00:00+02:00,3.34
2023-08-21 17:00:00+02:00,3.126
2023-08-21 18:00:00+02:00,3.283
2023-08-21 19:00:00+02:00,3.438
2023-08-21 20:00:00+02:00,3.845
2023-08-21 21:00:00+02:00,4.5
2023-08-21 22:00:00+02:00,5.131
2023-08-21 23:00:00+02:00,4.148
2023-08-22 00:00:00+02:00,4.138
2023-08-22 01:00:00+02:00,4.787
2023-08-22 02:00:00+02:00,5.096
2023-08-22 03:00:00+02:00,5.128
2023-08-22 04:00:00+02:00,4.999
2023-08-22 05:00:00+02:00,4.548
2023-08-22 06:00:00+02:00,4.439
2023-08-22 07:00:00+02:00,5.178
2023-08-22 08:00:00+02:00,5.654
2023-08-22 09:00:00+02:00,5.258
2023-08-22 10:00:00+02:00,5.04
2023-08-22 11:00:00+02:00,5.28
2023-08-22 12:00:00+02:00,5.353
2023-08-22 13:00:00+02:00,5.466
2023-08-22 14:00:00+02:00,5.563
2023-08-22 15:00:00+02:00,5.204
2023-08-22 16:00:00+02:00,5.165
2023-08-22 17:00:00+02:00,4.082
2023-08-22 18:00:00+02:00,3.323
2023-08-22 19:00:00+02:00,3.92
2023-08-22 20:00:00+02:00,4.265
2023-08-22 21:00:00+02:00,4.975
2023-08-22 22:00:00+02:00,4.37
2023-08-22 23:00:00+02:00,4.505
2023-08-23 00:00:00+02:00,5.06
2023-08-23 01:00:00+02:00,5.645
2023-08-23 02:00:00+02:00,5.725
2023-08-23 03:00:00+02:00,5.824
2023-08-23 04:00:00+02:00,5.831
2023-08-23 05:00:00+02:00,5.852
2023-08-23 06:00:00+02:00,6.803
2023-08-23 07:00:00+02:00,8.395
2023-08-23 08:00:00+02:00,7.534
2023-08-23 09:00:00+02:00,11.071
2023-08-23 10:00:00+02:00,8.286
2023-08-23 11:00:00+02:00,9.472
2023-08-23 12:00:00+02:00,8.981
2023-08-23 13:00:00+02:00,5.724
2023-08-23 14:00:00+02:00,5.533
2023-08-23 15:00:00+02:00,4.376
2023-08-23 16:00:00+02:00,4.298
2023-08-23 17:00:00+02:00,3.7
2023-08-23 18:00:00+02:00,4.523
2023-08-23 19:00:00+02:00,4.262
2023-08-23 20:00:00+02:00,4.021
2023-08-23 21:00:00+02:00,3.47
2023-08-23 22:00:00+02:00,3.41
2023-08-23 23:00:00+02:00,3.736
2023-08-24 00:00:00+02:00,3.919
2023-08-24 01:00:00+02:00,3.828
2023-08-24 02:00:00+02:00,3.586
2023-08-24 03:00:00+02:00,3.665
2023-08-24 04:00:00+02:00,3.284
2023-08-24 05:00:00+02:00,3.73
2023-08-24 06:00:00+02:00,3.881
2023-08-24 07:00:00+02:00,4.309
2023-08-24 08:00:00+02:00,4.42
2023-08-24 09:00:00+02:00,4.099
2023-08-24 10:00:00+02:00,4.181
2023-08-24 11:00:00+02:00,4.658
2023-08-24 12:00:00+02:00,4.657
2023-08-24 13:00:00+02:00,4.218
2023-08-24 14:00:00+02:00,3.745
2023-08-24 15:00:00+02:00,3.908
2023-08-24 16:00:00+02:00,3.668
2023-08-24 17:00:00+02:00,3.665
2023-08-24 18:00:00+02:00,3.622
2023-08-24 19:00:00+02:00,3.839
2023-08-24 20:00:00+02:00,4.458
2023-08-24 21:00:00+02:00,4.693
2023-08-24 22:00:00+02:00,5.426
2023-08-24 23:00:00+02:00,5.983
2023-08-25 00:00:00+02:00,5.507
2023-08-25 01:00:00+02:00,5.275
2023-08-25 02:00:00+02:00,4.242
2023-08-25 03:00:00+02:00,18.773
2023-08-25 04:00:00+02:00,4.25
2023-08-25 05:00:00+02:00,3.467
2023-08-25 06:00:00+02:00,3.542
2023-08-25 07:00:00+02:00,3.108
2023-08-25 08:00:00+02:00,3.569
2023-08-25 09:00:00+02:00,4.468
2023-08-25 10:00:00+02:00,6.406
2023-08-25 11:00:00+02:00,10.09
2023-08-25 12:00:00+02:00,12.736
2023-08-25 13:00:00+02:00,14.225
2023-08-25 14:00:00+02:00,11.642
2023-08-25 15:00:00+02:00,12.206
2023-08-25 16:00:00+02:00,11.198
2023-08-25 17:00:00+02:00,8.477
2023-08-25 18:00:00+02:00,7.442
2023-08-25 19:00:00+02:00,6.595
2023-08-25 20:00:00+02:00,6.851
2023-08-25 21:00:00+02:00,7.243
2023-08-25 22:00:00+02:00,9.316
2023-08-25 23:00:00+02:00,10.243
2023-08-26 00:00:00+02:00,10.41
2023-08-26 01:00:00+02:00,11.738
2023-08-26 02:00:00+02:00,12.064
2023-08-26 03:00:00+02:00,11.377
2023-08-26 04:00:00+02:00,11.182
2023-08-26 05:00:00+02:00,13.846
2023-08-26 06:00:00+02:00,10.904
2023-08-26 07:00:00+02:00,11.429
2023-08-26 08:00:00+02:00,20.042
2023-08-26 09:00:00+02:00,14.352
2023-08-26 10:00:00+02:00,12.715
2023-08-26 11:00:00+02:00,11.134
2023-08-26 12:00:00+02:00,5.97
2023-08-26 13:00:00+02:00,3.996
2023-08-26 14:00:00+02:00,4.854
2023-08-26 15:00:00+02:00,4.56
2023-08-26 16:00:00+02:00,1.849
2023-08-26 17:00:00+02:00,1.873
2023-08-26 18:00:00+02:00,2.18
2023-08-26 19:00:00+02:00,3.16
2023-08-26 20:00:00+02:00,3.385
2023-08-26 21:00:00+02:00,3.089
2023-08-26 22:00:00+02:00,2.918
2023-08-26 23:00:00+02:00,3.298
2023-08-27 00:00:00+02:00,3.256
2023-08-27 01:00:00+02:00,4.186
2023-08-27 02:00:00+02:00,3.85
2023-08-27 03:00:00+02:00,2.95
2023-08-27 04:00:00+02:00,2.977
2023-08-27 05:00:00+02:00,3.265
2023-08-27 06:00:00+02:00,3.376
2023-08-27 07:00:00+02:00,4.438
2023-08-27 08:00:00+02:00,5.467
2023-08-27 09:00:00+02:00,5.164
2023-08-27 10:00:00+02:00,3.918
2023-08-27 11:00:00+02:00,4.55
2023-08-27 12:00:00+02:00,5.286
2023-08-27 13:00:00+02:00,4.759
2023-08-27 14:00:00+02:00,4.921
2023-08-27 15:00:00+02:00,7.255
2023-08-27 16:00:00+02:00,7.01
2023-08-27 17:00:00+02:00,7.258
2023-08-27 18:00:00+02:00,6.32
2023-08-27 19:00:00+02:00,7.033
2023-08-27 20:00:00+02:00,6.223
2023-08-27 21:00:00+02:00,6.862
2023-08-27 22:00:00+02:00,5.206
2023-08-27 23:00:00+02:00,3.988
2023-08-28 00:00:00+02:00,4.397
2023-08-28 01:00:00+02:00,4.672
2023-08-28 02:00:00+02:00,4.05
2023-08-28 03:00:00+02:00,3.245
2023-08-28 04:00:00+02:00,3.978
2023-08-28 05:00:00+02:00,2.834
2023-08-28 06:00:00+02:00,2.293
2023-08-28 07:00:00+02:00,2.696
2023-08-28 08:00:00+02:00,3.136
2023-08-28 09:00:00+02:00,3.025
2023-08-28 10:00:00+02:00,2.866
2023-08-28 11:00:00+02:00,2.611
2023-08-28 12:00:00+02:00,1.685
2023-08-28 13:00:00+02:00,2.123
2023-08-28 14:00:00+02:00,2.185
2023-08-28 15:00:00+02:00,2.245
2023-08-28 16:00:00+02:00,2.284
2023-08-28 17:00:00+02:00,2.123
2023-08-28 18:00:00+02:00,2.293
2023-08-28 19:00:00+02:00,1.85
2023-08-28 20:00:00+02:00,1.932
2023-08-28 21:00:00+02:00,2.894
2023-08-28 22:00:00+02:00,3.596
2023-08-28 23:00:00+02:00,4.56
2023-08-29 00:00:00+02:00,3.931
2023-08-29 01:00:00+02:00,3.528
2023-08-29 02:00:00+02:00,2.677
2023-08-29 03:00:00+02:00,2.364
2023-08-29 04:00:00+02:00,2.31
2023-08-29 05:00:00+02:00,2.369
2023-08-29 06:00:00+02:00,2.784
2023-08-29 07:00:00+02:00,4.6
2023-08-29 08:00:00+02:00,4.939
2023-08-29 09:00:00+02:00,4.804
2023-08-29 10:00:00+02:00,4.796
2023-08-29 11:00:00+02:00,4.015
2023-08-29 12:00:00+02:00,3.769
2023-08-29 13:00:00+02:00,3.475
2023-08-29 14:00:00+02:00,2.4
2023-08-29 15:00:00+02:00,2.813
2023-08-29 16:00:00+02:00,2.968
2023-08-29 17:00:00+02:00,3.185
2023-08-29 18:00:00+02:00,4.092
2023-08-29 19:00:00+02:00,4.331
2023-08-29 20:00:00+02:00,4.35
2023-08-29 21:00:00+02:00,4.673
2023-08-29 22:00:00+02:00,4.742
2023-08-29 23:00:00+02:00,4.553
2023-08-30 00:00:00+02:00,4.64
2023-08-30 01:00:00+02:00,5.55
2023-08-30 02:00:00+02:00,5.203
2023-08-30 03:00:00+02:00,5.759
2023-08-30 04:00:00+02:00,5.861
2023-08-30 05:00:00+02:00,4.788
2023-08-30 06:00:00+02:00,5.222
2023-08-30 07:00:00+02:00,5.63
2023-08-30 08:00:00+02:00,6.706
2023-08-30 09:00:00+02:00,4.381
2023-08-30 10:00:00+02:00,5.389
2023-08-30 11:00:00+02:00,3.229
2023-08-30 12:00:00+02:00,3.326
2023-08-30 13:00:00+02:00,3.74
2023-08-30 14:00:00+02:00,3.305
2023-08-30 15:00:00+02:00,3.367
2023-08-30 16:00:00+02:00,3.132
2023-08-30 17:00:00+02:00,2.351
2023-08-30 18:00:00+02:00,2.424
2023-08-30 19:00:00+02:00,2.545
2023-08-30 20:00:00+02:00,2.813
2023-08-30 21:00:00+02:00,2.828
2023-08-30 22:00:00+02:00,3.132
2023-08-30 23:00:00+02:00,3.829
2023-08-31 00:00:00+02:00,6.143
2023-08-31 01:00:00+02:00,5.827
2023-08-31 02:00:00+02:00,5.105
2023-08-31 03:00:00+02:00,4.241
2023-08-31 04:00:00+02:00,4.156
2023-08-31 05:00:00+02:00,3.356
2023-08-31 06:00:00+02:00,3.658
2023-08-31 07:00:00+02:00,4.115
2023-08-31 08:00:00+02:00,4.906
2023-08-31 09:00:00+02:00,9.605
2023-08-31 10:00:00+02:00,3.944
2023-08-31 11:00:00+02:00,3.49
2023-08-31 12:00:00+02:00,5.221
2023-08-31 13:00:00+02:00,3.62
2023-08-31 14:00:00+02:00,2.858
2023-08-31 15:00:00+02:00,2.902
2023-08-31 16:00:00+02:00,2.946
2023-08-31 17:00:00+02:00,3.294
2023-08-31 18:00:00+02:00,3.314
2023-08-31 19:00:00+02:00,3.353
2023-08-31 20:00:00+02:00,3.582
2023-08-31 21:00:00+02:00,2.952
2023-08-31 22:00:00+02:00,2.543
2023-08-31 23:00:00+02:00,2.85
2023-09-01 00:00:00+02:00,2.792
2023-09-01 00:00:00+02:00,2.792
2023-09-01 01:00:00+02:00,3.406
2023-09-01 02:00:00+02:00,3.553
2023-09-01 03:00:00+02:00,2.621
2023-09-01 04:00:00+02:00,2.218
2023-09-01 05:00:00+02:00,2.298
2023-09-01 06:00:00+02:00,2.314
2023-09-01 07:00:00+02:00,1.715
2023-09-01 08:00:00+02:00,1.823
2023-09-01 09:00:00+02:00,1.928
2023-09-01 10:00:00+02:00,1.602
2023-09-01 11:00:00+02:00,2.143
2023-09-01 12:00:00+02:00,2.276
2023-09-01 13:00:00+02:00,2.585
2023-09-01 14:00:00+02:00,2.96
2023-09-01 15:00:00+02:00,2.573
2023-09-01 16:00:00+02:00,2.533
2023-09-01 17:00:00+02:00,3.221
2023-09-01 18:00:00+02:00,3.28
2023-09-01 19:00:00+02:00,3.46
2023-09-01 20:00:00+02:00,3.768
2023-09-01 21:00:00+02:00,4.33
2023-09-01 22:00:00+02:00,4.128
2023-09-01 23:00:00+02:00,4.19
2023-09-02 00:00:00+02:00,4.368
2023-09-02 01:00:00+02:00,4.661
2023-09-02 02:00:00+02:00,5.009
2023-09-02 03:00:00+02:00,5.299
2023-09-02 04:00:00+02:00,5.77
2023-09-02 05:00:00+02:00,6.454
2023-09-02 06:00:00+02:00,7.163
2023-09-02 07:00:00+02:00,8.071
2023-09-02 08:00:00+02:00,7.492
2023-09-02 09:00:00+02:00,7.226
2023-09-02 10:00:00+02:00,6.89
2023-09-02 11:00:00+02:00,6.462
2023-09-02 12:00:00+02:00,6.512
2023-09-02 13:00:00+02:00,5.488
2023-09-02 14:00:00+02:00,4.202
2023-09-02 15:00:00+02:00,3.84
2023-09-02 16:00:00+02:00,3.44
2023-09-02 17:00:00+02:00,3.33
2023-09-02 18:00:00+02:00,3.379
2023-09-02 19:00:00+02:00,4.111
2023-09-02 20:00:00+02:00,4.264
2023-09-02 21:00:00+02:00,4.327
2023-09-02 22:00:00+02:00,4.516
2023-09-02 23:00:00+02:00,4.798
2023-09-03 00:00:00+02:00,4.888
2023-09-03 01:00:00+02:00,4.777
2023-09-03 02:00:00+02:00,4.884
2023-09-03 03:00:00+02:00,4.703
2023-09-03 04:00:00+02:00,4.714
2023-09-03 05:00:00+02:00,4.472
2023-09-03 06:00:00+02:00,4.204
2023-09-03 07:00:00+02:00,4.35
2023-09-03 08:00:00+02:00,4.41
2023-09-03 09:00:00+02:00,4.45
2023-09-03 10:00:00+02:00,4.184
2023-09-03 11:00:00+02:00,3.768
2023-09-03 12:00:00+02:00,3.47
2023-09-03 13:00:00+02:00,3.616
2023-09-03 14:00:00+02:00,4.037
2023-09-03 15:00:00+02:00,4.282
2023-09-03 16:00:00+02:00,4.133
2023-09-03 17:00:00+02:00,3.995
2023-09-03 18:00:00+02:00,4.168
2023-09-03 19:00:00+02:00,4.486
2023-09-03 20:00:00+02:00,5.113
2023-09-03 21:00:00+02:00,5.5
2023-09-03 22:00:00+02:00,5.166
2023-09-03 23:00:00+02:00,4.422
2023-09-04 00:00:00+02:00,5.356
2023-09-04 01:00:00+02:00,5.525
2023-09-04 02:00:00+02:00,12.865
2023-09-04 03:00:00+02:00,6.112
2023-09-04 04:00:00+02:00,6.18
2023-09-04 05:00:00+02:00,6.892
2023-09-04 06:00:00+02:00,7.543
2023-09-04 07:00:00+02:00,8.641
2023-09-04 08:00:00+02:00,8.137
2023-09-04 09:00:00+02:00,8.3
2023-09-04 10:00:00+02:00,8.398
2023-09-04 11:00:00+02:00,
2023-09-04 12:00:00+02:00,7.598
2023-09-04 13:00:00+02:00,7.328
2023-09-04 14:00:00+02:00,6.358
2023-09-04 15:00:00+02:00,5.789
2023-09-04 16:00:00+02:00,5.575
2023-09-04 17:00:00+02:00,5.174
2023-09-04 18:00:00+02:00,5.262
2023-09-04 19:00:00+02:00,5.497
2023-09-04 20:00:00+02:00,6.001
2023-09-04 21:00:00+02:00,6.206
2023-09-04 22:00:00+02:00,5.554
2023-09-04 23:00:00+02:00,5.3
2023-09-05 00:00:00+02:00,5.258
2023-09-05 01:00:00+02:00,5.354
2023-09-05 02:00:00+02:00,4.898
2023-09-05 03:00:00+02:00,4.844
2023-09-05 04:00:00+02:00,5.677
2023-09-05 05:00:00+02:00,7.555
2023-09-05 06:00:00+02:00,10.499
2023-09-05 07:00:00+02:00,11.82
2023-09-05 08:00:00+02:00,11.804
2023-09-05 09:00:00+02:00,14.029
2023-09-05 10:00:00+02:00,9.346
2023-09-05 11:00:00+02:00,5.396
2023-09-05 12:00:00+02:00,5.329
2023-09-05 13:00:00+02:00,5.018
2023-09-05 14:00:00+02:00,4.717
2023-09-05 15:00:00+02:00,5.587
2023-09-05 16:00:00+02:00,6.014
2023-09-05 17:00:00+02:00,6.074
2023-09-05 18:00:00+02:00,6.174
2023-09-05 19:00:00+02:00,6.245
2023-09-05 20:00:00+02:00,6.437
2023-09-05 21:00:00+02:00,6.864
2023-09-05 22:00:00+02:00,7.582
2023-09-05 23:00:00+02:00,9.96
2023-09-06 00:00:00+02:00,13.982
2023-09-06 01:00:00+02:00,11.827
2023-09-06 02:00:00+02:00,12.092
2023-09-06 03:00:00+02:00,12.746
2023-09-06 04:00:00+02:00,13.788
2023-09-06 05:00:00+02:00,13.439
2023-09-06 06:00:00+02:00,15.048
2023-09-06 07:00:00+02:00,13.646
2023-09-06 08:00:00+02:00,10.516
2023-09-06 09:00:00+02:00,10.898
2023-09-06 10:00:00+02:00,8.009
2023-09-06 11:00:00+02:00,5.545
2023-09-06 12:00:00+02:00,6.354
2023-09-06 13:00:00+02:00,8.617
2023-09-06 14:00:00+02:00,7.061
2023-09-06 15:00:00+02:00,5.233
2023-09-06 16:00:00+02:00,4.15
2023-09-06 17:00:00+02:00,4.474
2023-09-06 18:00:00+02:00,5.28
2023-09-06 19:00:00+02:00,4.837
2023-09-06 20:00:00+02:00,3.875
2023-09-06 21:00:00+02:00,5.153
2023-09-06 22:00:00+02:00,5.326
2023-09-06 23:00:00+02:00,5.328
2023-09-07 00:00:00+02:00,4.975
2023-09-07 01:00:00+02:00,4.589
2023-09-07 02:00:00+02:00,8.544
2023-09-07 03:00:00+02:00,4.327
2023-09-07 04:00:00+02:00,4.145
2023-09-07 05:00:00+02:00,4.244
2023-09-07 06:00:00+02:00,4.235
2023-09-07 07:00:00+02:00,4.231
2023-09-07 08:00:00+02:00,4.348
2023-09-07 09:00:00+02:00,4.331
2023-09-07 10:00:00+02:00,3.96
2023-09-07 11:00:00+02:00,3.619
2023-09-07 12:00:00+02:00,4.364
2023-09-07 13:00:00+02:00,4.738
2023-09-07 14:00:00+02:00,4.516
2023-09-07 15:00:00+02:00,4.244
2023-09-07 16:00:00+02:00,4.222
2023-09-07 17:00:00+02:00,4.222
2023-09-07 18:00:00+02:00,4.29
2023-09-07 19:00:00+02:00,4.217
2023-09-07 20:00:00+02:00,4.534
2023-09-07 21:00:00+02:00,4.86
2023-09-07 22:00:00+02:00,5.539
2023-09-07 23:00:00+02:00,5.824
2023-09-08 00:00:00+02:00,6.008
2023-09-08 01:00:00+02:00,6.158
2023-09-08 02:00:00+02:00,5.803
2023-09-08 03:00:00+02:00,10.097
2023-09-08 04:00:00+02:00,4.702
2023-09-08 05:00:00+02:00,4.315
2023-09-08 06:00:00+02:00,4.295
2023-09-08 07:00:00+02:00,3.52
2023-09-08 08:00:00+02:00,3.914
2023-09-08 09:00:00+02:00,3.96
2023-09-08 10:00:00+02:00,6.499
2023-09-08 11:00:00+02:00,8.591
2023-09-08 12:00:00+02:00,8.89
2023-09-08 13:00:00+02:00,9.341
2023-09-08 14:00:00+02:00,9.81
2023-09-08 15:00:00+02:00,9.205
2023-09-08 16:00:00+02:00,9.664
2023-09-08 17:00:00+02:00,9.336
2023-09-08 18:00:00+02:00,9.186
2023-09-08 19:00:00+02:00,10.152
2023-09-08 20:00:00+02:00,10.932
2023-09-08 21:00:00+02:00,10.403
2023-09-08 22:00:00+02:00,10.331
2023-09-08 23:00:00+02:00,10.31
2023-09-09 00:00:00+02:00,11.39
2023-09-09 01:00:00+02:00,11.633
2023-09-09 02:00:00+02:00,12.331
2023-09-09 03:00:00+02:00,12.682
2023-09-09 04:00:00+02:00,12.389
2023-09-09 05:00:00+02:00,12.001
2023-09-09 06:00:00+02:00,11.752
2023-09-09 07:00:00+02:00,11.813
2023-09-09 08:00:00+02:00,12.628
2023-09-09 09:00:00+02:00,12.862
2023-09-09 10:00:00+02:00,12.541
2023-09-09 11:00:00+02:00,12.6
2023-09-09 12:00:00+02:00,12.101
2023-09-09 13:00:00+02:00,12.014
2023-09-09 14:00:00+02:00,11.593
2023-09-09 15:00:00+02:00,11.573
2023-09-09 16:00:00+02:00,11.143
2023-09-09 17:00:00+02:00,10.351
2023-09-09 18:00:00+02:00,11.711
2023-09-09 19:00:00+02:00,13.196
2023-09-09 20:00:00+02:00,13.146
2023-09-09 21:00:00+02:00,15.302
2023-09-09 22:00:00+02:00,16.458
2023-09-09 23:00:00+02:00,15.545
2023-09-10 00:00:00+02:00,15.76
2023-09-10 01:00:00+02:00,16.939
2023-09-10 02:00:00+02:00,14.825
2023-09-10 03:00:00+02:00,20.794
2023-09-10 04:00:00+02:00,17.341
2023-09-10 05:00:00+02:00,17.63
2023-09-10 06:00:00+02:00,17.351
2023-09-10 07:00:00+02:00,19.153
2023-09-10 08:00:00+02:00,21.163
2023-09-10 09:00:00+02:00,21.091
2023-09-10 10:00:00+02:00,18.008
2023-09-10 11:00:00+02:00,16.099
2023-09-10 12:00:00+02:00,18.06
2023-09-10 13:00:00+02:00,17.818
2023-09-10 14:00:00+02:00,17.377
2023-09-10 15:00:00+02:00,19.55
2023-09-10 16:00:00+02:00,23.603
2023-09-10 17:00:00+02:00,24.125
2023-09-10 18:00:00+02:00,22.583
2023-09-10 19:00:00+02:00,23.026
2023-09-10 20:00:00+02:00,20.924
2023-09-10 21:00:00+02:00,18.811
2023-09-10 22:00:00+02:00,19.978
2023-09-10 23:00:00+02:00,20.368
2023-09-11 00:00:00+02:00,21.475
2023-09-11 01:00:00+02:00,22.472
2023-09-11 02:00:00+02:00,19.75
2023-09-11 03:00:00+02:00,22.02
2023-09-11 04:00:00+02:00,17.366
2023-09-11 05:00:00+02:00,17.891
2023-09-11 06:00:00+02:00,18.295
2023-09-11 07:00:00+02:00,9.781
2023-09-11 08:00:00+02:00,7.703
2023-09-11 09:00:00+02:00,7.224
2023-09-11 10:00:00+02:00,7.415
2023-09-11 11:00:00+02:00,8.978
2023-09-11 12:00:00+02:00,9.778
2023-09-11 13:00:00+02:00,13.651
2023-09-11 14:00:00+02:00,15.541
2023-09-11 15:00:00+02:00,14.135
2023-09-11 16:00:00+02:00,14.057
2023-09-11 17:00:00+02:00,14.675
2023-09-11 18:00:00+02:00,19.091
2023-09-11 19:00:00+02:00,19.574
2023-09-11 20:00:00+02:00,20.849
2023-09-11 21:00:00+02:00,27.269
2023-09-11 22:00:00+02:00,30.006
2023-09-11 23:00:00+02:00,30.162
2023-09-12 00:00:00+02:00,27.432
2023-09-12 01:00:00+02:00,25.22
2023-09-12 02:00:00+02:00,34.337
2023-09-12 03:00:00+02:00,31.912
2023-09-12 04:00:00+02:00,25.351
2023-09-12 05:00:00+02:00,25.566
2023-09-12 06:00:00+02:00,26.431
2023-09-12 07:00:00+02:00,30.079
2023-09-12 08:00:00+02:00,31.513
2023-09-12 09:00:00+02:00,30.791
2023-09-12 10:00:00+02:00,24.941
2023-09-12 11:00:00+02:00,25.241
2023-09-12 12:00:00+02:00,20.557
2023-09-12 13:00:00+02:00,24.845
2023-09-12 14:00:00+02:00,23.424
2023-09-12 15:00:00+02:00,18.82
2023-09-12 16:00:00+02:00,15.77
2023-09-12 17:00:00+02:00,13.378
2023-09-12 18:00:00+02:00,13.657
2023-09-12 19:00:00+02:00,13.6
2023-09-12 20:00:00+02:00,13.27
2023-09-12 21:00:00+02:00,13.318
2023-09-12 22:00:00+02:00,13.109
2023-09-12 23:00:00+02:00,9.923
2023-09-13 00:00:00+02:00,8.026
2023-09-13 01:00:00+02:00,4.343
2023-09-13 02:00:00+02:00,3.67
2023-09-13 03:00:00+02:00,3.274
2023-09-13 04:00:00+02:00,3.151
2023-09-13 05:00:00+02:00,3.2
2023-09-13 06:00:00+02:00,3.034
2023-09-13 07:00:00+02:00,3.841
2023-09-13 08:00:00+02:00,5.885
2023-09-13 09:00:00+02:00,6.101
2023-09-13 10:00:00+02:00,5.647
2023-09-13 11:00:00+02:00,5.054
2023-09-13 12:00:00+02:00,5.37
2023-09-13 13:00:00+02:00,5.639
2023-09-13 14:00:00+02:00,5.375
2023-09-13 15:00:00+02:00,4.424
2023-09-13 16:00:00+02:00,4.464
2023-09-13 17:00:00+02:00,4.174
2023-09-13 18:00:00+02:00,3.692
2023-09-13 19:00:00+02:00,3.182
2023-09-13 20:00:00+02:00,2.917
2023-09-13 21:00:00+02:00,3.052
2023-09-13 22:00:00+02:00,3.064
2023-09-13 23:00:00+02:00,3.089
2023-09-14 00:00:00+02:00,2.999
2023-09-14 01:00:00+02:00,3.15
2023-09-14 02:00:00+02:00,2.863
2023-09-14 03:00:00+02:00,2.843
2023-09-14 04:00:00+02:00,2.79
2023-09-14 05:00:00+02:00,3.09
2023-09-14 06:00:00+02:00,3.336
2023-09-14 07:00:00+02:00,4.318
2023-09-14 08:00:00+02:00,6.298
2023-09-14 09:00:00+02:00,5.726
2023-09-14 10:00:00+02:00,5.152
2023-09-14 11:00:00+02:00,3.576
2023-09-14 12:00:00+02:00,3.298
2023-09-14 13:00:00+02:00,3.152
2023-09-14 14:00:00+02:00,3.264
2023-09-14 15:00:00+02:00,2.785
2023-09-14 16:00:00+02:00,2.663
2023-09-14 17:00:00+02:00,2.807
2023-09-14 18:00:00+02:00,2.768
2023-09-14 19:00:00+02:00,2.968
2023-09-14 20:00:00+02:00,3.197
2023-09-14 21:00:00+02:00,3.952
2023-09-14 22:00:00+02:00,3.3
2023-09-14 23:00:00+02:00,3.04
2023-09-15 00:00:00+02:00,3.422
2023-09-15 01:00:00+02:00,3.646
2023-09-15 02:00:00+02:00,3.916
2023-09-15 03:00:00+02:00,3.755
2023-09-15 04:00:00+02:00,3.616
2023-09-15 05:00:00+02:00,3.978
2023-09-15 06:00:00+02:00,6.011
2023-09-15 07:00:00+02:00,5.598
2023-09-15 08:00:00+02:00,7.724
2023-09-15 09:00:00+02:00,6.04
2023-09-15 10:00:00+02:00,3.242
2023-09-15 11:00:00+02:00,3.257
2023-09-15 12:00:00+02:00,3.332
2023-09-15 13:00:00+02:00,3.296
2023-09-15 14:00:00+02:00,3.162
2023-09-15 15:00:00+02:00,3.598
2023-09-15 16:00:00+02:00,3.751
2023-09-15 17:00:00+02:00,3.826
2023-09-15 18:00:00+02:00,3.907
2023-09-15 19:00:00+02:00,4.549
2023-09-15 20:00:00+02:00,4.952
2023-09-15 21:00:00+02:00,4.867
2023-09-15 22:00:00+02:00,5.309
2023-09-15 23:00:00+02:00,5.741
2023-09-16 00:00:00+02:00,5.233
2023-09-16 01:00:00+02:00,5.069
2023-09-16 02:00:00+02:00,4.536
2023-09-16 03:00:00+02:00,4.676
2023-09-16 04:00:00+02:00,5.923
2023-09-16 05:00:00+02:00,5.504
2023-09-16 06:00:00+02:00,5.797
2023-09-16 07:00:00+02:00,5.291
2023-09-16 08:00:00+02:00,5.029
2023-09-16 09:00:00+02:00,4.686
2023-09-16 10:00:00+02:00,4.538
2023-09-16 11:00:00+02:00,4.592
2023-09-16 12:00:00+02:00,4.811
2023-09-16 13:00:00+02:00,4.859
2023-09-16 14:00:00+02:00,5.089
2023-09-16 15:00:00+02:00,5.594
2023-09-16 16:00:00+02:00,5.975
2023-09-16 17:00:00+02:00,6.978
2023-09-16 18:00:00+02:00,8.624
2023-09-16 19:00:00+02:00,7.994
2023-09-16 20:00:00+02:00,7.97
2023-09-16 21:00:00+02:00,7.421
2023-09-16 22:00:00+02:00,7.211
2023-09-16 23:00:00+02:00,7.24
2023-09-17 00:00:00+02:00,7.378
2023-09-17 01:00:00+02:00,7.814
2023-09-17 02:00:00+02:00,7.9
2023-09-17 03:00:00+02:00,8.255
2023-09-17 04:00:00+02:00,8.255
2023-09-17 05:00:00+02:00,8.405
2023-09-17 06:00:00+02:00,8.112
2023-09-17 07:00:00+02:00,7.658
2023-09-17 08:00:00+02:00,7.338
2023-09-17 09:00:00+02:00,7.522
2023-09-17 10:00:00+02:00,6.982
2023-09-17 11:00:00+02:00,6.929
2023-09-17 12:00:00+02:00,6.928
2023-09-17 13:00:00+02:00,6.41
2023-09-17 14:00:00+02:00,6.396
2023-09-17 15:00:00+02:00,6.798
2023-09-17 16:00:00+02:00,6.586
2023-09-17 17:00:00+02:00,5.972
2023-09-17 18:00:00+02:00,5.874
2023-09-17 19:00:00+02:00,5.911
2023-09-17 20:00:00+02:00,5.291
2023-09-17 21:00:00+02:00,5.314
2023-09-17 22:00:00+02:00,6.278
2023-09-17 23:00:00+02:00,7.154
2023-09-18 00:00:00+02:00,6.99
2023-09-18 01:00:00+02:00,6.367
2023-09-18 02:00:00+02:00,6.086
2023-09-18 03:00:00+02:00,6.062
2023-09-18 04:00:00+02:00,6.088
2023-09-18 05:00:00+02:00,6.732
2023-09-18 06:00:00+02:00,7.792
2023-09-18 07:00:00+02:00,9.037
2023-09-18 08:00:00+02:00,10.007
2023-09-18 09:00:00+02:00,11.089
2023-09-18 10:00:00+02:00,12.248
2023-09-18 11:00:00+02:00,11.651
2023-09-18 12:00:00+02:00,12.564
2023-09-18 13:00:00+02:00,12.268
2023-09-18 14:00:00+02:00,11.716
2023-09-18 15:00:00+02:00,12.383
2023-09-18 16:00:00+02:00,12.968
2023-09-18 17:00:00+02:00,12.032
2023-09-18 18:00:00+02:00,12.085
2023-09-18 19:00:00+02:00,12.221
2023-09-18 20:00:00+02:00,11.63
2023-09-18 21:00:00+02:00,11.639
2023-09-18 22:00:00+02:00,11.611
2023-09-18 23:00:00+02:00,11.195
2023-09-19 00:00:00+02:00,8.954
2023-09-19 01:00:00+02:00,7.446
2023-09-19 02:00:00+02:00,7.372
2023-09-19 03:00:00+02:00,7.038
2023-09-19 04:00:00+02:00,6.122
2023-09-19 05:00:00+02:00,3.521
2023-09-19 06:00:00+02:00,3.668
2023-09-19 07:00:00+02:00,3.756
2023-09-19 08:00:00+02:00,4.894
2023-09-19 09:00:00+02:00,4.651
2023-09-19 10:00:00+02:00,5.392
2023-09-19 11:00:00+02:00,6.587
2023-09-19 12:00:00+02:00,4.388
2023-09-19 13:00:00+02:00,4.26
2023-09-19 14:00:00+02:00,4.627
2023-09-19 15:00:00+02:00,5.502
2023-09-19 16:00:00+02:00,6.356
2023-09-19 17:00:00+02:00,6.923
2023-09-19 18:00:00+02:00,6.252
2023-09-19 19:00:00+02:00,7.054
2023-09-19 20:00:00+02:00,7.002
2023-09-19 21:00:00+02:00,6.974
2023-09-19 22:00:00+02:00,7.885
2023-09-19 23:00:00+02:00,6.491
2023-09-20 00:00:00+02:00,4.625
2023-09-20 01:00:00+02:00,4.448
2023-09-20 02:00:00+02:00,3.774
2023-09-20 03:00:00+02:00,3.515
2023-09-20 04:00:00+02:00,3.722
2023-09-20 05:00:00+02:00,3.808
2023-09-20 06:00:00+02:00,4.032
2023-09-20 07:00:00+02:00,5.219
2023-09-20 08:00:00+02:00,6.103
2023-09-20 09:00:00+02:00,5.914
2023-09-20 10:00:00+02:00,5.05
2023-09-20 11:00:00+02:00,5.185
2023-09-20 12:00:00+02:00,
2023-09-20 13:00:00+02:00,6.914
2023-09-20 14:00:00+02:00,6.549
2023-09-20 15:00:00+02:00,6.339
2023-09-20 16:00:00+02:00,6.613
2023-09-20 17:00:00+02:00,6.585
2023-09-20 18:00:00+02:00,6.102
2023-09-20 19:00:00+02:00,5.275
2023-09-20 20:00:00+02:00,5.447
2023-09-20 21:00:00+02:00,6.201
2023-09-20 22:00:00+02:00,5.636
2023-09-20 23:00:00+02:00,5.086
2023-09-21 00:00:00+02:00,5.135
2023-09-21 01:00:00+02:00,4.969
2023-09-21 02:00:00+02:00,4.695
2023-09-21 03:00:00+02:00,4.715
2023-09-21 04:00:00+02:00,4.534
2023-09-21 05:00:00+02:00,4.554
2023-09-21 06:00:00+02:00,4.423
2023-09-21 07:00:00+02:00,4.846
2023-09-21 08:00:00+02:00,5.256
2023-09-21 09:00:00+02:00,5.688
2023-09-21 10:00:00+02:00,5.553
2023-09-21 11:00:00+02:00,5.904
2023-09-21 12:00:00+02:00,5.94
2023-09-21 13:00:00+02:00,5.045
2023-09-21 14:00:00+02:00,4.987
2023-09-21 15:00:00+02:00,5.075
2023-09-21 16:00:00+02:00,5.762
2023-09-21 17:00:00+02:00,6.795
2023-09-21 18:00:00+02:00,8.665
2023-09-21 19:00:00+02:00,9.482
2023-09-21 20:00:00+02:00,9.308
2023-09-21 21:00:00+02:00,8.709
2023-09-21 22:00:00+02:00,7.801
2023-09-21 23:00:00+02:00,7.668
2023-09-22 00:00:00+02:00,7.563
2023-09-22 01:00:00+02:00,8.049
2023-09-22 02:00:00+02:00,8.652
2023-09-22 03:00:00+02:00,9.514
2023-09-22 04:00:00+02:00,11.828
2023-09-22 05:00:00+02:00,12.35
2023-09-22 06:00:00+02:00,11.887
2023-09-22 07:00:00+02:00,13.053
2023-09-22 08:00:00+02:00,10.915
2023-09-22 09:00:00+02:00,9.626
2023-09-22 10:00:00+02:00,3.764
2023-09-22 11:00:00+02:00,3.214
2023-09-22 12:00:00+02:00,2.083
2023-09-22 13:00:00+02:00,1.641
2023-09-22 14:00:00+02:00,1.304
2023-09-22 15:00:00+02:00,1.939
2023-09-22 16:00:00+02:00,2.36
2023-09-22 17:00:00+02:00,4.895
2023-09-22 18:00:00+02:00,8.813
2023-09-22 19:00:00+02:00,7.412
2023-09-22 20:00:00+02:00,6.745
2023-09-22 21:00:00+02:00,6.555
2023-09-22 22:00:00+02:00,5.95
2023-09-22 23:00:00+02:00,4.799
2023-09-23 00:00:00+02:00,4.679
2023-09-23 01:00:00+02:00,5.605
2023-09-23 02:00:00+02:00,5.335
2023-09-23 03:00:00+02:00,4.84
2023-09-23 04:00:00+02:00,4.809
2023-09-23 05:00:00+02:00,5.108
2023-09-23 06:00:00+02:00,5.594
2023-09-23 07:00:00+02:00,6.368
2023-09-23 08:00:00+02:00,6.551
2023-09-23 09:00:00+02:00,5.412
2023-09-23 10:00:00+02:00,5.679
2023-09-23 11:00:00+02:00,6.678
2023-09-23 12:00:00+02:00,4.898
2023-09-23 13:00:00+02:00,3.025
2023-09-23 14:00:00+02:00,3.796
2023-09-23 15:00:00+02:00,2.225
2023-09-23 16:00:00+02:00,2.068
2023-09-23 17:00:00+02:00,2.333
2023-09-23 18:00:00+02:00,1.213
2023-09-23 19:00:00+02:00,1.836
2023-09-23 20:00:00+02:00,2.881
2023-09-23 21:00:00+02:00,2.322
2023-09-23 22:00:00+02:00,2.311
2023-09-23 23:00:00+02:00,1.956
2023-09-24 00:00:00+02:00,2.336
2023-09-24 01:00:00+02:00,2.068
2023-09-24 02:00:00+02:00,2.309
2023-09-24 03:00:00+02:00,2.906
2023-09-24 04:00:00+02:00,3.121
2023-09-24 05:00:00+02:00,2.705
2023-09-24 06:00:00+02:00,2.547
2023-09-24 07:00:00+02:00,2.771
2023-09-24 08:00:00+02:00,2.989
2023-09-24 09:00:00+02:00,3.199
2023-09-24 10:00:00+02:00,3.396
2023-09-24 11:00:00+02:00,4.04
2023-09-24 12:00:00+02:00,4.277
2023-09-24 13:00:00+02:00,4.659
2023-09-24 14:00:00+02:00,4.299
2023-09-24 15:00:00+02:00,4.189
2023-09-24 16:00:00+02:00,3.737
2023-09-24 17:00:00+02:00,3.45
2023-09-24 18:00:00+02:00,3.685
2023-09-24 19:00:00+02:00,4.191
2023-09-24 20:00:00+02:00,5.385
2023-09-24 21:00:00+02:00,3.458
2023-09-24 22:00:00+02:00,3.409
2023-09-24 23:00:00+02:00,3.194
2023-09-25 00:00:00+02:00,2.891
2023-09-25 01:00:00+02:00,2.687
2023-09-25 02:00:00+02:00,2.225
2023-09-25 03:00:00+02:00,2.412
2023-09-25 04:00:00+02:00,3.088
2023-09-25 05:00:00+02:00,3.126
2023-09-25 06:00:00+02:00,3.271
2023-09-25 07:00:00+02:00,3.618
2023-09-25 08:00:00+02:00,4.841
2023-09-25 09:00:00+02:00,4.828
2023-09-25 10:00:00+02:00,3.936
2023-09-25 11:00:00+02:00,3.704
2023-09-25 12:00:00+02:00,3.562
2023-09-25 13:00:00+02:00,5.04
2023-09-25 14:00:00+02:00,4.802
2023-09-25 15:00:00+02:00,5.302
2023-09-25 16:00:00+02:00,6.437
2023-09-25 17:00:00+02:00,5.774
2023-09-25 18:00:00+02:00,5.948
2023-09-25 19:00:00+02:00,6.376
2023-09-25 20:00:00+02:00,7.044
2023-09-25 21:00:00+02:00,7.998
2023-09-25 22:00:00+02:00,9.621
2023-09-25 23:00:00+02:00,11.53
2023-09-26 00:00:00+02:00,9.684
2023-09-26 01:00:00+02:00,9.923
2023-09-26 02:00:00+02:00,9.868
2023-09-26 03:00:00+02:00,10.985
2023-09-26 04:00:00+02:00,11.079
2023-09-26 05:00:00+02:00,11.284
2023-09-26 06:00:00+02:00,14.183
2023-09-26 07:00:00+02:00,15.492
2023-09-26 08:00:00+02:00,12.652
2023-09-26 09:00:00+02:00,13.558
2023-09-26 10:00:00+02:00,18.479
2023-09-26 11:00:00+02:00,10.031
2023-09-26 12:00:00+02:00,8.393
2023-09-26 13:00:00+02:00,8.333
2023-09-26 14:00:00+02:00,9.064
2023-09-26 15:00:00+02:00,10.926
2023-09-26 16:00:00+02:00,12.603
2023-09-26 17:00:00+02:00,17.538
2023-09-26 18:00:00+02:00,18.127
2023-09-26 19:00:00+02:00,18.742
2023-09-26 20:00:00+02:00,18.01
2023-09-26 21:00:00+02:00,18.523
2023-09-26 22:00:00+02:00,19.032
2023-09-26 23:00:00+02:00,20.665
2023-09-27 00:00:00+02:00,21.084
2023-09-27 01:00:00+02:00,22.525
2023-09-27 02:00:00+02:00,22.733
2023-09-27 03:00:00+02:00,21.516
2023-09-27 04:00:00+02:00,20.111
2023-09-27 05:00:00+02:00,22.015
2023-09-27 06:00:00+02:00,22.378
2023-09-27 07:00:00+02:00,19.654
2023-09-27 08:00:00+02:00,17.611
2023-09-27 09:00:00+02:00,16.616
2023-09-27 10:00:00+02:00,16.818
2023-09-27 11:00:00+02:00,16.502
2023-09-27 12:00:00+02:00,14.929
2023-09-27 13:00:00+02:00,13.622
2023-09-27 14:00:00+02:00,12.954
2023-09-27 15:00:00+02:00,12.616
2023-09-27 16:00:00+02:00,11.679
2023-09-27 17:00:00+02:00,12.793
2023-09-27 18:00:00+02:00,15.44
2023-09-27 19:00:00+02:00,19.124
2023-09-27 20:00:00+02:00,22.088
2023-09-27 21:00:00+02:00,25.786
2023-09-27 22:00:00+02:00,31.396
2023-09-27 23:00:00+02:00,28.216
2023-09-28 00:00:00+02:00,31.275
2023-09-28 01:00:00+02:00,30.766
2023-09-28 02:00:00+02:00,23.953
2023-09-28 03:00:00+02:00,23.687
2023-09-28 04:00:00+02:00,28.061
2023-09-28 05:00:00+02:00,30.128
2023-09-28 06:00:00+02:00,30.423
2023-09-28 07:00:00+02:00,29.789
2023-09-28 08:00:00+02:00,28.908
2023-09-28 09:00:00+02:00,27.333
2023-09-28 10:00:00+02:00,24.373
2023-09-28 11:00:00+02:00,21.998
2023-09-28 12:00:00+02:00,20.783
2023-09-28 13:00:00+02:00,20.522
2023-09-28 14:00:00+02:00,20.358
2023-09-28 15:00:00+02:00,19.25
2023-09-28 16:00:00+02:00,18.915
2023-09-28 17:00:00+02:00,17.071
2023-09-28 18:00:00+02:00,12.401
2023-09-28 19:00:00+02:00,11.757
2023-09-28 20:00:00+02:00,10.424
2023-09-28 21:00:00+02:00,10.245
2023-09-28 22:00:00+02:00,9.903
2023-09-28 23:00:00+02:00,10.033
2023-09-29 00:00:00+02:00,9.461
2023-09-29 01:00:00+02:00,9.053
2023-09-29 02:00:00+02:00,8.314
2023-09-29 03:00:00+02:00,8.619
2023-09-29 04:00:00+02:00,8.626
2023-09-29 05:00:00+02:00,8.704
2023-09-29 06:00:00+02:00,9.437
2023-09-29 07:00:00+02:00,10.971
2023-09-29 08:00:00+02:00,16.419
2023-09-29 09:00:00+02:00,18.752
2023-09-29 10:00:00+02:00,15.268
2023-09-29 11:00:00+02:00,13.085
2023-09-29 12:00:00+02:00,12.574
2023-09-29 13:00:00+02:00,10.803
2023-09-29 14:00:00+02:00,8.826
2023-09-29 15:00:00+02:00,9.273
2023-09-29 16:00:00+02:00,12.188
2023-09-29 17:00:00+02:00,15.884
2023-09-29 18:00:00+02:00,15.961
2023-09-29 19:00:00+02:00,16.831
2023-09-29 20:00:00+02:00,12.608
2023-09-29 21:00:00+02:00,12.835
2023-09-29 22:00:00+02:00,8.955
2023-09-29 23:00:00+02:00,2.417
2023-09-30 00:00:00+02:00,4.087
2023-09-30 01:00:00+02:00,6.81
2023-09-30 02:00:00+02:00,8.878
2023-09-30 03:00:00+02:00,9.567
2023-09-30 04:00:00+02:00,9.253
2023-09-30 05:00:00+02:00,8.814
2023-09-30 06:00:00+02:00,8.863
2023-09-30 07:00:00+02:00,8.819
2023-09-30 08:00:00+02:00,8.55
2023-09-30 09:00:00+02:00,8.214
2023-09-30 10:00:00+02:00,8.29
2023-09-30 11:00:00+02:00,8.374
2023-09-30 12:00:00+02:00,7.312
2023-09-30 13:00:00+02:00,6.078
2023-09-30 14:00:00+02:00,6.219
2023-09-30 15:00:00+02:00,7.536
2023-09-30 16:00:00+02:00,5.906
2023-09-30 17:00:00+02:00,5.404
2023-09-30 18:00:00+02:00,4.992
2023-09-30 19:00:00+02:00,4.895
2023-09-30 20:00:00+02:00,4.536
2023-09-30 21:00:00+02:00,4.485
2023-09-30 22:00:00+02:00,4.728
2023-09-30 23:00:00+02:00,4.762
2023-10-01 00:00:00+02:00,4.982
2023-10-01 00:00:00+02:00,4.982
2023-10-01 01:00:00+02:00,4.982
2023-10-01 02:00:00+02:00,5.448
2023-10-01 03:00:00+02:00,5.671
2023-10-01 04:00:00+02:00,5.833
2023-10-01 05:00:00+02:00,7.209
2023-10-01 06:00:00+02:00,6.927
2023-10-01 07:00:00+02:00,5.199
2023-10-01 08:00:00+02:00,5.019
2023-10-01 09:00:00+02:00,4.841
2023-10-01 10:00:00+02:00,4.886
2023-10-01 11:00:00+02:00,4.973
2023-10-01 12:00:00+02:00,4.734
2023-10-01 13:00:00+02:00,5.271
2023-10-01 14:00:00+02:00,4.873
2023-10-01 15:00:00+02:00,4.936
2023-10-01 16:00:00+02:00,5.292
2023-10-01 17:00:00+02:00,6.499
2023-10-01 18:00:00+02:00,8.613
2023-10-01 19:00:00+02:00,9.881
2023-10-01 20:00:00+02:00,7.948
2023-10-01 21:00:00+02:00,6.841
2023-10-01 22:00:00+02:00,7.52
2023-10-01 23:00:00+02:00,10.672
2023-10-02 00:00:00+02:00,7.349
2023-10-02 01:00:00+02:00,5.999
2023-10-02 02:00:00+02:00,4.866
2023-10-02 03:00:00+02:00,5.684
2023-10-02 04:00:00+02:00,8.748
2023-10-02 05:00:00+02:00,12.225
2023-10-02 06:00:00+02:00,10.313
2023-10-02 07:00:00+02:00,15.723
2023-10-02 08:00:00+02:00,19.154
2023-10-02 09:00:00+02:00,19.987
2023-10-02 10:00:00+02:00,18.368
2023-10-02 11:00:00+02:00,18.806
2023-10-02 12:00:00+02:00,15.384
2023-10-02 13:00:00+02:00,13.21
2023-10-02 14:00:00+02:00,14.959
2023-10-02 15:00:00+02:00,16.486
2023-10-02 16:00:00+02:00,16.896
2023-10-02 17:00:00+02:00,18.134
2023-10-02 18:00:00+02:00,18.504
2023-10-02 19:00:00+02:00,20.017
2023-10-02 20:00:00+02:00,19.678
2023-10-02 21:00:00+02:00,19.77
2023-10-02 22:00:00+02:00,20.635
2023-10-02 23:00:00+02:00,19.861
2023-10-03 00:00:00+02:00,18.83
2023-10-03 01:00:00+02:00,17.134
2023-10-03 02:00:00+02:00,19.814
2023-10-03 03:00:00+02:00,22.332
2023-10-03 04:00:00+02:00,22.133
2023-10-03 05:00:00+02:00,23.619
2023-10-03 06:00:00+02:00,22.472
2023-10-03 07:00:00+02:00,32.347
2023-10-03 08:00:00+02:00,31.921
2023-10-03 09:00:00+02:00,25.227
2023-10-03 10:00:00+02:00,19.652
2023-10-03 11:00:00+02:00,14.358
2023-10-03 12:00:00+02:00,12.861
2023-10-03 13:00:00+02:00,16.095
2023-10-03 14:00:00+02:00,20.272
2023-10-03 15:00:00+02:00,20.772
2023-10-03 16:00:00+02:00,14.438
2023-10-03 17:00:00+02:00,4.88
2023-10-03 18:00:00+02:00,1.901
2023-10-03 19:00:00+02:00,3.44
2023-10-03 20:00:00+02:00,3.559
2023-10-03 21:00:00+02:00,3.556
2023-10-03 22:00:00+02:00,4.243
2023-10-03 23:00:00+02:00,5.295
2023-10-04 00:00:00+02:00,5.931
2023-10-04 01:00:00+02:00,6.039
2023-10-04 02:00:00+02:00,6.199
2023-10-04 03:00:00+02:00,5.995
2023-10-04 04:00:00+02:00,5.568
2023-10-04 05:00:00+02:00,4.951
2023-10-04 06:00:00+02:00,4.902
2023-10-04 07:00:00+02:00,5.213
2023-10-04 08:00:00+02:00,4.825
2023-10-04 09:00:00+02:00,5.108
2023-10-04 10:00:00+02:00,6.094
2023-10-04 11:00:00+02:00,7.063
2023-10-04 12:00:00+02:00,8.109
2023-10-04 13:00:00+02:00,8.428
2023-10-04 14:00:00+02:00,8.962
2023-10-04 15:00:00+02:00,8.312
2023-10-04 16:00:00+02:00,8.669
2023-10-04 17:00:00+02:00,9.34
2023-10-04 18:00:00+02:00,9.184
2023-10-04 19:00:00+02:00,8.792
2023-10-04 20:00:00+02:00,7.367
2023-10-04 21:00:00+02:00,7.387
2023-10-04 22:00:00+02:00,7.344
2023-10-04 23:00:00+02:00,7.038
2023-10-05 00:00:00+02:00,7.341
2023-10-05 01:00:00+02:00,7.7
2023-10-05 02:00:00+02:00,8.324
2023-10-05 03:00:00+02:00,10.155
2023-10-05 04:00:00+02:00,11.031
2023-10-05 05:00:00+02:00,8.883
2023-10-05 06:00:00+02:00,5.177
2023-10-05 07:00:00+02:00,4.208
2023-10-05 08:00:00+02:00,4.875
2023-10-05 09:00:00+02:00,5.136
2023-10-05 10:00:00+02:00,6.203
2023-10-05 11:00:00+02:00,6.885
2023-10-05 12:00:00+02:00,6.629
2023-10-05 13:00:00+02:00,5.757
2023-10-05 14:00:00+02:00,4.813
2023-10-05 15:00:00+02:00,4.322
2023-10-05 16:00:00+02:00,3.482
2023-10-05 17:00:00+02:00,3.732
2023-10-05 18:00:00+02:00,4.2
2023-10-05 19:00:00+02:00,3.774
2023-10-05 20:00:00+02:00,3.51
2023-10-05 21:00:00+02:00,3.638
2023-10-05 22:00:00+02:00,4.145
2023-10-05 23:00:00+02:00,4.488
2023-10-06 00:00:00+02:00,4.642
2023-10-06 01:00:00+02:00,4.907
2023-10-06 02:00:00+02:00,5.348
2023-10-06 03:00:00+02:00,6.754
2023-10-06 04:00:00+02:00,6.823
2023-10-06 05:00:00+02:00,6.232
2023-10-06 06:00:00+02:00,4.716
2023-10-06 07:00:00+02:00,1.698
2023-10-06 08:00:00+02:00,2.047
2023-10-06 09:00:00+02:00,7.246
2023-10-06 10:00:00+02:00,9.038
2023-10-06 11:00:00+02:00,9.446
2023-10-06 12:00:00+02:00,8.34
2023-10-06 13:00:00+02:00,6.764
2023-10-06 14:00:00+02:00,6.823
2023-10-06 15:00:00+02:00,6.768
2023-10-06 16:00:00+02:00,6.647
2023-10-06 17:00:00+02:00,3.993
2023-10-06 18:00:00+02:00,2.148
2023-10-06 19:00:00+02:00,2.273
2023-10-06 20:00:00+02:00,5.927
2023-10-06 21:00:00+02:00,6.57
2023-10-06 22:00:00+02:00,6.848
2023-10-06 23:00:00+02:00,7.652
2023-10-07 00:00:00+02:00,7.471
2023-10-07 01:00:00+02:00,7.592
2023-10-07 02:00:00+02:00,7.874
2023-10-07 03:00:00+02:00,9.525
2023-10-07 04:00:00+02:00,9.745
2023-10-07 05:00:00+02:00,10.738
2023-10-07 06:00:00+02:00,11.663
2023-10-07 07:00:00+02:00,12.073
2023-10-07 08:00:00+02:00,8.119
2023-10-07 09:00:00+02:00,4.189
2023-10-07 10:00:00+02:00,3.471
2023-10-07 11:00:00+02:00,3.159
2023-10-07 12:00:00+02:00,2.285
2023-10-07 13:00:00+02:00,2.83
2023-10-07 14:00:00+02:00,2.094
2023-10-07 15:00:00+02:00,2.299
2023-10-07 16:00:00+02:00,1.984
2023-10-07 17:00:00+02:00,1.607
2023-10-07 18:00:00+02:00,1.533
2023-10-07 19:00:00+02:00,1.585
2023-10-07 20:00:00+02:00,1.857
2023-10-07 21:00:00+02:00,2.743
2023-10-07 22:00:00+02:00,2.377
2023-10-07 23:00:00+02:00,1.921
2023-10-08 00:00:00+02:00,1.561
2023-10-08 01:00:00+02:00,1.686
2023-10-08 02:00:00+02:00,1.799
2023-10-08 03:00:00+02:00,1.773
2023-10-08 04:00:00+02:00,1.988
2023-10-08 05:00:00+02:00,3.336
2023-10-08 06:00:00+02:00,1.386
2023-10-08 07:00:00+02:00,1.056
2023-10-08 08:00:00+02:00,1.175
2023-10-08 09:00:00+02:00,1.284
2023-10-08 10:00:00+02:00,1.225
2023-10-08 11:00:00+02:00,1.43
2023-10-08 12:00:00+02:00,0.991
2023-10-08 13:00:00+02:00,0.815
2023-10-08 14:00:00+02:00,0.931
2023-10-08 15:00:00+02:00,0.908
2023-10-08 16:00:00+02:00,0.981
2023-10-08 17:00:00+02:00,1.295
2023-10-08 18:00:00+02:00,1.62
2023-10-08 19:00:00+02:00,2.028
2023-10-08 20:00:00+02:00,3.216
2023-10-08 21:00:00+02:00,4.151
2023-10-08 22:00:00+02:00,4.186
2023-10-08 23:00:00+02:00,4.036
2023-10-09 00:00:00+02:00,4.301
2023-10-09 01:00:00+02:00,4.072
2023-10-09 02:00:00+02:00,2.346
2023-10-09 03:00:00+02:00,1.804
2023-10-09 04:00:00+02:00,1.597
2023-10-09 05:00:00+02:00,1.592
2023-10-09 06:00:00+02:00,1.412
2023-10-09 07:00:00+02:00,1.791
2023-10-09 08:00:00+02:00,2.505
2023-10-09 09:00:00+02:00,3.132
2023-10-09 10:00:00+02:00,2.879
2023-10-09 11:00:00+02:00,2.459
2023-10-09 12:00:00+02:00,2.707
2023-10-09 13:00:00+02:00,2.54
2023-10-09 14:00:00+02:00,2.697
2023-10-09 15:00:00+02:00,3.112
2023-10-09 16:00:00+02:00,3.625
2023-10-09 17:00:00+02:00,3.422
2023-10-09 18:00:00+02:00,3.708
2023-10-09 19:00:00+02:00,3.53
2023-10-09 20:00:00+02:00,3.556
2023-10-09 21:00:00+02:00,3.57
2023-10-09 22:00:00+02:00,3.256
2023-10-09 23:00:00+02:00,3.24
2023-10-10 00:00:00+02:00,3.642
2023-10-10 01:00:00+02:00,3.728
2023-10-10 02:00:00+02:00,3.988
2023-10-10 03:00:00+02:00,5.195
2023-10-10 04:00:00+02:00,4.752
2023-10-10 05:00:00+02:00,4.145
2023-10-10 06:00:00+02:00,5.012
2023-10-10 07:00:00+02:00,7.311
2023-10-10 08:00:00+02:00,9.603
2023-10-10 09:00:00+02:00,10.105
2023-10-10 10:00:00+02:00,9.756
2023-10-10 11:00:00+02:00,7.857
2023-10-10 12:00:00+02:00,7.205
2023-10-10 13:00:00+02:00,8.352
2023-10-10 14:00:00+02:00,6.213
2023-10-10 15:00:00+02:00,4.703
2023-10-10 16:00:00+02:00,2.848
2023-10-10 17:00:00+02:00,3.269
2023-10-10 18:00:00+02:00,2.78
2023-10-10 19:00:00+02:00,3.721
2023-10-10 20:00:00+02:00,4.248
2023-10-10 21:00:00+02:00,4.151
2023-10-10 22:00:00+02:00,6.182
2023-10-10 23:00:00+02:00,9.508
2023-10-11 00:00:00+02:00,11.299
2023-10-11 01:00:00+02:00,13.577
2023-10-11 02:00:00+02:00,19.269
2023-10-11 03:00:00+02:00,26.324
2023-10-11 04:00:00+02:00,27.375
2023-10-11 05:00:00+02:00,26.298
2023-10-11 06:00:00+02:00,25.137
2023-10-11 07:00:00+02:00,22.036
2023-10-11 08:00:00+02:00,20.748
2023-10-11 09:00:00+02:00,22.493
2023-10-11 10:00:00+02:00,22.715
2023-10-11 11:00:00+02:00,21.387
2023-10-11 12:00:00+02:00,21.357
2023-10-11 13:00:00+02:00,19.373
2023-10-11 14:00:00+02:00,15.439
2023-10-11 15:00:00+02:00,13.309
2023-10-11 16:00:00+02:00,11.021
2023-10-11 17:00:00+02:00,6.607
2023-10-11 18:00:00+02:00,2.652
2023-10-11 19:00:00+02:00,2.647
2023-10-11 20:00:00+02:00,4.145
2023-10-11 21:00:00+02:00,9.896
2023-10-11 22:00:00+02:00,10.724
2023-10-11 23:00:00+02:00,11.173
2023-10-12 00:00:00+02:00,9.748
2023-10-12 01:00:00+02:00,8.847
2023-10-12 02:00:00+02:00,8.137
2023-10-12 03:00:00+02:00,7.582
2023-10-12 04:00:00+02:00,7.11
2023-10-12 05:00:00+02:00,6.599
2023-10-12 06:00:00+02:00,6.365
2023-10-12 07:00:00+02:00,6.411
2023-10-12 08:00:00+02:00,6.228
2023-10-12 09:00:00+02:00,6.493
2023-10-12 10:00:00+02:00,7.134
2023-10-12 11:00:00+02:00,7.755
2023-10-12 12:00:00+02:00,7.077
2023-10-12 13:00:00+02:00,5.882
2023-10-12 14:00:00+02:00,6.169
2023-10-12 15:00:00+02:00,6.008
2023-10-12 16:00:00+02:00,6.272
2023-10-12 17:00:00+02:00,6.923
2023-10-12 18:00:00+02:00,7.825
2023-10-12 19:00:00+02:00,8.951
2023-10-12 20:00:00+02:00,9.633
2023-10-12 21:00:00+02:00,9.952
2023-10-12 22:00:00+02:00,10.791
2023-10-12 23:00:00+02:00,11.564
2023-10-13 00:00:00+02:00,11.713
2023-10-13 01:00:00+02:00,11.624
2023-10-13 02:00:00+02:00,11.915
2023-10-13 03:00:00+02:00,12.202
2023-10-13 04:00:00+02:00,11.67
2023-10-13 05:00:00+02:00,11.098
2023-10-13 06:00:00+02:00,11.678
2023-10-13 07:00:00+02:00,11.554
2023-10-13 08:00:00+02:00,10.64
2023-10-13 09:00:00+02:00,9.269
2023-10-13 10:00:00+02:00,6.241
2023-10-13 11:00:00+02:00,7.196
2023-10-13 12:00:00+02:00,5.518
2023-10-13 13:00:00+02:00,7.867
2023-10-13 14:00:00+02:00,7.957
2023-10-13 15:00:00+02:00,5.244
2023-10-13 16:00:00+02:00,5.825
2023-10-13 17:00:00+02:00,8.062
2023-10-13 18:00:00+02:00,10.689
2023-10-13 19:00:00+02:00,12.524
2023-10-13 20:00:00+02:00,14.238
2023-10-13 21:00:00+02:00,15.305
2023-10-13 22:00:00+02:00,15.019
2023-10-13 23:00:00+02:00,14.489
2023-10-14 00:00:00+02:00,11.552
2023-10-14 01:00:00+02:00,5.463
2023-10-14 02:00:00+02:00,3.409
2023-10-14 03:00:00+02:00,2.793
2023-10-14 04:00:00+02:00,3.413
2023-10-14 05:00:00+02:00,4.101
2023-10-14 06:00:00+02:00,2.75
2023-10-14 07:00:00+02:00,5.877
2023-10-14 08:00:00+02:00,6.769
2023-10-14 09:00:00+02:00,6.866
2023-10-14 10:00:00+02:00,6.745
2023-10-14 11:00:00+02:00,6.69
2023-10-14 12:00:00+02:00,6.048
2023-10-14 13:00:00+02:00,6.447
2023-10-14 14:00:00+02:00,7.747
2023-10-14 15:00:00+02:00,6.69
2023-10-14 16:00:00+02:00,5.873
2023-10-14 17:00:00+02:00,5.261
2023-10-14 18:00:00+02:00,6.787
2023-10-14 19:00:00+02:00,6.533
2023-10-14 20:00:00+02:00,5.004
2023-10-14 21:00:00+02:00,5.235
2023-10-14 22:00:00+02:00,5.975
2023-10-14 23:00:00+02:00,6.222
2023-10-15 00:00:00+02:00,5.709
2023-10-15 01:00:00+02:00,6.432
2023-10-15 02:00:00+02:00,6.618
2023-10-15 03:00:00+02:00,7.025
2023-10-15 04:00:00+02:00,6.992
2023-10-15 05:00:00+02:00,7.121
2023-10-15 06:00:00+02:00,7.834
2023-10-15 07:00:00+02:00,7.475
2023-10-15 08:00:00+02:00,6.754
2023-10-15 09:00:00+02:00,5.844
2023-10-15 10:00:00+02:00,4.378
2023-10-15 11:00:00+02:00,5.052
2023-10-15 12:00:00+02:00,5.433
2023-10-15 13:00:00+02:00,5.905
2023-10-15 14:00:00+02:00,5.374
2023-10-15 15:00:00+02:00,4.876
2023-10-15 16:00:00+02:00,4.323
2023-10-15 17:00:00+02:00,3.625
2023-10-15 18:00:00+02:00,3.764
2023-10-15 19:00:00+02:00,3.648
2023-10-15 20:00:00+02:00,4.099
2023-10-15 21:00:00+02:00,4.398
2023-10-15 22:00:00+02:00,5.382
2023-10-15 23:00:00+02:00,6.17
2023-10-16 00:00:00+02:00,6.21
2023-10-16 01:00:00+02:00,6.535
2023-10-16 02:00:00+02:00,6.746
2023-10-16 03:00:00+02:00,6.298
2023-10-16 04:00:00+02:00,5.326
2023-10-16 05:00:00+02:00,5.173
2023-10-16 06:00:00+02:00,4.936
2023-10-16 07:00:00+02:00,4.843
2023-10-16 08:00:00+02:00,4.51
2023-10-16 09:00:00+02:00,4.758
2023-10-16 10:00:00+02:00,4.612
2023-10-16 11:00:00+02:00,4.375
2023-10-16 12:00:00+02:00,3.812
2023-10-16 13:00:00+02:00,3.026
2023-10-16 14:00:00+02:00,2.438
2023-10-16 15:00:00+02:00,2.46
2023-10-16 16:00:00+02:00,2.097
2023-10-16 17:00:00+02:00,2.21
2023-10-16 18:00:00+02:00,1.998
2023-10-16 19:00:00+02:00,2.027
2023-10-16 20:00:00+02:00,1.966
2023-10-16 21:00:00+02:00,2.346
2023-10-16 22:00:00+02:00,3.298
2023-10-16 23:00:00+02:00,3.164
2023-10-17 00:00:00+02:00,2.552
2023-10-17 01:00:00+02:00,2.714
2023-10-17 02:00:00+02:00,2.622
2023-10-17 03:00:00+02:00,2.833
2023-10-17 04:00:00+02:00,2.797
2023-10-17 05:00:00+02:00,3.38
2023-10-17 06:00:00+02:00,4.022
2023-10-17 07:00:00+02:00,3.452
2023-10-17 08:00:00+02:00,3.198
2023-10-17 09:00:00+02:00,3.255
2023-10-17 10:00:00+02:00,3.367
2023-10-17 11:00:00+02:00,3.377
2023-10-17 12:00:00+02:00,3.086
2023-10-17 13:00:00+02:00,3.204
2023-10-17 14:00:00+02:00,3.121
2023-10-17 15:00:00+02:00,2.778
2023-10-17 16:00:00+02:00,2.478
2023-10-17 17:00:00+02:00,2.658
2023-10-17 18:00:00+02:00,2.668
2023-10-17 19:00:00+02:00,3.308
2023-10-17 20:00:00+02:00,3.315
2023-10-17 21:00:00+02:00,3.386
2023-10-17 22:00:00+02:00,3.942
2023-10-17 23:00:00+02:00,4.235
2023-10-18 00:00:00+02:00,4.088
2023-10-18 01:00:00+02:00,4.069
2023-10-18 02:00:00+02:00,3.902
2023-10-18 03:00:00+02:00,3.62
2023-10-18 04:00:00+02:00,3.551
2023-10-18 05:00:00+02:00,3.361
2023-10-18 06:00:00+02:00,3.149
2023-10-18 07:00:00+02:00,3.348
2023-10-18 08:00:00+02:00,3.545
2023-10-18 09:00:00+02:00,4.028
2023-10-18 10:00:00+02:00,4.15
2023-10-18 11:00:00+02:00,4.457
2023-10-18 12:00:00+02:00,4.906
2023-10-18 13:00:00+02:00,4.436
2023-10-18 14:00:00+02:00,4.386
2023-10-18 15:00:00+02:00,4.131
2023-10-18 16:00:00+02:00,4.368
2023-10-18 17:00:00+02:00,5.111
2023-10-18 18:00:00+02:00,5.931
2023-10-18 19:00:00+02:00,6.878
2023-10-18 20:00:00+02:00,6.378
2023-10-18 21:00:00+02:00,3.746
2023-10-18 22:00:00+02:00,2.658
2023-10-18 23:00:00+02:00,1.833
2023-10-19 00:00:00+02:00,1.251
2023-10-19 01:00:00+02:00,1.283
2023-10-19 02:00:00+02:00,1.858
2023-10-19 03:00:00+02:00,3.15
2023-10-19 04:00:00+02:00,3.234
2023-10-19 05:00:00+02:00,3.259
2023-10-19 06:00:00+02:00,3.175
2023-10-19 07:00:00+02:00,3.258
2023-10-19 08:00:00+02:00,3.352
2023-10-19 09:00:00+02:00,3.38
2023-10-19 10:00:00+02:00,3.198
2023-10-19 11:00:00+02:00,2.973
2023-10-19 12:00:00+02:00,2.756
2023-10-19 13:00:00+02:00,2.273
2023-10-19 14:00:00+02:00,2.421
2023-10-19 15:00:00+02:00,2.151
2023-10-19 16:00:00+02:00,2.091
2023-10-19 17:00:00+02:00,1.903
2023-10-19 18:00:00+02:00,1.926
2023-10-19 19:00:00+02:00,1.676
2023-10-19 20:00:00+02:00,1.833
2023-10-19 21:00:00+02:00,1.909
2023-10-19 22:00:00+02:00,1.517
2023-10-19 23:00:00+02:00,1.722
2023-10-20 00:00:00+02:00,1.98
2023-10-20 01:00:00+02:00,1.934
2023-10-20 02:00:00+02:00,1.719
2023-10-20 03:00:00+02:00,1.777
2023-10-20 04:00:00+02:00,1.898
2023-10-20 05:00:00+02:00,1.874
2023-10-20 06:00:00+02:00,2.069
2023-10-20 07:00:00+02:00,2.072
2023-10-20 08:00:00+02:00,2.116
2023-10-20 09:00:00+02:00,2.424
2023-10-20 10:00:00+02:00,2.485
2023-10-20 11:00:00+02:00,3.071
2023-10-20 12:00:00+02:00,3.741
2023-10-20 13:00:00+02:00,3.816
2023-10-20 14:00:00+02:00,4.096
2023-10-20 15:00:00+02:00,3.846
2023-10-20 16:00:00+02:00,3.892
2023-10-20 17:00:00+02:00,4.133
2023-10-20 18:00:00+02:00,3.738
2023-10-20 19:00:00+02:00,3.636
2023-10-20 20:00:00+02:00,4.441
2023-10-20 21:00:00+02:00,4.797
2023-10-20 22:00:00+02:00,4.992
2023-10-20 23:00:00+02:00,4.486
2023-10-21 00:00:00+02:00,3.698
2023-10-21 01:00:00+02:00,2.719
2023-10-21 02:00:00+02:00,2.388
2023-10-21 03:00:00+02:00,2.353
2023-10-21 04:00:00+02:00,1.694
2023-10-21 05:00:00+02:00,1.209
2023-10-21 06:00:00+02:00,0.875
2023-10-21 07:00:00+02:00,1.018
2023-10-21 08:00:00+02:00,1.179
2023-10-21 09:00:00+02:00,1.186
2023-10-21 10:00:00+02:00,1.14
2023-10-21 11:00:00+02:00,1.095
2023-10-21 12:00:00+02:00,1.397
2023-10-21 13:00:00+02:00,1.661
2023-10-21 14:00:00+02:00,1.54
2023-10-21 15:00:00+02:00,2.005
2023-10-21 16:00:00+02:00,2.277
2023-10-21 17:00:00+02:00,2.167
2023-10-21 18:00:00+02:00,2.539
2023-10-21 19:00:00+02:00,2.825
2023-10-21 20:00:00+02:00,4.764
2023-10-21 21:00:00+02:00,6.029
2023-10-21 22:00:00+02:00,6.525
2023-10-21 23:00:00+02:00,5.618
2023-10-22 00:00:00+02:00,7.208
2023-10-22 01:00:00+02:00,12.438
2023-10-22 02:00:00+02:00,17.838
2023-10-22 03:00:00+02:00,24.435
2023-10-22 04:00:00+02:00,20.469
2023-10-22 05:00:00+02:00,17.337
2023-10-22 06:00:00+02:00,11.81
2023-10-22 07:00:00+02:00,7.59
2023-10-22 08:00:00+02:00,6.776
2023-10-22 09:00:00+02:00,5.034
2023-10-22 10:00:00+02:00,5.302
2023-10-22 11:00:00+02:00,5.426
2023-10-22 12:00:00+02:00,6.144
2023-10-22 13:00:00+02:00,6.929
2023-10-22 14:00:00+02:00,5.058
2023-10-22 15:00:00+02:00,4.137
2023-10-22 16:00:00+02:00,4.337
2023-10-22 17:00:00+02:00,4.831
2023-10-22 18:00:00+02:00,4.514
2023-10-22 19:00:00+02:00,3.345
2023-10-22 20:00:00+02:00,2.527
2023-10-22 21:00:00+02:00,2.523
2023-10-22 22:00:00+02:00,3.244
2023-10-22 23:00:00+02:00,4.395
2023-10-23 00:00:00+02:00,3.956
2023-10-23 01:00:00+02:00,4.025
2023-10-23 02:00:00+02:00,4.418
2023-10-23 03:00:00+02:00,4.211
2023-10-23 04:00:00+02:00,3.962
2023-10-23 05:00:00+02:00,3.762
2023-10-23 06:00:00+02:00,3.588
2023-10-23 07:00:00+02:00,3.84
2023-10-23 08:00:00+02:00,4.181
2023-10-23 09:00:00+02:00,4.619
2023-10-23 10:00:00+02:00,4.21
2023-10-23 11:00:00+02:00,3.891
2023-10-23 12:00:00+02:00,3.607
2023-10-23 13:00:00+02:00,3.478
2023-10-23 14:00:00+02:00,3.312
2023-10-23 15:00:00+02:00,3.22
2023-10-23 16:00:00+02:00,3.815
2023-10-23 17:00:00+02:00,3.743
2023-10-23 18:00:00+02:00,3.476
2023-10-23 19:00:00+02:00,3.849
2023-10-23 20:00:00+02:00,4.478
2023-10-23 21:00:00+02:00,4.044
2023-10-23 22:00:00+02:00,4.387
2023-10-23 23:00:00+02:00,4.848
2023-10-24 00:00:00+02:00,4.594
2023-10-24 01:00:00+02:00,4.52
2023-10-24 02:00:00+02:00,5.028
2023-10-24 03:00:00+02:00,5.407
2023-10-24 04:00:00+02:00,5.628
2023-10-24 05:00:00+02:00,5.465
2023-10-24 06:00:00+02:00,5.018
2023-10-24 07:00:00+02:00,4.784
2023-10-24 08:00:00+02:00,4.411
2023-10-24 09:00:00+02:00,4.697
2023-10-24 10:00:00+02:00,5.075
2023-10-24 11:00:00+02:00,5.662
2023-10-24 12:00:00+02:00,5.643
2023-10-24 13:00:00+02:00,4.298
2023-10-24 14:00:00+02:00,3.321
2023-10-24 15:00:00+02:00,3.595
2023-10-24 16:00:00+02:00,3.851
2023-10-24 17:00:00+02:00,3.311
2023-10-24 18:00:00+02:00,3.377
2023-10-24 19:00:00+02:00,3.549
2023-10-24 20:00:00+02:00,3.775
2023-10-24 21:00:00+02:00,4.343
2023-10-24 22:00:00+02:00,2.479
2023-10-24 23:00:00+02:00,1.81
2023-10-25 00:00:00+02:00,1.627
2023-10-25 01:00:00+02:00,1.383
2023-10-25 02:00:00+02:00,1.328
2023-10-25 03:00:00+02:00,1.459
2023-10-25 04:00:00+02:00,1.293
2023-10-25 05:00:00+02:00,1.228
2023-10-25 06:00:00+02:00,2.134
2023-10-25 07:00:00+02:00,3.08
2023-10-25 08:00:00+02:00,2.638
2023-10-25 09:00:00+02:00,2.234
2023-10-25 10:00:00+02:00,2.396
2023-10-25 11:00:00+02:00,2.33
2023-10-25 12:00:00+02:00,2.723
2023-10-25 13:00:00+02:00,2.197
2023-10-25 14:00:00+02:00,2.067
2023-10-25 15:00:00+02:00,2.043
2023-10-25 16:00:00+02:00,2.175
2023-10-25 17:00:00+02:00,1.56
2023-10-25 18:00:00+02:00,1.467
2023-10-25 19:00:00+02:00,1.459
2023-10-25 20:00:00+02:00,1.231
2023-10-25 21:00:00+02:00,1.377
2023-10-25 22:00:00+02:00,1.651
2023-10-25 23:00:00+02:00,2.395
2023-10-26 00:00:00+02:00,3.504
2023-10-26 01:00:00+02:00,4.058
2023-10-26 02:00:00+02:00,3.735
2023-10-26 03:00:00+02:00,3.352
2023-10-26 04:00:00+02:00,3.029
2023-10-26 05:00:00+02:00,2.087
2023-10-26 06:00:00+02:00,1.333
2023-10-26 07:00:00+02:00,2.559
2023-10-26 08:00:00+02:00,2.131
2023-10-26 09:00:00+02:00,1.546
2023-10-26 10:00:00+02:00,2.873
2023-10-26 11:00:00+02:00,3.578
2023-10-26 12:00:00+02:00,3.344
2023-10-26 13:00:00+02:00,2.439
2023-10-26 14:00:00+02:00,14.997
2023-10-26 15:00:00+02:00,2.823
2023-10-26 16:00:00+02:00,2.719
2023-10-26 17:00:00+02:00,3.018
2023-10-26 18:00:00+02:00,3.132
2023-10-26 19:00:00+02:00,2.629
2023-10-26 20:00:00+02:00,2.243
2023-10-26 21:00:00+02:00,2.888
2023-10-26 22:00:00+02:00,2.334
2023-10-26 23:00:00+02:00,1.455
2023-10-27 00:00:00+02:00,1.736
2023-10-27 01:00:00+02:00,1.846
2023-10-27 02:00:00+02:00,1.815
2023-10-27 03:00:00+02:00,1.802
2023-10-27 04:00:00+02:00,1.651
2023-10-27 05:00:00+02:00,1.663
2023-10-27 06:00:00+02:00,1.916
2023-10-27 07:00:00+02:00,2.278
2023-10-27 08:00:00+02:00,2.32
2023-10-27 09:00:00+02:00,2.492
2023-10-27 10:00:00+02:00,2.691
2023-10-27 11:00:00+02:00,2.354
2023-10-27 12:00:00+02:00,2.22
2023-10-27 13:00:00+02:00,2.232
2023-10-27 14:00:00+02:00,2.288
2023-10-27 15:00:00+02:00,2.275
2023-10-27 16:00:00+02:00,2.077
2023-10-27 17:00:00+02:00,1.595
2023-10-27 18:00:00+02:00,1.937
2023-10-27 19:00:00+02:00,2.284
2023-10-27 20:00:00+02:00,2.296
2023-10-27 21:00:00+02:00,2.325
2023-10-27 22:00:00+02:00,2.314
2023-10-27 23:00:00+02:00,2.248
2023-10-28 00:00:00+02:00,2.583
2023-10-28 01:00:00+02:00,3.142
2023-10-28 02:00:00+02:00,3.88
2023-10-28 03:00:00+02:00,3.814
2023-10-28 04:00:00+02:00,3.829
2023-10-28 05:00:00+02:00,3.674
2023-10-28 06:00:00+02:00,3.827
2023-10-28 07:00:00+02:00,4.569
2023-10-28 08:00:00+02:00,5.107
2023-10-28 09:00:00+02:00,5.35
2023-10-28 10:00:00+02:00,5.95
2023-10-28 11:00:00+02:00,5.96
2023-10-28 12:00:00+02:00,5.808
2023-10-28 13:00:00+02:00,5.222
2023-10-28 14:00:00+02:00,4.597
2023-10-28 15:00:00+02:00,5.034
2023-10-28 16:00:00+02:00,5.085
2023-10-28 17:00:00+02:00,4.818
2023-10-28 18:00:00+02:00,4.891
2023-10-28 19:00:00+02:00,4.83
2023-10-28 20:00:00+02:00,3.663
2023-10-28 21:00:00+02:00,3.73
2023-10-28 22:00:00+02:00,3.639
2023-10-28 23:00:00+02:00,3.216
2023-10-29 00:00:00+02:00,2.451
2023-10-29 01:00:00+02:00,2.29
2023-10-29 02:00:00+02:00,1.79
2023-10-29 02:00:00+01:00,2.005
2023-10-29 03:00:00+01:00,2.593
2023-10-29 04:00:00+01:00,3.467
2023-10-29 05:00:00+01:00,4.915
2023-10-29 06:00:00+01:00,5.718
2023-10-29 07:00:00+01:00,7.472
2023-10-29 08:00:00+01:00,9.507
2023-10-29 09:00:00+01:00,9.964
2023-10-29 10:00:00+01:00,7.711
2023-10-29 11:00:00+01:00,6.029
2023-10-29 12:00:00+01:00,3.37
2023-10-29 13:00:00+01:00,2.282
2023-10-29 14:00:00+01:00,3.896
2023-10-29 15:00:00+01:00,4.033
2023-10-29 16:00:00+01:00,4.14
2023-10-29 17:00:00+01:00,4.458
2023-10-29 18:00:00+01:00,4.757
2023-10-29 19:00:00+01:00,4.586
2023-10-29 20:00:00+01:00,4.233
2023-10-29 21:00:00+01:00,4.212
2023-10-29 22:00:00+01:00,3.453
2023-10-29 23:00:00+01:00,3.26
2023-10-30 00:00:00+01:00,3.115
2023-10-30 01:00:00+01:00,2.637
2023-10-30 02:00:00+01:00,2.877
2023-10-30 03:00:00+01:00,2.964
2023-10-30 04:00:00+01:00,2.232
2023-10-30 05:00:00+01:00,2.533
2023-10-30 06:00:00+01:00,2.646
2023-10-30 07:00:00+01:00,3.005
2023-10-30 08:00:00+01:00,3.78
2023-10-30 09:00:00+01:00,4.579
2023-10-30 10:00:00+01:00,4.519
2023-10-30 11:00:00+01:00,4.044
2023-10-30 12:00:00+01:00,4.627
2023-10-30 13:00:00+01:00,4.943
2023-10-30 14:00:00+01:00,5.227
2023-10-30 15:00:00+01:00,5.616
2023-10-30 16:00:00+01:00,5.888
2023-10-30 17:00:00+01:00,5.57
2023-10-30 18:00:00+01:00,5.673
2023-10-30 19:00:00+01:00,5.721
2023-10-30 20:00:00+01:00,5.792
2023-10-30 21:00:00+01:00,5.466
2023-10-30 22:00:00+01:00,5.484
2023-10-30 23:00:00+01:00,5.782
2023-10-31 00:00:00+01:00,6.418
2023-10-31 01:00:00+01:00,7.067
2023-10-31 02:00:00+01:00,7.492
2023-10-31 03:00:00+01:00,7.404
2023-10-31 04:00:00+01:00,6.673
2023-10-31 05:00:00+01:00,6.334
2023-10-31 06:00:00+01:00,6.911
2023-10-31 07:00:00+01:00,6.335
2023-10-31 08:00:00+01:00,6.039
2023-10-31 09:00:00+01:00,4.989
2023-10-31 10:00:00+01:00,5.879
2023-10-31 11:00:00+01:00,5.897
2023-10-31 12:00:00+01:00,5.495
2023-10-31 13:00:00+01:00,2.454
2023-10-31 14:00:00+01:00,1.314
2023-10-31 15:00:00+01:00,1.443
2023-10-31 16:00:00+01:00,1.939
2023-10-31 17:00:00+01:00,2.238
2023-10-31 18:00:00+01:00,1.887
2023-10-31 19:00:00+01:00,1.739
2023-10-31 20:00:00+01:00,1.555
2023-10-31 21:00:00+01:00,1.353
2023-10-31 22:00:00+01:00,1.354
2023-10-31 23:00:00+01:00,1.193
2023-11-01 00:00:00+01:00,1.368
2023-11-01 00:00:00+01:00,1.368
2023-11-01 01:00:00+01:00,1.138
2023-11-01 02:00:00+01:00,1.334
2023-11-01 03:00:00+01:00,1.383
2023-11-01 04:00:00+01:00,1.508
2023-11-01 05:00:00+01:00,1.564
2023-11-01 06:00:00+01:00,1.511
2023-11-01 07:00:00+01:00,1.735
2023-11-01 08:00:00+01:00,1.935
2023-11-01 09:00:00+01:00,2.11
2023-11-01 10:00:00+01:00,1.786
2023-11-01 11:00:00+01:00,1.905
2023-11-01 12:00:00+01:00,3.005
2023-11-01 13:00:00+01:00,2.281
2023-11-01 14:00:00+01:00,2.937
2023-11-01 15:00:00+01:00,2.822
2023-11-01 16:00:00+01:00,3.51
2023-11-01 17:00:00+01:00,3.016
2023-11-01 18:00:00+01:00,2.277
2023-11-01 19:00:00+01:00,2.695
2023-11-01 20:00:00+01:00,4.206
2023-11-01 21:00:00+01:00,2.975
2023-11-01 22:00:00+01:00,5.126
2023-11-01 23:00:00+01:00,7.498
2023-11-02 00:00:00+01:00,6.046
2023-11-02 01:00:00+01:00,5.439
2023-11-02 02:00:00+01:00,5.348
2023-11-02 03:00:00+01:00,5.16
2023-11-02 04:00:00+01:00,4.957
2023-11-02 05:00:00+01:00,4.793
2023-11-02 06:00:00+01:00,5.242
2023-11-02 07:00:00+01:00,5.262
2023-11-02 08:00:00+01:00,5.31
2023-11-02 09:00:00+01:00,5.345
2023-11-02 10:00:00+01:00,5.272
2023-11-02 11:00:00+01:00,4.793
2023-11-02 12:00:00+01:00,5.75
2023-11-02 13:00:00+01:00,6.81
2023-11-02 14:00:00+01:00,6.822
2023-11-02 15:00:00+01:00,6.462
2023-11-02 16:00:00+01:00,6.423
2023-11-02 17:00:00+01:00,6.041
2023-11-02 18:00:00+01:00,6.0
2023-11-02 19:00:00+01:00,6.911
2023-11-02 20:00:00+01:00,7.928
2023-11-02 21:00:00+01:00,8.389
2023-11-02 22:00:00+01:00,8.345
2023-11-02 23:00:00+01:00,9.552
2023-11-03 00:00:00+01:00,10.515
2023-11-03 01:00:00+01:00,11.794
2023-11-03 02:00:00+01:00,11.928
2023-11-03 03:00:00+01:00,12.232
2023-11-03 04:00:00+01:00,12.07
2023-11-03 05:00:00+01:00,10.972
2023-11-03 06:00:00+01:00,9.92
2023-11-03 07:00:00+01:00,11.726
2023-11-03 08:00:00+01:00,12.729
2023-11-03 09:00:00+01:00,11.34
2023-11-03 10:00:00+01:00,9.292
2023-11-03 11:00:00+01:00,7.323
2023-11-03 12:00:00+01:00,4.882
2023-11-03 13:00:00+01:00,4.53
2023-11-03 14:00:00+01:00,4.469
2023-11-03 15:00:00+01:00,4.362
2023-11-03 16:00:00+01:00,4.494
2023-11-03 17:00:00+01:00,4.289
2023-11-03 18:00:00+01:00,4.493
2023-11-03 19:00:00+01:00,4.445
2023-11-03 20:00:00+01:00,4.888
2023-11-03 21:00:00+01:00,5.268
2023-11-03 22:00:00+01:00,5.551
2023-11-03 23:00:00+01:00,5.577
2023-11-04 00:00:00+01:00,5.89
2023-11-04 01:00:00+01:00,6.93
2023-11-04 02:00:00+01:00,7.356
2023-11-04 03:00:00+01:00,8.14
2023-11-04 04:00:00+01:00,8.502
2023-11-04 05:00:00+01:00,8.623
2023-11-04 06:00:00+01:00,7.839
2023-11-04 07:00:00+01:00,7.756
2023-11-04 08:00:00+01:00,8.393
2023-11-04 09:00:00+01:00,9.427
2023-11-04 10:00:00+01:00,8.844
2023-11-04 11:00:00+01:00,6.848
2023-11-04 12:00:00+01:00,6.784
2023-11-04 13:00:00+01:00,5.683
2023-11-04 14:00:00+01:00,4.562
2023-11-04 15:00:00+01:00,4.009
2023-11-04 16:00:00+01:00,4.164
2023-11-04 17:00:00+01:00,4.344
2023-11-04 18:00:00+01:00,4.165
2023-11-04 19:00:00+01:00,3.244
2023-11-04 20:00:00+01:00,3.027
2023-11-04 21:00:00+01:00,2.776
2023-11-04 22:00:00+01:00,2.558
2023-11-04 23:00:00+01:00,2.905
2023-11-05 00:00:00+01:00,4.859
2023-11-05 01:00:00+01:00,5.833
2023-11-05 02:00:00+01:00,5.372
2023-11-05 03:00:00+01:00,4.916
2023-11-05 04:00:00+01:00,5.494
2023-11-05 05:00:00+01:00,5.095
2023-11-05 06:00:00+01:00,6.0
2023-11-05 07:00:00+01:00,6.819
2023-11-05 08:00:00+01:00,6.493
2023-11-05 09:00:00+01:00,7.128
2023-11-05 10:00:00+01:00,5.231
2023-11-05 11:00:00+01:00,3.695
2023-11-05 12:00:00+01:00,3.237
2023-11-05 13:00:00+01:00,3.235
2023-11-05 14:00:00+01:00,3.759
2023-11-05 15:00:00+01:00,4.143
2023-11-05 16:00:00+01:00,3.926
2023-11-05 17:00:00+01:00,6.347
2023-11-05 18:00:00+01:00,6.272
2023-11-05 19:00:00+01:00,6.818
2023-11-05 20:00:00+01:00,5.916
2023-11-05 21:00:00+01:00,5.447
2023-11-05 22:00:00+01:00,5.275
2023-11-05 23:00:00+01:00,6.658
2023-11-06 00:00:00+01:00,6.421
2023-11-06 01:00:00+01:00,7.062
2023-11-06 02:00:00+01:00,5.361
2023-11-06 03:00:00+01:00,6.066
2023-11-06 04:00:00+01:00,8.163
2023-11-06 05:00:00+01:00,7.361
2023-11-06 06:00:00+01:00,7.323
2023-11-06 07:00:00+01:00,10.636
2023-11-06 08:00:00+01:00,12.595
2023-11-06 09:00:00+01:00,8.68
2023-11-06 10:00:00+01:00,2.684
2023-11-06 11:00:00+01:00,3.233
2023-11-06 12:00:00+01:00,2.958
2023-11-06 13:00:00+01:00,4.222
2023-11-06 14:00:00+01:00,4.249
2023-11-06 15:00:00+01:00,4.576
2023-11-06 16:00:00+01:00,4.367
2023-11-06 17:00:00+01:00,3.847
2023-11-06 18:00:00+01:00,4.151
2023-11-06 19:00:00+01:00,4.685
2023-11-06 20:00:00+01:00,3.878
2023-11-06 21:00:00+01:00,5.15
2023-11-06 22:00:00+01:00,6.15
2023-11-06 23:00:00+01:00,5.761
2023-11-07 00:00:00+01:00,5.498
2023-11-07 01:00:00+01:00,5.567
2023-11-07 02:00:00+01:00,5.223
2023-11-07 03:00:00+01:00,4.188
2023-11-07 04:00:00+01:00,2.614
2023-11-07 05:00:00+01:00,4.816
2023-11-07 06:00:00+01:00,6.706
2023-11-07 07:00:00+01:00,6.358
2023-11-07 08:00:00+01:00,8.313
2023-11-07 09:00:00+01:00,8.291
2023-11-07 10:00:00+01:00,8.358
2023-11-07 11:00:00+01:00,7.963
2023-11-07 12:00:00+01:00,7.542
2023-11-07 13:00:00+01:00,7.985
2023-11-07 14:00:00+01:00,8.14
2023-11-07 15:00:00+01:00,7.223
2023-11-07 16:00:00+01:00,6.668
2023-11-07 17:00:00+01:00,5.585
2023-11-07 18:00:00+01:00,6.898
2023-11-07 19:00:00+01:00,8.045
2023-11-07 20:00:00+01:00,8.375
2023-11-07 21:00:00+01:00,7.18
2023-11-07 22:00:00+01:00,5.802
2023-11-07 23:00:00+01:00,7.046
2023-11-08 00:00:00+01:00,7.167
2023-11-08 01:00:00+01:00,5.449
2023-11-08 02:00:00+01:00,8.099
2023-11-08 03:00:00+01:00,9.129
2023-11-08 04:00:00+01:00,9.776
2023-11-08 05:00:00+01:00,10.925
2023-11-08 06:00:00+01:00,10.043
2023-11-08 07:00:00+01:00,9.834
2023-11-08 08:00:00+01:00,8.897
2023-11-08 09:00:00+01:00,7.438
2023-11-08 10:00:00+01:00,5.771
2023-11-08 11:00:00+01:00,4.269
2023-11-08 12:00:00+01:00,3.078
2023-11-08 13:00:00+01:00,3.012
2023-11-08 14:00:00+01:00,3.013
2023-11-08 15:00:00+01:00,2.88
2023-11-08 16:00:00+01:00,2.815
2023-11-08 17:00:00+01:00,3.596
2023-11-08 18:00:00+01:00,3.717
2023-11-08 19:00:00+01:00,4.432
2023-11-08 20:00:00+01:00,6.261
2023-11-08 21:00:00+01:00,7.419
2023-11-08 22:00:00+01:00,7.455
2023-11-08 23:00:00+01:00,7.643
2023-11-09 00:00:00+01:00,7.74
2023-11-09 01:00:00+01:00,6.807
2023-11-09 02:00:00+01:00,5.531
2023-11-09 03:00:00+01:00,4.331
2023-11-09 04:00:00+01:00,3.863
2023-11-09 05:00:00+01:00,4.178
2023-11-09 06:00:00+01:00,4.703
2023-11-09 07:00:00+01:00,5.061
2023-11-09 08:00:00+01:00,5.176
2023-11-09 09:00:00+01:00,4.559
2023-11-09 10:00:00+01:00,2.445
2023-11-09 11:00:00+01:00,1.846
2023-11-09 12:00:00+01:00,1.572
2023-11-09 13:00:00+01:00,1.913
2023-11-09 14:00:00+01:00,2.81
2023-11-09 15:00:00+01:00,3.017
2023-11-09 16:00:00+01:00,2.442
2023-11-09 17:00:00+01:00,3.871
2023-11-09 18:00:00+01:00,4.392
2023-11-09 19:00:00+01:00,5.3
2023-11-09 20:00:00+01:00,4.55
2023-11-09 21:00:00+01:00,3.73
2023-11-09 22:00:00+01:00,2.939
2023-11-09 23:00:00+01:00,4.29
2023-11-10 00:00:00+01:00,4.962
2023-11-10 01:00:00+01:00,6.205
2023-11-10 02:00:00+01:00,7.145
2023-11-10 03:00:00+01:00,7.178
2023-11-10 04:00:00+01:00,7.033
2023-11-10 05:00:00+01:00,7.849
2023-11-10 06:00:00+01:00,8.921
2023-11-10 07:00:00+01:00,6.406
2023-11-10 08:00:00+01:00,3.408
2023-11-10 09:00:00+01:00,1.756
2023-11-10 10:00:00+01:00,3.368
2023-11-10 11:00:00+01:00,3.795
2023-11-10 12:00:00+01:00,3.644
2023-11-10 13:00:00+01:00,4.353
2023-11-10 14:00:00+01:00,4.387
2023-11-10 15:00:00+01:00,4.671
2023-11-10 16:00:00+01:00,4.132
2023-11-10 17:00:00+01:00,4.257
2023-11-10 18:00:00+01:00,4.207
2023-11-10 19:00:00+01:00,4.323
2023-11-10 20:00:00+01:00,4.383
2023-11-10 21:00:00+01:00,4.734
2023-11-10 22:00:00+01:00,4.988
2023-11-10 23:00:00+01:00,5.854
2023-11-11 00:00:00+01:00,6.408
2023-11-11 01:00:00+01:00,6.127
2023-11-11 02:00:00+01:00,5.0
2023-11-11 03:00:00+01:00,4.11
2023-11-11 04:00:00+01:00,3.411
2023-11-11 05:00:00+01:00,3.838
2023-11-11 06:00:00+01:00,4.251
2023-11-11 07:00:00+01:00,3.806
2023-11-11 08:00:00+01:00,3.895
2023-11-11 09:00:00+01:00,4.302
2023-11-11 10:00:00+01:00,4.512
2023-11-11 11:00:00+01:00,3.998
2023-11-11 12:00:00+01:00,3.994
2023-11-11 13:00:00+01:00,4.037
2023-11-11 14:00:00+01:00,3.321
2023-11-11 15:00:00+01:00,4.004
2023-11-11 16:00:00+01:00,4.587
2023-11-11 17:00:00+01:00,6.205
2023-11-11 18:00:00+01:00,8.273
2023-11-11 19:00:00+01:00,9.631
2023-11-11 20:00:00+01:00,12.819
2023-11-11 21:00:00+01:00,9.036
2023-11-11 22:00:00+01:00,11.253
2023-11-11 23:00:00+01:00,9.688
2023-11-12 00:00:00+01:00,7.21
2023-11-12 01:00:00+01:00,10.656
2023-11-12 02:00:00+01:00,11.914
2023-11-12 03:00:00+01:00,12.244
2023-11-12 04:00:00+01:00,11.177
2023-11-12 05:00:00+01:00,12.045
2023-11-12 06:00:00+01:00,11.949
2023-11-12 07:00:00+01:00,12.114
2023-11-12 08:00:00+01:00,11.165
2023-11-12 09:00:00+01:00,10.27
2023-11-12 10:00:00+01:00,8.934
2023-11-12 11:00:00+01:00,8.423
2023-11-12 12:00:00+01:00,9.145
2023-11-12 13:00:00+01:00,7.366
2023-11-12 14:00:00+01:00,5.535
2023-11-12 15:00:00+01:00,5.234
2023-11-12 16:00:00+01:00,2.566
2023-11-12 17:00:00+01:00,2.581
2023-11-12 18:00:00+01:00,3.945
2023-11-12 19:00:00+01:00,4.106
2023-11-12 20:00:00+01:00,4.901
2023-11-12 21:00:00+01:00,4.09
2023-11-12 22:00:00+01:00,3.15
2023-11-12 23:00:00+01:00,3.144
2023-11-13 00:00:00+01:00,3.676
2023-11-13 01:00:00+01:00,3.833
2023-11-13 02:00:00+01:00,3.922
2023-11-13 03:00:00+01:00,3.781
2023-11-13 04:00:00+01:00,3.471
2023-11-13 05:00:00+01:00,3.318
2023-11-13 06:00:00+01:00,3.067
2023-11-13 07:00:00+01:00,3.815
2023-11-13 08:00:00+01:00,4.789
2023-11-13 09:00:00+01:00,6.227
2023-11-13 10:00:00+01:00,7.586
2023-11-13 11:00:00+01:00,6.911
2023-11-13 12:00:00+01:00,6.275
2023-11-13 13:00:00+01:00,5.426
2023-11-13 14:00:00+01:00,5.695
2023-11-13 15:00:00+01:00,5.686
2023-11-13 16:00:00+01:00,7.489
2023-11-13 17:00:00+01:00,6.064
2023-11-13 18:00:00+01:00,6.365
2023-11-13 19:00:00+01:00,12.196
2023-11-13 20:00:00+01:00,12.117
2023-11-13 21:00:00+01:00,6.667
2023-11-13 22:00:00+01:00,7.92
2023-11-13 23:00:00+01:00,5.445
2023-11-14 00:00:00+01:00,3.844
2023-11-14 01:00:00+01:00,1.763
2023-11-14 02:00:00+01:00,1.616
2023-11-14 03:00:00+01:00,1.425
2023-11-14 04:00:00+01:00,1.511
2023-11-14 05:00:00+01:00,1.576
2023-11-14 06:00:00+01:00,1.26
2023-11-14 07:00:00+01:00,1.218
2023-11-14 08:00:00+01:00,1.554
2023-11-14 09:00:00+01:00,1.92
2023-11-14 10:00:00+01:00,2.107
2023-11-14 11:00:00+01:00,2.047
2023-11-14 12:00:00+01:00,2.816
2023-11-14 13:00:00+01:00,3.271
2023-11-14 14:00:00+01:00,2.711
2023-11-14 15:00:00+01:00,4.67
2023-11-14 16:00:00+01:00,2.69
2023-11-14 17:00:00+01:00,3.349
2023-11-14 18:00:00+01:00,4.796
2023-11-14 19:00:00+01:00,4.156
2023-11-14 20:00:00+01:00,3.722
2023-11-14 21:00:00+01:00,3.728
2023-11-14 22:00:00+01:00,3.749
2023-11-14 23:00:00+01:00,3.446
2023-11-15 00:00:00+01:00,2.862
2023-11-15 01:00:00+01:00,1.625
2023-11-15 02:00:00+01:00,1.393
2023-11-15 03:00:00+01:00,1.074
2023-11-15 04:00:00+01:00,0.944
2023-11-15 05:00:00+01:00,0.877
2023-11-15 06:00:00+01:00,0.978
2023-11-15 07:00:00+01:00,3.301
2023-11-15 08:00:00+01:00,4.621
2023-11-15 09:00:00+01:00,8.407
2023-11-15 10:00:00+01:00,6.662
2023-11-15 11:00:00+01:00,2.797
2023-11-15 12:00:00+01:00,5.633
2023-11-15 13:00:00+01:00,2.706
2023-11-15 14:00:00+01:00,3.089
2023-11-15 15:00:00+01:00,2.818
2023-11-15 16:00:00+01:00,2.947
2023-11-15 17:00:00+01:00,2.798
2023-11-15 18:00:00+01:00,3.905
2023-11-15 19:00:00+01:00,3.064
2023-11-15 20:00:00+01:00,2.874
2023-11-15 21:00:00+01:00,3.158
2023-11-15 22:00:00+01:00,2.355
2023-11-15 23:00:00+01:00,1.85
2023-11-16 00:00:00+01:00,1.357
2023-11-16 01:00:00+01:00,1.327
2023-11-16 02:00:00+01:00,1.184
2023-11-16 03:00:00+01:00,1.142
2023-11-16 04:00:00+01:00,0.895
2023-11-16 05:00:00+01:00,0.82
2023-11-16 06:00:00+01:00,0.906
2023-11-16 07:00:00+01:00,0.717
2023-11-16 08:00:00+01:00,0.667
2023-11-16 09:00:00+01:00,0.945
2023-11-16 10:00:00+01:00,0.994
2023-11-16 11:00:00+01:00,1.247
2023-11-16 12:00:00+01:00,1.128
2023-11-16 13:00:00+01:00,1.373
2023-11-16 14:00:00+01:00,1.477
2023-11-16 15:00:00+01:00,0.954
2023-11-16 16:00:00+01:00,0.89
2023-11-16 17:00:00+01:00,1.045
2023-11-16 18:00:00+01:00,1.441
2023-11-16 19:00:00+01:00,1.27
2023-11-16 20:00:00+01:00,1.55
2023-11-16 21:00:00+01:00,1.886
2023-11-16 22:00:00+01:00,1.398
2023-11-16 23:00:00+01:00,1.208
2023-11-17 00:00:00+01:00,1.404
2023-11-17 01:00:00+01:00,0.851
2023-11-17 02:00:00+01:00,0.762
2023-11-17 03:00:00+01:00,0.732
2023-11-17 04:00:00+01:00,0.782
2023-11-17 05:00:00+01:00,0.876
2023-11-17 06:00:00+01:00,0.488
2023-11-17 07:00:00+01:00,0.733
2023-11-17 08:00:00+01:00,1.139
2023-11-17 09:00:00+01:00,0.931
2023-11-17 10:00:00+01:00,0.937
2023-11-17 11:00:00+01:00,1.437
2023-11-17 12:00:00+01:00,1.833
2023-11-17 13:00:00+01:00,2.733
2023-11-17 14:00:00+01:00,2.768
2023-11-17 15:00:00+01:00,2.179
2023-11-17 16:00:00+01:00,2.706
2023-11-17 17:00:00+01:00,3.082
2023-11-17 18:00:00+01:00,2.979
2023-11-17 19:00:00+01:00,3.133
2023-11-17 20:00:00+01:00,3.597
2023-11-17 21:00:00+01:00,3.5
2023-11-17 22:00:00+01:00,3.616
2023-11-17 23:00:00+01:00,3.137
2023-11-18 00:00:00+01:00,3.855
2023-11-18 01:00:00+01:00,3.246
2023-11-18 02:00:00+01:00,3.971
2023-11-18 03:00:00+01:00,3.874
2023-11-18 04:00:00+01:00,3.105
2023-11-18 05:00:00+01:00,3.302
2023-11-18 06:00:00+01:00,3.728
2023-11-18 07:00:00+01:00,3.844
2023-11-18 08:00:00+01:00,4.21
2023-11-18 09:00:00+01:00,5.685
2023-11-18 10:00:00+01:00,5.318
2023-11-18 11:00:00+01:00,4.245
2023-11-18 12:00:00+01:00,5.072
2023-11-18 13:00:00+01:00,5.31
2023-11-18 14:00:00+01:00,4.195
2023-11-18 15:00:00+01:00,4.488
2023-11-18 16:00:00+01:00,5.564
2023-11-18 17:00:00+01:00,6.259
2023-11-18 18:00:00+01:00,11.748
2023-11-18 19:00:00+01:00,8.837
2023-11-18 20:00:00+01:00,7.154
2023-11-18 21:00:00+01:00,6.48
2023-11-18 22:00:00+01:00,5.231
2023-11-18 23:00:00+01:00,5.021
2023-11-19 00:00:00+01:00,4.494
2023-11-19 01:00:00+01:00,3.687
2023-11-19 02:00:00+01:00,2.755
2023-11-19 03:00:00+01:00,3.509
2023-11-19 04:00:00+01:00,4.018
2023-11-19 05:00:00+01:00,5.637
2023-11-19 06:00:00+01:00,10.722
2023-11-19 07:00:00+01:00,8.963
2023-11-19 08:00:00+01:00,8.51
2023-11-19 09:00:00+01:00,6.391
2023-11-19 10:00:00+01:00,6.139
2023-11-19 11:00:00+01:00,4.041
2023-11-19 12:00:00+01:00,1.948
2023-11-19 13:00:00+01:00,2.074
2023-11-19 14:00:00+01:00,2.759
2023-11-19 15:00:00+01:00,2.075
2023-11-19 16:00:00+01:00,2.161
2023-11-19 17:00:00+01:00,2.406
2023-11-19 18:00:00+01:00,4.351
2023-11-19 19:00:00+01:00,4.95
2023-11-19 20:00:00+01:00,5.028
2023-11-19 21:00:00+01:00,6.57
2023-11-19 22:00:00+01:00,8.429
2023-11-19 23:00:00+01:00,8.654
2023-11-20 00:00:00+01:00,8.919
2023-11-20 01:00:00+01:00,9.82
2023-11-20 02:00:00+01:00,10.271
2023-11-20 03:00:00+01:00,10.019
2023-11-20 04:00:00+01:00,9.48
2023-11-20 05:00:00+01:00,9.638
2023-11-20 06:00:00+01:00,9.716
2023-11-20 07:00:00+01:00,9.817
2023-11-20 08:00:00+01:00,9.644
2023-11-20 09:00:00+01:00,7.612
2023-11-20 10:00:00+01:00,6.909
2023-11-20 11:00:00+01:00,6.71
2023-11-20 12:00:00+01:00,7.519
2023-11-20 13:00:00+01:00,9.067
2023-11-20 14:00:00+01:00,9.008
2023-11-20 15:00:00+01:00,6.839
2023-11-20 16:00:00+01:00,6.538
2023-11-20 17:00:00+01:00,5.694
2023-11-20 18:00:00+01:00,5.641
2023-11-20 19:00:00+01:00,7.59
2023-11-20 20:00:00+01:00,7.577
2023-11-20 21:00:00+01:00,6.708
2023-11-20 22:00:00+01:00,5.978
2023-11-20 23:00:00+01:00,6.246
2023-11-21 00:00:00+01:00,7.02
2023-11-21 01:00:00+01:00,7.915
2023-11-21 02:00:00+01:00,7.819
2023-11-21 03:00:00+01:00,7.462
2023-11-21 04:00:00+01:00,6.896
2023-11-21 05:00:00+01:00,6.517
2023-11-21 06:00:00+01:00,6.605
2023-11-21 07:00:00+01:00,6.889
2023-11-21 08:00:00+01:00,7.93
2023-11-21 09:00:00+01:00,6.99
2023-11-21 10:00:00+01:00,6.412
2023-11-21 11:00:00+01:00,6.084
2023-11-21 12:00:00+01:00,5.051
2023-11-21 13:00:00+01:00,4.958
2023-11-21 14:00:00+01:00,4.273
2023-11-21 15:00:00+01:00,6.774
2023-11-21 16:00:00+01:00,6.18
2023-11-21 17:00:00+01:00,6.096
2023-11-21 18:00:00+01:00,6.201
2023-11-21 19:00:00+01:00,7.12
2023-11-21 20:00:00+01:00,8.186
2023-11-21 21:00:00+01:00,7.853
2023-11-21 22:00:00+01:00,9.183
2023-11-21 23:00:00+01:00,6.997
2023-11-22 00:00:00+01:00,7.197
2023-11-22 01:00:00+01:00,6.375
2023-11-22 02:00:00+01:00,5.385
2023-11-22 03:00:00+01:00,4.502
2023-11-22 04:00:00+01:00,5.014
2023-11-22 05:00:00+01:00,4.483
2023-11-22 06:00:00+01:00,4.825
2023-11-22 07:00:00+01:00,5.321
2023-11-22 08:00:00+01:00,6.335
2023-11-22 09:00:00+01:00,4.831
2023-11-22 10:00:00+01:00,4.717
2023-11-22 11:00:00+01:00,4.514
2023-11-22 12:00:00+01:00,2.615
2023-11-22 13:00:00+01:00,2.656
2023-11-22 14:00:00+01:00,3.355
2023-11-22 15:00:00+01:00,4.006
2023-11-22 16:00:00+01:00,5.131
2023-11-22 17:00:00+01:00,3.898
2023-11-22 18:00:00+01:00,2.675
2023-11-22 19:00:00+01:00,3.364
2023-11-22 20:00:00+01:00,3.631
2023-11-22 21:00:00+01:00,2.743
2023-11-22 22:00:00+01:00,3.134
2023-11-22 23:00:00+01:00,4.628
2023-11-23 00:00:00+01:00,6.615
2023-11-23 01:00:00+01:00,6.857
2023-11-23 02:00:00+01:00,4.431
2023-11-23 03:00:00+01:00,3.833
2023-11-23 04:00:00+01:00,1.932
2023-11-23 05:00:00+01:00,2.45
2023-11-23 06:00:00+01:00,5.585
2023-11-23 07:00:00+01:00,7.665
2023-11-23 08:00:00+01:00,7.635
2023-11-23 09:00:00+01:00,5.843
2023-11-23 10:00:00+01:00,3.799
2023-11-23 11:00:00+01:00,5.077
2023-11-23 12:00:00+01:00,4.185
2023-11-23 13:00:00+01:00,3.855
2023-11-23 14:00:00+01:00,3.27
2023-11-23 15:00:00+01:00,4.864
2023-11-23 16:00:00+01:00,5.591
2023-11-23 17:00:00+01:00,6.329
2023-11-23 18:00:00+01:00,4.861
2023-11-23 19:00:00+01:00,5.946
2023-11-23 20:00:00+01:00,5.733
2023-11-23 21:00:00+01:00,5.349
2023-11-23 22:00:00+01:00,6.444
2023-11-23 23:00:00+01:00,6.265
2023-11-24 00:00:00+01:00,6.03
2023-11-24 01:00:00+01:00,6.822
2023-11-24 02:00:00+01:00,7.362
2023-11-24 03:00:00+01:00,7.237
2023-11-24 04:00:00+01:00,5.07
2023-11-24 05:00:00+01:00,4.333
2023-11-24 06:00:00+01:00,3.764
2023-11-24 07:00:00+01:00,4.249
2023-11-24 08:00:00+01:00,4.456
2023-11-24 09:00:00+01:00,5.31
2023-11-24 10:00:00+01:00,5.236
2023-11-24 11:00:00+01:00,4.288
2023-11-24 12:00:00+01:00,3.769
2023-11-24 13:00:00+01:00,3.97
2023-11-24 14:00:00+01:00,2.461
2023-11-24 15:00:00+01:00,2.176
2023-11-24 16:00:00+01:00,2.372
2023-11-24 17:00:00+01:00,2.916
2023-11-24 18:00:00+01:00,2.678
2023-11-24 19:00:00+01:00,2.998
2023-11-24 20:00:00+01:00,2.203
2023-11-24 21:00:00+01:00,2.134
2023-11-24 22:00:00+01:00,1.674
2023-11-24 23:00:00+01:00,1.584
2023-11-25 00:00:00+01:00,1.593
2023-11-25 01:00:00+01:00,1.974
2023-11-25 02:00:00+01:00,2.121
2023-11-25 03:00:00+01:00,2.237
2023-11-25 04:00:00+01:00,2.42
2023-11-25 05:00:00+01:00,2.688
2023-11-25 06:00:00+01:00,2.694
2023-11-25 07:00:00+01:00,2.76
2023-11-25 08:00:00+01:00,2.244
2023-11-25 09:00:00+01:00,2.406
2023-11-25 10:00:00+01:00,2.628
2023-11-25 11:00:00+01:00,2.122
2023-11-25 12:00:00+01:00,2.389
2023-11-25 13:00:00+01:00,2.775
2023-11-25 14:00:00+01:00,2.653
2023-11-25 15:00:00+01:00,3.392
2023-11-25 16:00:00+01:00,3.342
2023-11-25 17:00:00+01:00,3.527
2023-11-25 18:00:00+01:00,3.758
2023-11-25 19:00:00+01:00,4.535
2023-11-25 20:00:00+01:00,3.965
2023-11-25 21:00:00+01:00,3.367
2023-11-25 22:00:00+01:00,2.705
2023-11-25 23:00:00+01:00,2.535
2023-11-26 00:00:00+01:00,2.622
2023-11-26 01:00:00+01:00,2.694
2023-11-26 02:00:00+01:00,2.864
2023-11-26 03:00:00+01:00,2.844
2023-11-26 04:00:00+01:00,2.381
2023-11-26 05:00:00+01:00,2.409
2023-11-26 06:00:00+01:00,2.272
2023-11-26 07:00:00+01:00,2.707
2023-11-26 08:00:00+01:00,2.885
2023-11-26 09:00:00+01:00,4.23
2023-11-26 10:00:00+01:00,5.867
2023-11-26 11:00:00+01:00,2.761
2023-11-26 12:00:00+01:00,3.279
2023-11-26 13:00:00+01:00,3.271
2023-11-26 14:00:00+01:00,2.608
2023-11-26 15:00:00+01:00,2.881
2023-11-26 16:00:00+01:00,5.175
2023-11-26 17:00:00+01:00,5.921
2023-11-26 18:00:00+01:00,5.623
2023-11-26 19:00:00+01:00,7.086
2023-11-26 20:00:00+01:00,5.471
2023-11-26 21:00:00+01:00,4.938
2023-11-26 22:00:00+01:00,5.676
2023-11-26 23:00:00+01:00,6.086
2023-11-27 00:00:00+01:00,6.397
2023-11-27 01:00:00+01:00,4.096
2023-11-27 02:00:00+01:00,3.717
2023-11-27 03:00:00+01:00,4.675
2023-11-27 04:00:00+01:00,4.263
2023-11-27 05:00:00+01:00,3.456
2023-11-27 06:00:00+01:00,3.389
2023-11-27 07:00:00+01:00,3.295
2023-11-27 08:00:00+01:00,3.802
2023-11-27 09:00:00+01:00,4.625
2023-11-27 10:00:00+01:00,5.916
2023-11-27 11:00:00+01:00,5.703
2023-11-27 12:00:00+01:00,4.125
2023-11-27 13:00:00+01:00,3.609
2023-11-27 14:00:00+01:00,3.507
2023-11-27 15:00:00+01:00,3.28
2023-11-27 16:00:00+01:00,2.663
2023-11-27 17:00:00+01:00,2.472
2023-11-27 18:00:00+01:00,2.634
2023-11-27 19:00:00+01:00,3.714
2023-11-27 20:00:00+01:00,4.419
2023-11-27 21:00:00+01:00,4.075
2023-11-27 22:00:00+01:00,3.476
2023-11-27 23:00:00+01:00,3.475
2023-11-28 00:00:00+01:00,3.498
2023-11-28 01:00:00+01:00,3.918
2023-11-28 02:00:00+01:00,3.897
2023-11-28 03:00:00+01:00,3.622
2023-11-28 04:00:00+01:00,3.348
2023-11-28 05:00:00+01:00,4.361
2023-11-28 06:00:00+01:00,7.171
2023-11-28 07:00:00+01:00,11.681
2023-11-28 08:00:00+01:00,10.442
2023-11-28 09:00:00+01:00,7.027
2023-11-28 10:00:00+01:00,7.071
2023-11-28 11:00:00+01:00,7.433
2023-11-28 12:00:00+01:00,7.425
2023-11-28 13:00:00+01:00,6.81
2023-11-28 14:00:00+01:00,4.754
2023-11-28 15:00:00+01:00,5.45
2023-11-28 16:00:00+01:00,5.752
2023-11-28 17:00:00+01:00,6.044
2023-11-28 18:00:00+01:00,6.021
2023-11-28 19:00:00+01:00,6.267
2023-11-28 20:00:00+01:00,8.288
2023-11-28 21:00:00+01:00,7.488
2023-11-28 22:00:00+01:00,5.811
2023-11-28 23:00:00+01:00,5.338
2023-11-29 00:00:00+01:00,5.907
2023-11-29 01:00:00+01:00,5.782
2023-11-29 02:00:00+01:00,5.713
2023-11-29 03:00:00+01:00,6.034
2023-11-29 04:00:00+01:00,6.739
2023-11-29 05:00:00+01:00,6.973
2023-11-29 06:00:00+01:00,7.329
2023-11-29 07:00:00+01:00,7.486
2023-11-29 08:00:00+01:00,6.872
2023-11-29 09:00:00+01:00,6.79
2023-11-29 10:00:00+01:00,6.422
2023-11-29 11:00:00+01:00,5.822
2023-11-29 12:00:00+01:00,5.827
2023-11-29 13:00:00+01:00,5.258
2023-11-29 14:00:00+01:00,4.991
2023-11-29 15:00:00+01:00,4.284
2023-11-29 16:00:00+01:00,5.405
2023-11-29 17:00:00+01:00,6.637
2023-11-29 18:00:00+01:00,6.13
2023-11-29 19:00:00+01:00,6.035
2023-11-29 20:00:00+01:00,6.088
2023-11-29 21:00:00+01:00,7.088
2023-11-29 22:00:00+01:00,7.827
2023-11-29 23:00:00+01:00,8.172
2023-11-30 00:00:00+01:00,7.136
2023-11-30 01:00:00+01:00,8.266
2023-11-30 02:00:00+01:00,8.709
2023-11-30 03:00:00+01:00,8.339
2023-11-30 04:00:00+01:00,7.968
2023-11-30 05:00:00+01:00,6.545
2023-11-30 06:00:00+01:00,5.571
2023-11-30 07:00:00+01:00,7.421
2023-11-30 08:00:00+01:00,6.879
2023-11-30 09:00:00+01:00,3.323
2023-11-30 10:00:00+01:00,2.806
2023-11-30 11:00:00+01:00,3.83
2023-11-30 12:00:00+01:00,3.196
2023-11-30 13:00:00+01:00,3.664
2023-11-30 14:00:00+01:00,3.753
2023-11-30 15:00:00+01:00,3.339
2023-11-30 16:00:00+01:00,3.231
2023-11-30 17:00:00+01:00,3.336
2023-11-30 18:00:00+01:00,3.948
2023-11-30 19:00:00+01:00,4.753
2023-11-30 20:00:00+01:00,4.635
2023-11-30 21:00:00+01:00,5.155
2023-11-30 22:00:00+01:00,5.584
2023-11-30 23:00:00+01:00,5.844
2023-12-01 00:00:00+01:00,5.797
2023-12-01 00:00:00+01:00,5.797
2023-12-01 01:00:00+01:00,5.773
2023-12-01 02:00:00+01:00,5.2
2023-12-01 03:00:00+01:00,4.946
2023-12-01 04:00:00+01:00,4.703
2023-12-01 05:00:00+01:00,3.726
2023-12-01 06:00:00+01:00,3.672
2023-12-01 07:00:00+01:00,3.847
2023-12-01 08:00:00+01:00,4.7
2023-12-01 09:00:00+01:00,4.6
2023-12-01 10:00:00+01:00,4.673
2023-12-01 11:00:00+01:00,4.034
2023-12-01 12:00:00+01:00,4.237
2023-12-01 13:00:00+01:00,4.443
2023-12-01 14:00:00+01:00,4.564
2023-12-01 15:00:00+01:00,4.438
2023-12-01 16:00:00+01:00,4.387
2023-12-01 17:00:00+01:00,4.714
2023-12-01 18:00:00+01:00,4.664
2023-12-01 19:00:00+01:00,5.247
2023-12-01 20:00:00+01:00,4.363
2023-12-01 21:00:00+01:00,4.217
2023-12-01 22:00:00+01:00,4.359
2023-12-01 23:00:00+01:00,4.125
2023-12-02 00:00:00+01:00,4.181
2023-12-02 01:00:00+01:00,3.436
2023-12-02 02:00:00+01:00,3.413
2023-12-02 03:00:00+01:00,2.942
2023-12-02 04:00:00+01:00,2.838
2023-12-02 05:00:00+01:00,3.118
2023-12-02 06:00:00+01:00,3.323
2023-12-02 07:00:00+01:00,2.902
2023-12-02 08:00:00+01:00,3.297
2023-12-02 09:00:00+01:00,4.636
2023-12-02 10:00:00+01:00,5.649
2023-12-02 11:00:00+01:00,5.808
2023-12-02 12:00:00+01:00,4.947
2023-12-02 13:00:00+01:00,4.538
2023-12-02 14:00:00+01:00,4.711
2023-12-02 15:00:00+01:00,4.355
2023-12-02 16:00:00+01:00,4.98
2023-12-02 17:00:00+01:00,5.629
2023-12-02 18:00:00+01:00,5.02
2023-12-02 19:00:00+01:00,6.778
2023-12-02 20:00:00+01:00,8.43
2023-12-02 21:00:00+01:00,7.15
2023-12-02 22:00:00+01:00,6.544
2023-12-02 23:00:00+01:00,5.157
2023-12-03 00:00:00+01:00,4.669
2023-12-03 01:00:00+01:00,4.071
2023-12-03 02:00:00+01:00,3.395
2023-12-03 03:00:00+01:00,2.652
2023-12-03 04:00:00+01:00,2.854
2023-12-03 05:00:00+01:00,2.718
2023-12-03 06:00:00+01:00,2.511
2023-12-03 07:00:00+01:00,2.359
2023-12-03 08:00:00+01:00,2.267
2023-12-03 09:00:00+01:00,2.774
2023-12-03 10:00:00+01:00,3.467
2023-12-03 11:00:00+01:00,4.096
2023-12-03 12:00:00+01:00,4.133
2023-12-03 13:00:00+01:00,4.248
2023-12-03 14:00:00+01:00,4.645
2023-12-03 15:00:00+01:00,4.203
2023-12-03 16:00:00+01:00,4.237
2023-12-03 17:00:00+01:00,5.029
2023-12-03 18:00:00+01:00,5.793
2023-12-03 19:00:00+01:00,6.655
2023-12-03 20:00:00+01:00,6.314
2023-12-03 21:00:00+01:00,6.45
2023-12-03 22:00:00+01:00,6.096
2023-12-03 23:00:00+01:00,5.989
2023-12-04 00:00:00+01:00,6.524
2023-12-04 01:00:00+01:00,6.993
2023-12-04 02:00:00+01:00,6.635
2023-12-04 03:00:00+01:00,7.783
2023-12-04 04:00:00+01:00,8.967
2023-12-04 05:00:00+01:00,12.722
2023-12-04 06:00:00+01:00,12.504
2023-12-04 07:00:00+01:00,11.9
2023-12-04 08:00:00+01:00,14.597
2023-12-04 09:00:00+01:00,15.641
2023-12-04 10:00:00+01:00,15.123
2023-12-04 11:00:00+01:00,14.291
2023-12-04 12:00:00+01:00,13.719
2023-12-04 13:00:00+01:00,10.071
2023-12-04 14:00:00+01:00,9.48
2023-12-04 15:00:00+01:00,10.681
2023-12-04 16:00:00+01:00,11.514
2023-12-04 17:00:00+01:00,11.255
2023-12-04 18:00:00+01:00,13.085
2023-12-04 19:00:00+01:00,14.193
2023-12-04 20:00:00+01:00,13.578
2023-12-04 21:00:00+01:00,13.449
2023-12-04 22:00:00+01:00,13.9
2023-12-04 23:00:00+01:00,13.179
2023-12-05 00:00:00+01:00,11.109
2023-12-05 01:00:00+01:00,9.81
2023-12-05 02:00:00+01:00,8.526
2023-12-05 03:00:00+01:00,7.796
2023-12-05 04:00:00+01:00,7.033
2023-12-05 05:00:00+01:00,6.503
2023-12-05 06:00:00+01:00,5.765
2023-12-05 07:00:00+01:00,8.334
2023-12-05 08:00:00+01:00,13.232
2023-12-05 09:00:00+01:00,12.241
2023-12-05 10:00:00+01:00,13.491
2023-12-05 11:00:00+01:00,12.119
2023-12-05 12:00:00+01:00,11.109
2023-12-05 13:00:00+01:00,9.874
2023-12-05 14:00:00+01:00,7.047
2023-12-05 15:00:00+01:00,7.438
2023-12-05 16:00:00+01:00,6.527
2023-12-05 17:00:00+01:00,5.677
2023-12-05 18:00:00+01:00,4.776
2023-12-05 19:00:00+01:00,3.618
2023-12-05 20:00:00+01:00,5.279
2023-12-05 21:00:00+01:00,10.064
2023-12-05 22:00:00+01:00,10.722
2023-12-05 23:00:00+01:00,10.238
2023-12-06 00:00:00+01:00,9.604
2023-12-06 01:00:00+01:00,9.408
2023-12-06 02:00:00+01:00,10.0
2023-12-06 03:00:00+01:00,10.068
2023-12-06 04:00:00+01:00,10.276
2023-12-06 05:00:00+01:00,9.809
2023-12-06 06:00:00+01:00,10.847
2023-12-06 07:00:00+01:00,10.458
2023-12-06 08:00:00+01:00,11.663
2023-12-06 09:00:00+01:00,10.098
2023-12-06 10:00:00+01:00,8.984
2023-12-06 11:00:00+01:00,10.643
2023-12-06 12:00:00+01:00,12.755
2023-12-06 13:00:00+01:00,11.809
2023-12-06 14:00:00+01:00,11.491
2023-12-06 15:00:00+01:00,14.619
2023-12-06 16:00:00+01:00,18.103
2023-12-06 17:00:00+01:00,20.52
2023-12-06 18:00:00+01:00,20.608
2023-12-06 19:00:00+01:00,18.648
2023-12-06 20:00:00+01:00,16.402
2023-12-06 21:00:00+01:00,15.845
2023-12-06 22:00:00+01:00,16.882
2023-12-06 23:00:00+01:00,16.835
2023-12-07 00:00:00+01:00,16.84
2023-12-07 01:00:00+01:00,12.856
2023-12-07 02:00:00+01:00,9.66
2023-12-07 03:00:00+01:00,9.494
2023-12-07 04:00:00+01:00,8.927
2023-12-07 05:00:00+01:00,8.398
2023-12-07 06:00:00+01:00,8.59
2023-12-07 07:00:00+01:00,9.012
2023-12-07 08:00:00+01:00,11.093
2023-12-07 09:00:00+01:00,12.917
2023-12-07 10:00:00+01:00,14.366
2023-12-07 11:00:00+01:00,15.278
2023-12-07 12:00:00+01:00,17.719
2023-12-07 13:00:00+01:00,19.669
2023-12-07 14:00:00+01:00,21.919
2023-12-07 15:00:00+01:00,27.762
2023-12-07 16:00:00+01:00,33.833
2023-12-07 17:00:00+01:00,48.519
2023-12-07 18:00:00+01:00,59.13
2023-12-07 19:00:00+01:00,57.174
2023-12-07 20:00:00+01:00,50.66
2023-12-07 21:00:00+01:00,47.759
2023-12-07 22:00:00+01:00,52.934
2023-12-07 23:00:00+01:00,58.391
2023-12-08 00:00:00+01:00,54.338
2023-12-08 01:00:00+01:00,47.798
2023-12-08 02:00:00+01:00,42.78
2023-12-08 03:00:00+01:00,43.023
2023-12-08 04:00:00+01:00,44.074
2023-12-08 05:00:00+01:00,46.583
2023-12-08 06:00:00+01:00,44.811
2023-12-08 07:00:00+01:00,41.488
2023-12-08 08:00:00+01:00,27.78
2023-12-08 09:00:00+01:00,11.99
2023-12-08 10:00:00+01:00,13.951
2023-12-08 11:00:00+01:00,20.196
2023-12-08 12:00:00+01:00,16.588
2023-12-08 13:00:00+01:00,10.663
2023-12-08 14:00:00+01:00,10.152
2023-12-08 15:00:00+01:00,10.88
2023-12-08 16:00:00+01:00,12.755
2023-12-08 17:00:00+01:00,24.269
2023-12-08 18:00:00+01:00,32.51
2023-12-08 19:00:00+01:00,23.664
2023-12-08 20:00:00+01:00,22.204
2023-12-08 21:00:00+01:00,22.311
2023-12-08 22:00:00+01:00,23.522
2023-12-08 23:00:00+01:00,25.519
2023-12-09 00:00:00+01:00,29.111
2023-12-09 01:00:00+01:00,33.091
2023-12-09 02:00:00+01:00,41.451
2023-12-09 03:00:00+01:00,37.564
2023-12-09 04:00:00+01:00,30.895
2023-12-09 05:00:00+01:00,30.942
2023-12-09 06:00:00+01:00,28.071
2023-12-09 07:00:00+01:00,26.88
2023-12-09 08:00:00+01:00,24.379
2023-12-09 09:00:00+01:00,23.617
2023-12-09 10:00:00+01:00,23.566
2023-12-09 11:00:00+01:00,25.499
2023-12-09 12:00:00+01:00,22.825
2023-12-09 13:00:00+01:00,21.58
2023-12-09 14:00:00+01:00,21.347
2023-12-09 15:00:00+01:00,21.075
2023-12-09 16:00:00+01:00,17.617
2023-12-09 17:00:00+01:00,14.884
2023-12-09 18:00:00+01:00,11.794
2023-12-09 19:00:00+01:00,7.94
2023-12-09 20:00:00+01:00,11.343
2023-12-09 21:00:00+01:00,17.763
2023-12-09 22:00:00+01:00,22.912
2023-12-09 23:00:00+01:00,22.273
2023-12-10 00:00:00+01:00,20.721
2023-12-10 01:00:00+01:00,20.554
2023-12-10 02:00:00+01:00,17.641
2023-12-10 03:00:00+01:00,17.324
2023-12-10 04:00:00+01:00,19.247
2023-12-10 05:00:00+01:00,17.699
2023-12-10 06:00:00+01:00,17.148
2023-12-10 07:00:00+01:00,14.124
2023-12-10 08:00:00+01:00,13.659
2023-12-10 09:00:00+01:00,11.888
2023-12-10 10:00:00+01:00,12.816
2023-12-10 11:00:00+01:00,10.523
2023-12-10 12:00:00+01:00,8.403
2023-12-10 13:00:00+01:00,5.45
2023-12-10 14:00:00+01:00,6.02
2023-12-10 15:00:00+01:00,6.877
2023-12-10 16:00:00+01:00,8.788
2023-12-10 17:00:00+01:00,11.438
2023-12-10 18:00:00+01:00,14.534
2023-12-10 19:00:00+01:00,16.988
2023-12-10 20:00:00+01:00,17.596
2023-12-10 21:00:00+01:00,17.948
2023-12-10 22:00:00+01:00,15.266
2023-12-10 23:00:00+01:00,12.794
2023-12-11 00:00:00+01:00,11.111
2023-12-11 01:00:00+01:00,7.455
2023-12-11 02:00:00+01:00,6.029
2023-12-11 03:00:00+01:00,4.412
2023-12-11 04:00:00+01:00,3.239
2023-12-11 05:00:00+01:00,3.205
2023-12-11 06:00:00+01:00,2.925
2023-12-11 07:00:00+01:00,2.453
2023-12-11 08:00:00+01:00,2.745
2023-12-11 09:00:00+01:00,3.534
2023-12-11 10:00:00+01:00,3.843
2023-12-11 11:00:00+01:00,4.376
2023-12-11 12:00:00+01:00,5.023
2023-12-11 13:00:00+01:00,6.657
2023-12-11 14:00:00+01:00,6.44
2023-12-11 15:00:00+01:00,6.919
2023-12-11 16:00:00+01:00,4.778
2023-12-11 17:00:00+01:00,3.428
2023-12-11 18:00:00+01:00,3.257
2023-12-11 19:00:00+01:00,3.176
2023-12-11 20:00:00+01:00,2.372
2023-12-11 21:00:00+01:00,1.962
2023-12-11 22:00:00+01:00,2.175
2023-12-11 23:00:00+01:00,2.898
2023-12-12 00:00:00+01:00,3.037
2023-12-12 01:00:00+01:00,3.238
2023-12-12 02:00:00+01:00,3.283
2023-12-12 03:00:00+01:00,3.447
2023-12-12 04:00:00+01:00,4.225
2023-12-12 05:00:00+01:00,4.827
2023-12-12 06:00:00+01:00,3.671
2023-12-12 07:00:00+01:00,3.463
2023-12-12 08:00:00+01:00,4.06
2023-12-12 09:00:00+01:00,4.348
2023-12-12 10:00:00+01:00,5.193
2023-12-12 11:00:00+01:00,5.36
2023-12-12 12:00:00+01:00,5.433
2023-12-12 13:00:00+01:00,4.993
2023-12-12 14:00:00+01:00,5.379
2023-12-12 15:00:00+01:00,6.063
2023-12-12 16:00:00+01:00,6.122
2023-12-12 17:00:00+01:00,5.816
2023-12-12 18:00:00+01:00,6.568
2023-12-12 19:00:00+01:00,5.938
2023-12-12 20:00:00+01:00,6.152
2023-12-12 21:00:00+01:00,5.816
2023-12-12 22:00:00+01:00,5.344
2023-12-12 23:00:00+01:00,5.462
2023-12-13 00:00:00+01:00,5.695
2023-12-13 01:00:00+01:00,6.187
2023-12-13 02:00:00+01:00,6.484
2023-12-13 03:00:00+01:00,6.272
2023-12-13 04:00:00+01:00,5.769
2023-12-13 05:00:00+01:00,5.503
2023-12-13 06:00:00+01:00,5.125
2023-12-13 07:00:00+01:00,4.853
2023-12-13 08:00:00+01:00,4.783
2023-12-13 09:00:00+01:00,5.354
2023-12-13 10:00:00+01:00,6.128
2023-12-13 11:00:00+01:00,5.803
2023-12-13 12:00:00+01:00,5.33
2023-12-13 13:00:00+01:00,5.135
2023-12-13 14:00:00+01:00,6.533
2023-12-13 15:00:00+01:00,6.317
2023-12-13 16:00:00+01:00,6.485
2023-12-13 17:00:00+01:00,6.5
2023-12-13 18:00:00+01:00,6.834
2023-12-13 19:00:00+01:00,6.287
2023-12-13 20:00:00+01:00,5.898
2023-12-13 21:00:00+01:00,5.979
2023-12-13 22:00:00+01:00,5.52
2023-12-13 23:00:00+01:00,5.162
2023-12-14 00:00:00+01:00,4.861
2023-12-14 01:00:00+01:00,4.382
2023-12-14 02:00:00+01:00,4.123
2023-12-14 03:00:00+01:00,3.975
2023-12-14 04:00:00+01:00,3.966
2023-12-14 05:00:00+01:00,3.967
2023-12-14 06:00:00+01:00,3.968
2023-12-14 07:00:00+01:00,3.937
2023-12-14 08:00:00+01:00,4.55
2023-12-14 09:00:00+01:00,4.823
2023-12-14 10:00:00+01:00,4.672
2023-12-14 11:00:00+01:00,5.617
2023-12-14 12:00:00+01:00,5.003
2023-12-14 13:00:00+01:00,5.01
2023-12-14 14:00:00+01:00,6.008
2023-12-14 15:00:00+01:00,6.505
2023-12-14 16:00:00+01:00,7.38
2023-12-14 17:00:00+01:00,7.805
2023-12-14 18:00:00+01:00,8.246
2023-12-14 19:00:00+01:00,8.247
2023-12-14 20:00:00+01:00,8.62
2023-12-14 21:00:00+01:00,8.847
2023-12-14 22:00:00+01:00,7.528
2023-12-14 23:00:00+01:00,6.434
2023-12-15 00:00:00+01:00,6.953
2023-12-15 01:00:00+01:00,7.382
2023-12-15 02:00:00+01:00,8.073
2023-12-15 03:00:00+01:00,9.467
2023-12-15 04:00:00+01:00,10.823
2023-12-15 05:00:00+01:00,10.762
2023-12-15 06:00:00+01:00,10.028
2023-12-15 07:00:00+01:00,11.489
2023-12-15 08:00:00+01:00,14.411
2023-12-15 09:00:00+01:00,15.617
2023-12-15 10:00:00+01:00,17.404
2023-12-15 11:00:00+01:00,15.968
2023-12-15 12:00:00+01:00,13.659
2023-12-15 13:00:00+01:00,12.161
2023-12-15 14:00:00+01:00,11.543
2023-12-15 15:00:00+01:00,9.841
2023-12-15 16:00:00+01:00,8.454
2023-12-15 17:00:00+01:00,7.567
2023-12-15 18:00:00+01:00,8.722
2023-12-15 19:00:00+01:00,9.492
2023-12-15 20:00:00+01:00,9.884
2023-12-15 21:00:00+01:00,9.561
2023-12-15 22:00:00+01:00,9.385
2023-12-15 23:00:00+01:00,8.974
2023-12-16 00:00:00+01:00,8.325
2023-12-16 01:00:00+01:00,7.505
2023-12-16 02:00:00+01:00,7.293
2023-12-16 03:00:00+01:00,7.773
2023-12-16 04:00:00+01:00,8.386
2023-12-16 05:00:00+01:00,8.269
2023-12-16 06:00:00+01:00,7.509
2023-12-16 07:00:00+01:00,7.576
2023-12-16 08:00:00+01:00,8.087
2023-12-16 09:00:00+01:00,8.78
2023-12-16 10:00:00+01:00,10.845
2023-12-16 11:00:00+01:00,9.715
2023-12-16 12:00:00+01:00,9.792
2023-12-16 13:00:00+01:00,10.719
2023-12-16 14:00:00+01:00,10.623
2023-12-16 15:00:00+01:00,10.828
2023-12-16 16:00:00+01:00,12.787
2023-12-16 17:00:00+01:00,11.19
2023-12-16 18:00:00+01:00,9.874
2023-12-16 19:00:00+01:00,8.034
2023-12-16 20:00:00+01:00,8.007
2023-12-16 21:00:00+01:00,9.214
2023-12-16 22:00:00+01:00,9.964
2023-12-16 23:00:00+01:00,9.257
2023-12-17 00:00:00+01:00,8.612
2023-12-17 01:00:00+01:00,8.71
2023-12-17 02:00:00+01:00,9.545
2023-12-17 03:00:00+01:00,8.898
2023-12-17 04:00:00+01:00,7.94
2023-12-17 05:00:00+01:00,7.652
2023-12-17 06:00:00+01:00,6.687
2023-12-17 07:00:00+01:00,5.376
2023-12-17 08:00:00+01:00,5.141
2023-12-17 09:00:00+01:00,6.476
2023-12-17 10:00:00+01:00,12.353
2023-12-17 11:00:00+01:00,9.908
2023-12-17 12:00:00+01:00,12.268
2023-12-17 13:00:00+01:00,9.147
2023-12-17 14:00:00+01:00,6.977
2023-12-17 15:00:00+01:00,8.182
2023-12-17 16:00:00+01:00,8.14
2023-12-17 17:00:00+01:00,8.144
2023-12-17 18:00:00+01:00,7.298
2023-12-17 19:00:00+01:00,6.42
2023-12-17 20:00:00+01:00,6.459
2023-12-17 21:00:00+01:00,7.852
2023-12-17 22:00:00+01:00,7.768
2023-12-17 23:00:00+01:00,7.344
2023-12-18 00:00:00+01:00,8.519
2023-12-18 01:00:00+01:00,7.134
2023-12-18 02:00:00+01:00,5.22
2023-12-18 03:00:00+01:00,4.246
2023-12-18 04:00:00+01:00,4.316
2023-12-18 05:00:00+01:00,4.396
2023-12-18 06:00:00+01:00,6.08
2023-12-18 07:00:00+01:00,5.97
2023-12-18 08:00:00+01:00,5.344
2023-12-18 09:00:00+01:00,5.245
2023-12-18 10:00:00+01:00,4.244
2023-12-18 11:00:00+01:00,3.749
2023-12-18 12:00:00+01:00,4.132
2023-12-18 13:00:00+01:00,4.083
2023-12-18 14:00:00+01:00,3.26
2023-12-18 15:00:00+01:00,3.326
2023-12-18 16:00:00+01:00,5.871
2023-12-18 17:00:00+01:00,6.908
2023-12-18 18:00:00+01:00,4.509
2023-12-18 19:00:00+01:00,3.684
2023-12-18 20:00:00+01:00,4.73
2023-12-18 21:00:00+01:00,8.311
2023-12-18 22:00:00+01:00,7.15
2023-12-18 23:00:00+01:00,5.642
2023-12-19 00:00:00+01:00,4.389
2023-12-19 01:00:00+01:00,5.517
2023-12-19 02:00:00+01:00,3.796
2023-12-19 03:00:00+01:00,2.708
2023-12-19 04:00:00+01:00,2.534
2023-12-19 05:00:00+01:00,2.338
2023-12-19 06:00:00+01:00,2.654
2023-12-19 07:00:00+01:00,4.084
2023-12-19 08:00:00+01:00,5.6
2023-12-19 09:00:00+01:00,5.666
2023-12-19 10:00:00+01:00,6.236
2023-12-19 11:00:00+01:00,5.86
2023-12-19 12:00:00+01:00,6.347
2023-12-19 13:00:00+01:00,5.496
2023-12-19 14:00:00+01:00,3.74
2023-12-19 15:00:00+01:00,2.467
2023-12-19 16:00:00+01:00,2.479
2023-12-19 17:00:00+01:00,1.504
2023-12-19 18:00:00+01:00,2.327
2023-12-19 19:00:00+01:00,3.191
2023-12-19 20:00:00+01:00,4.112
2023-12-19 21:00:00+01:00,4.126
2023-12-19 22:00:00+01:00,4.564
2023-12-19 23:00:00+01:00,4.52
2023-12-20 00:00:00+01:00,4.745
2023-12-20 01:00:00+01:00,5.119
2023-12-20 02:00:00+01:00,5.179
2023-12-20 03:00:00+01:00,4.92
2023-12-20 04:00:00+01:00,4.812
2023-12-20 05:00:00+01:00,5.005
2023-12-20 06:00:00+01:00,5.085
2023-12-20 07:00:00+01:00,6.13
2023-12-20 08:00:00+01:00,4.559
2023-12-20 09:00:00+01:00,3.137
2023-12-20 10:00:00+01:00,2.891
2023-12-20 11:00:00+01:00,2.956
2023-12-20 12:00:00+01:00,3.903
2023-12-20 13:00:00+01:00,3.842
2023-12-20 14:00:00+01:00,2.758
2023-12-20 15:00:00+01:00,3.147
2023-12-20 16:00:00+01:00,3.244
2023-12-20 17:00:00+01:00,4.212
2023-12-20 18:00:00+01:00,5.776
2023-12-20 19:00:00+01:00,5.54
2023-12-20 20:00:00+01:00,7.042
2023-12-20 21:00:00+01:00,5.579
2023-12-20 22:00:00+01:00,6.852
2023-12-20 23:00:00+01:00,9.074
2023-12-21 00:00:00+01:00,8.228
2023-12-21 01:00:00+01:00,7.16
2023-12-21 02:00:00+01:00,5.987
2023-12-21 03:00:00+01:00,6.215
2023-12-21 04:00:00+01:00,4.576
2023-12-21 05:00:00+01:00,4.199
2023-12-21 06:00:00+01:00,3.862
2023-12-21 07:00:00+01:00,2.704
2023-12-21 08:00:00+01:00,2.532
2023-12-21 09:00:00+01:00,2.451
2023-12-21 10:00:00+01:00,1.615
2023-12-21 11:00:00+01:00,2.206
2023-12-21 12:00:00+01:00,2.974
2023-12-21 13:00:00+01:00,2.624
2023-12-21 14:00:00+01:00,3.03
2023-12-21 15:00:00+01:00,5.153
2023-12-21 16:00:00+01:00,8.627
2023-12-21 17:00:00+01:00,9.755
2023-12-21 18:00:00+01:00,9.796
2023-12-21 19:00:00+01:00,8.931
2023-12-21 20:00:00+01:00,8.487
2023-12-21 21:00:00+01:00,5.972
2023-12-21 22:00:00+01:00,7.163
2023-12-21 23:00:00+01:00,6.083
2023-12-22 00:00:00+01:00,4.342
2023-12-22 01:00:00+01:00,4.698
2023-12-22 02:00:00+01:00,7.871
2023-12-22 03:00:00+01:00,8.683
2023-12-22 04:00:00+01:00,8.823
2023-12-22 05:00:00+01:00,8.945
2023-12-22 06:00:00+01:00,8.249
2023-12-22 07:00:00+01:00,7.206
2023-12-22 08:00:00+01:00,5.7
2023-12-22 09:00:00+01:00,4.109
2023-12-22 10:00:00+01:00,4.937
2023-12-22 11:00:00+01:00,5.115
2023-12-22 12:00:00+01:00,5.001
2023-12-22 13:00:00+01:00,3.968
2023-12-22 14:00:00+01:00,6.021
2023-12-22 15:00:00+01:00,6.047
2023-12-22 16:00:00+01:00,5.943
2023-12-22 17:00:00+01:00,5.989
2023-12-22 18:00:00+01:00,4.862
2023-12-22 19:00:00+01:00,5.818
2023-12-22 20:00:00+01:00,5.364
2023-12-22 21:00:00+01:00,5.001
2023-12-22 22:00:00+01:00,4.603
2023-12-22 23:00:00+01:00,4.488
2023-12-23 00:00:00+01:00,4.163
2023-12-23 01:00:00+01:00,4.375
2023-12-23 02:00:00+01:00,4.274
2023-12-23 03:00:00+01:00,4.131
2023-12-23 04:00:00+01:00,3.53
2023-12-23 05:00:00+01:00,2.546
2023-12-23 06:00:00+01:00,1.092
2023-12-23 07:00:00+01:00,2.359
2023-12-23 08:00:00+01:00,3.374
2023-12-23 09:00:00+01:00,3.568
2023-12-23 10:00:00+01:00,3.726
2023-12-23 11:00:00+01:00,4.096
2023-12-23 12:00:00+01:00,4.324
2023-12-23 13:00:00+01:00,4.543
2023-12-23 14:00:00+01:00,4.821
2023-12-23 15:00:00+01:00,4.123
2023-12-23 16:00:00+01:00,2.955
2023-12-23 17:00:00+01:00,2.579
2023-12-23 18:00:00+01:00,2.921
2023-12-23 19:00:00+01:00,2.666
2023-12-23 20:00:00+01:00,3.311
2023-12-23 21:00:00+01:00,5.21
2023-12-23 22:00:00+01:00,5.418
2023-12-23 23:00:00+01:00,5.686
2023-12-24 00:00:00+01:00,5.447
2023-12-24 01:00:00+01:00,5.734
2023-12-24 02:00:00+01:00,6.007
2023-12-24 03:00:00+01:00,6.75
2023-12-24 04:00:00+01:00,7.039
2023-12-24 05:00:00+01:00,7.048
2023-12-24 06:00:00+01:00,6.825
2023-12-24 07:00:00+01:00,3.906
2023-12-24 08:00:00+01:00,2.557
2023-12-24 09:00:00+01:00,2.068
2023-12-24 10:00:00+01:00,1.524
2023-12-24 11:00:00+01:00,0.948
2023-12-24 12:00:00+01:00,0.714
2023-12-24 13:00:00+01:00,0.604
2023-12-24 14:00:00+01:00,0.582
2023-12-24 15:00:00+01:00,2.163
2023-12-24 16:00:00+01:00,3.76
2023-12-24 17:00:00+01:00,5.244
2023-12-24 18:00:00+01:00,4.849
2023-12-24 19:00:00+01:00,5.499
2023-12-24 20:00:00+01:00,3.231
2023-12-24 21:00:00+01:00,1.205
2023-12-24 22:00:00+01:00,1.46
2023-12-24 23:00:00+01:00,1.351
2023-12-25 00:00:00+01:00,5.344
2023-12-25 01:00:00+01:00,10.412
2023-12-25 02:00:00+01:00,10.835
2023-12-25 03:00:00+01:00,9.992
2023-12-25 04:00:00+01:00,9.771
2023-12-25 05:00:00+01:00,12.063
2023-12-25 06:00:00+01:00,13.362
2023-12-25 07:00:00+01:00,11.388
2023-12-25 08:00:00+01:00,9.343
2023-12-25 09:00:00+01:00,9.795
2023-12-25 10:00:00+01:00,9.663
2023-12-25 11:00:00+01:00,11.143
2023-12-25 12:00:00+01:00,10.47
2023-12-25 13:00:00+01:00,8.972
2023-12-25 14:00:00+01:00,9.043
2023-12-25 15:00:00+01:00,9.499
2023-12-25 16:00:00+01:00,9.472
2023-12-25 17:00:00+01:00,8.828
2023-12-25 18:00:00+01:00,8.49
2023-12-25 19:00:00+01:00,8.558
2023-12-25 20:00:00+01:00,8.089
2023-12-25 21:00:00+01:00,8.753
2023-12-25 22:00:00+01:00,7.58
2023-12-25 23:00:00+01:00,9.234
2023-12-26 00:00:00+01:00,10.495
2023-12-26 01:00:00+01:00,9.771
2023-12-26 02:00:00+01:00,9.984
2023-12-26 03:00:00+01:00,8.64
2023-12-26 04:00:00+01:00,4.43
2023-12-26 05:00:00+01:00,3.653
2023-12-26 06:00:00+01:00,3.349
2023-12-26 07:00:00+01:00,5.134
2023-12-26 08:00:00+01:00,5.973
2023-12-26 09:00:00+01:00,4.974
2023-12-26 10:00:00+01:00,2.065
2023-12-26 11:00:00+01:00,1.84
2023-12-26 12:00:00+01:00,1.318
2023-12-26 13:00:00+01:00,1.296
2023-12-26 14:00:00+01:00,1.446
2023-12-26 15:00:00+01:00,2.224
2023-12-26 16:00:00+01:00,2.512
2023-12-26 17:00:00+01:00,2.525
2023-12-26 18:00:00+01:00,2.96
2023-12-26 19:00:00+01:00,3.44
2023-12-26 20:00:00+01:00,3.749
2023-12-26 21:00:00+01:00,3.508
2023-12-26 22:00:00+01:00,3.846
2023-12-26 23:00:00+01:00,4.975
2023-12-27 00:00:00+01:00,5.815
2023-12-27 01:00:00+01:00,6.475
2023-12-27 02:00:00+01:00,6.58
2023-12-27 03:00:00+01:00,6.368
2023-12-27 04:00:00+01:00,6.892
2023-12-27 05:00:00+01:00,6.901
2023-12-27 06:00:00+01:00,7.572
2023-12-27 07:00:00+01:00,8.174
2023-12-27 08:00:00+01:00,8.67
2023-12-27 09:00:00+01:00,8.29
2023-12-27 10:00:00+01:00,8.106
2023-12-27 11:00:00+01:00,8.232
2023-12-27 12:00:00+01:00,8.419
2023-12-27 13:00:00+01:00,8.717
2023-12-27 14:00:00+01:00,8.943
2023-12-27 15:00:00+01:00,9.825
2023-12-27 16:00:00+01:00,10.3
2023-12-27 17:00:00+01:00,12.907
2023-12-27 18:00:00+01:00,15.152
2023-12-27 19:00:00+01:00,11.598
2023-12-27 20:00:00+01:00,11.164
2023-12-27 21:00:00+01:00,8.632
2023-12-27 22:00:00+01:00,7.137
2023-12-27 23:00:00+01:00,6.3
2023-12-28 00:00:00+01:00,6.107
2023-12-28 01:00:00+01:00,7.674
2023-12-28 02:00:00+01:00,5.47
2023-12-28 03:00:00+01:00,7.746
2023-12-28 04:00:00+01:00,7.411
2023-12-28 05:00:00+01:00,6.703
2023-12-28 06:00:00+01:00,7.307
2023-12-28 07:00:00+01:00,7.166
2023-12-28 08:00:00+01:00,7.489
2023-12-28 09:00:00+01:00,7.029
2023-12-28 10:00:00+01:00,6.823
2023-12-28 11:00:00+01:00,6.793
2023-12-28 12:00:00+01:00,6.93
2023-12-28 13:00:00+01:00,6.867
2023-12-28 14:00:00+01:00,6.717
2023-12-28 15:00:00+01:00,6.712
2023-12-28 16:00:00+01:00,12.189
2023-12-28 17:00:00+01:00,12.161
2023-12-28 18:00:00+01:00,15.358
2023-12-28 19:00:00+01:00,11.915
2023-12-28 20:00:00+01:00,10.761
2023-12-28 21:00:00+01:00,9.815
2023-12-28 22:00:00+01:00,8.812
2023-12-28 23:00:00+01:00,8.894
2023-12-29 00:00:00+01:00,8.387
2023-12-29 01:00:00+01:00,7.736
2023-12-29 02:00:00+01:00,7.604
2023-12-29 03:00:00+01:00,5.545
2023-12-29 04:00:00+01:00,3.743
2023-12-29 05:00:00+01:00,3.684
2023-12-29 06:00:00+01:00,3.608
2023-12-29 07:00:00+01:00,2.561
2023-12-29 08:00:00+01:00,4.556
2023-12-29 09:00:00+01:00,5.953
2023-12-29 10:00:00+01:00,7.909
2023-12-29 11:00:00+01:00,10.143
2023-12-29 12:00:00+01:00,11.134
2023-12-29 13:00:00+01:00,9.708
2023-12-29 14:00:00+01:00,10.823
2023-12-29 15:00:00+01:00,10.943
2023-12-29 16:00:00+01:00,10.582
2023-12-29 17:00:00+01:00,11.777
2023-12-29 18:00:00+01:00,10.447
2023-12-29 19:00:00+01:00,10.23
2023-12-29 20:00:00+01:00,9.09
2023-12-29 21:00:00+01:00,10.002
2023-12-29 22:00:00+01:00,8.718
2023-12-29 23:00:00+01:00,5.484
2023-12-30 00:00:00+01:00,5.373
2023-12-30 01:00:00+01:00,7.704
2023-12-30 02:00:00+01:00,11.345
2023-12-30 03:00:00+01:00,7.096
2023-12-30 04:00:00+01:00,2.598
2023-12-30 05:00:00+01:00,3.194
2023-12-30 06:00:00+01:00,2.94
2023-12-30 07:00:00+01:00,1.906
2023-12-30 08:00:00+01:00,1.928
2023-12-30 09:00:00+01:00,2.366
2023-12-30 10:00:00+01:00,2.752
2023-12-30 11:00:00+01:00,2.64
2023-12-30 12:00:00+01:00,3.332
2023-12-30 13:00:00+01:00,4.802
2023-12-30 14:00:00+01:00,5.804
2023-12-30 15:00:00+01:00,6.473
2023-12-30 16:00:00+01:00,6.793
2023-12-30 17:00:00+01:00,7.155
2023-12-30 18:00:00+01:00,7.581
2023-12-30 19:00:00+01:00,7.194
2023-12-30 20:00:00+01:00,7.29
2023-12-30 21:00:00+01:00,7.593
2023-12-30 22:00:00+01:00,7.137
2023-12-30 23:00:00+01:00,7.128
2023-12-31 00:00:00+01:00,8.263
2023-12-31 01:00:00+01:00,9.619
2023-12-31 02:00:00+01:00,7.81
2023-12-31 03:00:00+01:00,6.792
2023-12-31 04:00:00+01:00,6.766
2023-12-31 05:00:00+01:00,8.215
2023-12-31 06:00:00+01:00,8.932
2023-12-31 07:00:00+01:00,8.95
2023-12-31 08:00:00+01:00,6.384
2023-12-31 09:00:00+01:00,5.906
2023-12-31 10:00:00+01:00,6.749
2023-12-31 11:00:00+01:00,7.391
2023-12-31 12:00:00+01:00,12.001
2023-12-31 13:00:00+01:00,9.027
2023-12-31 14:00:00+01:00,7.893
2023-12-31 15:00:00+01:00,7.355
2023-12-31 16:00:00+01:00,7.319
2023-12-31 17:00:00+01:00,7.949
2023-12-31 18:00:00+01:00,7.673
2023-12-31 19:00:00+01:00,8.469
2023-12-31 20:00:00+01:00,8.982
2023-12-31 21:00:00+01:00,10.454
2023-12-31 22:00:00+01:00,12.44
2023-12-31 23:00:00+01:00,10.492
2024-01-01 00:00:00+01:00,12.679
