tid,temperatur,vindhastighet,vindriktning,nederbord
2023-05-26 00:00:00+02:00,11.2,4.5,318.0,0.0
2023-05-26 01:00:00+02:00,10.4,4.1,308.0,0.0
2023-05-26 02:00:00+02:00,9.8,4.1,308.0,0.0
2023-05-26 03:00:00+02:00,9.5,4.6,304.0,0.0
2023-05-26 04:00:00+02:00,9.3,4.0,302.0,0.0
2023-05-26 05:00:00+02:00,9.2,4.4,306.0,0.0
2023-05-26 06:00:00+02:00,9.8,3.8,302.0,0.0
2023-05-26 07:00:00+02:00,10.4,4.1,306.0,0.0
2023-05-26 08:00:00+02:00,11.8,3.6,306.0,0.0
2023-05-26 09:00:00+02:00,11.8,5.6,318.0,0.0
2023-05-26 10:00:00+02:00,13.6,5.5,320.0,0.0
2023-05-26 11:00:00+02:00,15.2,5.6,308.0,0.0
2023-05-26 12:00:00+02:00,16.2,6.1,315.0,0.0
2023-05-26 13:00:00+02:00,16.9,4.3,324.0,0.0
2023-05-26 14:00:00+02:00,17.5,4.5,323.0,0.0
2023-05-26 15:00:00+02:00,16.6,5.2,333.0,0.0
2023-05-26 16:00:00+02:00,17.0,4.7,327.0,0.0
2023-05-26 17:00:00+02:00,16.5,5.0,336.0,0.0
2023-05-26 18:00:00+02:00,15.8,4.6,329.0,0.0
2023-05-26 19:00:00+02:00,15.1,4.9,332.0,0.0
2023-05-26 20:00:00+02:00,13.9,3.4,330.0,0.0
2023-05-26 21:00:00+02:00,12.2,2.6,330.0,0.0
2023-05-26 22:00:00+02:00,11.4,2.3,325.0,0.0
2023-05-26 23:00:00+02:00,11.2,2.7,323.0,0.0
2023-05-27 00:00:00+02:00,10.5,1.9,326.0,0.0
2023-05-27 01:00:00+02:00,10.1,1.4,322.0,0.0
2023-05-27 02:00:00+02:00,9.4,1.4,318.0,0.0
2023-05-27 03:00:00+02:00,8.7,1.4,326.0,0.0
2023-05-27 04:00:00+02:00,8.9,1.0,312.0,0.0
2023-05-27 05:00:00+02:00,7.1,1.5,334.0,0.0
2023-05-27 06:00:00+02:00,8.7,0.0,0.0,0.0
2023-05-27 07:00:00+02:00,12.8,1.8,324.0,0.0
2023-05-27 08:00:00+02:00,14.1,2.0,326.0,0.0
2023-05-27 09:00:00+02:00,15.4,2.0,304.0,0.0
2023-05-27 10:00:00+02:00,16.1,2.3,296.0,0.0
2023-05-27 11:00:00+02:00,16.5,1.6,312.0,0.0
2023-05-27 12:00:00+02:00,17.9,3.1,290.0,0.0
2023-05-27 13:00:00+02:00,17.3,2.6,274.0,0.0
2023-05-27 14:00:00+02:00,17.7,2.0,242.0,0.0
2023-05-27 15:00:00+02:00,17.9,1.9,235.0,0.0
2023-05-27 16:00:00+02:00,17.4,2.1,252.0,0.0
2023-05-27 17:00:00+02:00,17.5,2.1,244.0,0.0
2023-05-27 18:00:00+02:00,17.7,1.6,231.0,0.0
2023-05-27 19:00:00+02:00,16.3,1.6,207.0,0.0
2023-05-27 20:00:00+02:00,14.4,1.9,206.0,0.0
2023-05-27 21:00:00+02:00,13.1,1.2,199.0,0.0
2023-05-27 22:00:00+02:00,11.8,1.0,188.0,0.0
2023-05-27 23:00:00+02:00,11.3,1.5,192.0,0.0
2023-05-28 00:00:00+02:00,10.6,1.0,209.0,0.0
2023-05-28 01:00:00+02:00,9.6,0.6,187.0,0.0
2023-05-28 02:00:00+02:00,8.7,0.0,0.0,0.0
2023-05-28 03:00:00+02:00,8.1,0.0,0.0,0.0
2023-05-28 04:00:00+02:00,8.3,0.5,208.0,0.0
2023-05-28 05:00:00+02:00,9.7,0.6,236.0,0.0
2023-05-28 06:00:00+02:00,10.8,0.5,252.0,0.0
2023-05-28 07:00:00+02:00,12.6,2.6,263.0,0.0
2023-05-28 08:00:00+02:00,13.6,2.6,291.0,0.0
2023-05-28 09:00:00+02:00,15.6,1.6,253.0,0.0
2023-05-28 10:00:00+02:00,16.6,2.8,320.0,0.0
2023-05-28 11:00:00+02:00,17.8,3.5,325.0,0.0
2023-05-28 12:00:00+02:00,19.1,2.8,332.0,0.0
2023-05-28 13:00:00+02:00,19.2,3.2,312.0,0.0
2023-05-28 14:00:00+02:00,19.2,2.9,318.0,0.0
2023-05-28 15:00:00+02:00,20.1,3.6,308.0,0.0
2023-05-28 16:00:00+02:00,19.1,4.8,313.0,0.0
2023-05-28 17:00:00+02:00,18.3,3.0,338.0,0.0
2023-05-28 18:00:00+02:00,18.1,3.5,334.0,0.0
2023-05-28 19:00:00+02:00,17.4,2.9,326.0,0.0
2023-05-28 20:00:00+02:00,15.2,3.0,332.0,0.0
2023-05-28 21:00:00+02:00,12.9,2.3,339.0,0.0
2023-05-28 22:00:00+02:00,11.3,0.8,346.0,0.0
2023-05-28 23:00:00+02:00,9.3,0.0,0.0,0.0
2023-05-29 00:00:00+02:00,8.7,1.6,328.0,0.0
2023-05-29 01:00:00+02:00,10.9,1.5,329.0,0.0
2023-05-29 02:00:00+02:00,11.0,2.9,319.0,0.0
2023-05-29 03:00:00+02:00,9.5,1.8,311.0,0.0
2023-05-29 04:00:00+02:00,8.1,1.0,291.0,0.0
2023-05-29 05:00:00+02:00,8.0,1.4,290.0,0.0
2023-05-29 06:00:00+02:00,9.7,1.7,288.0,0.0
2023-05-29 07:00:00+02:00,12.0,2.4,307.0,0.0
2023-05-29 08:00:00+02:00,13.2,2.7,305.0,0.0
2023-05-29 09:00:00+02:00,15.5,2.9,313.0,0.0
2023-05-29 10:00:00+02:00,16.1,3.0,320.0,0.0
2023-05-29 11:00:00+02:00,18.0,3.4,326.0,0.0
2023-05-29 12:00:00+02:00,19.3,3.5,320.0,0.0
2023-05-29 13:00:00+02:00,19.7,3.2,340.0,0.0
2023-05-29 14:00:00+02:00,18.8,3.2,342.0,0.0
2023-05-29 15:00:00+02:00,19.3,3.6,332.0,0.0
2023-05-29 16:00:00+02:00,18.1,4.0,332.0,0.0
2023-05-29 17:00:00+02:00,17.9,3.9,328.0,0.0
2023-05-29 18:00:00+02:00,16.8,3.3,333.0,0.0
2023-05-29 19:00:00+02:00,16.5,3.7,329.0,0.0
2023-05-29 20:00:00+02:00,15.3,2.8,331.0,0.0
2023-05-29 21:00:00+02:00,13.1,2.8,333.0,0.0
2023-05-29 22:00:00+02:00,12.3,2.6,332.0,0.0
2023-05-29 23:00:00+02:00,11.8,1.9,329.0,0.0
2023-05-30 00:00:00+02:00,11.5,2.8,315.0,0.0
2023-05-30 01:00:00+02:00,11.3,2.5,316.0,0.0
2023-05-30 02:00:00+02:00,11.0,2.2,331.0,0.0
2023-05-30 03:00:00+02:00,11.1,2.4,320.0,0.0
2023-05-30 04:00:00+02:00,10.9,2.5,335.0,0.0
2023-05-30 05:00:00+02:00,10.1,0.0,0.0,0.0
2023-05-30 06:00:00+02:00,11.4,0.0,0.0,0.0
2023-05-30 07:00:00+02:00,13.8,1.1,358.0,0.0
2023-05-30 08:00:00+02:00,15.2,1.8,355.0,0.0
2023-05-30 09:00:00+02:00,16.0,1.3,32.0,0.0
2023-05-30 10:00:00+02:00,17.9,1.7,42.0,0.0
2023-05-30 11:00:00+02:00,18.7,0.8,54.0,0.0
2023-05-30 12:00:00+02:00,20.7,1.6,330.0,0.0
2023-05-30 13:00:00+02:00,20.0,1.2,16.0,0.0
2023-05-30 14:00:00+02:00,22.1,2.7,339.0,0.0
2023-05-30 15:00:00+02:00,22.8,2.8,321.0,0.0
2023-05-30 16:00:00+02:00,20.2,2.5,249.0,0.0
2023-05-30 17:00:00+02:00,19.5,2.5,247.0,0.0
2023-05-30 18:00:00+02:00,19.0,1.5,240.0,0.0
2023-05-30 19:00:00+02:00,18.4,1.6,237.0,0.0
2023-05-30 20:00:00+02:00,17.1,1.6,256.0,0.0
2023-05-30 21:00:00+02:00,15.1,0.9,236.0,0.0
2023-05-30 22:00:00+02:00,12.6,0.0,0.0,0.0
2023-05-30 23:00:00+02:00,12.6,0.6,242.0,0.0
2023-05-31 00:00:00+02:00,10.1,0.0,0.0,0.0
2023-05-31 01:00:00+02:00,9.2,0.0,0.0,0.0
2023-05-31 02:00:00+02:00,8.8,0.0,0.0,0.0
2023-05-31 03:00:00+02:00,9.7,0.0,0.0,0.0
2023-05-31 04:00:00+02:00,9.6,0.0,0.0,0.0
2023-05-31 05:00:00+02:00,11.1,2.0,265.0,0.0
2023-05-31 06:00:00+02:00,13.8,3.2,272.0,0.0
2023-05-31 07:00:00+02:00,15.3,3.3,265.0,0.0
2023-05-31 08:00:00+02:00,16.3,4.7,266.0,0.0
2023-05-31 09:00:00+02:00,16.8,3.7,263.0,0.0
2023-05-31 10:00:00+02:00,17.8,4.9,262.0,0.0
2023-05-31 11:00:00+02:00,18.7,4.4,263.0,0.0
2023-05-31 12:00:00+02:00,20.0,5.7,262.0,0.0
2023-05-31 13:00:00+02:00,22.3,5.1,320.0,0.0
2023-05-31 14:00:00+02:00,22.0,5.2,304.0,0.0
2023-05-31 15:00:00+02:00,21.2,5.6,296.0,0.0
2023-05-31 16:00:00+02:00,21.6,4.1,311.0,0.0
2023-05-31 17:00:00+02:00,19.2,4.1,308.0,0.0
2023-05-31 18:00:00+02:00,19.1,3.4,307.0,0.0
2023-05-31 19:00:00+02:00,21.2,3.2,317.0,0.0
2023-05-31 20:00:00+02:00,18.0,2.7,329.0,0.0
2023-05-31 21:00:00+02:00,16.7,2.7,327.0,0.0
2023-05-31 22:00:00+02:00,15.7,2.6,311.0,0.0
2023-05-31 23:00:00+02:00,15.0,3.3,311.0,0.0
2023-06-01 00:00:00+02:00,14.4,3.5,303.0,0.0
2023-06-01 01:00:00+02:00,13.5,4.0,306.0,0.0
2023-06-01 02:00:00+02:00,12.8,4.0,301.0,0.0
2023-06-01 03:00:00+02:00,12.4,2.5,312.0,0.0
2023-06-01 04:00:00+02:00,11.9,3.8,307.0,0.0
2023-06-01 05:00:00+02:00,11.9,3.7,314.0,0.0
2023-06-01 06:00:00+02:00,12.0,3.3,297.0,0.0
2023-06-01 07:00:00+02:00,12.1,4.4,303.0,0.0
2023-06-01 08:00:00+02:00,12.9,3.3,315.0,0.0
2023-06-01 09:00:00+02:00,13.5,3.7,299.0,0.0
2023-06-01 10:00:00+02:00,15.5,3.0,327.0,0.0
2023-06-01 11:00:00+02:00,17.1,3.5,326.0,0.0
2023-06-01 12:00:00+02:00,18.7,3.9,314.0,0.0
2023-06-01 13:00:00+02:00,18.9,4.0,307.0,0.0
2023-06-01 14:00:00+02:00,20.4,4.5,298.0,0.0
2023-06-01 15:00:00+02:00,21.4,3.4,328.0,0.0
2023-06-01 16:00:00+02:00,21.8,3.8,317.0,0.0
2023-06-01 17:00:00+02:00,21.6,2.8,338.0,0.0
2023-06-01 18:00:00+02:00,20.0,4.6,318.0,0.0
2023-06-01 19:00:00+02:00,19.2,3.6,322.0,0.0
2023-06-01 20:00:00+02:00,14.7,5.6,107.0,0.0
2023-06-01 21:00:00+02:00,12.0,5.3,103.0,0.0
2023-06-01 22:00:00+02:00,11.2,5.2,100.0,0.0
2023-06-01 23:00:00+02:00,10.7,2.6,100.0,0.0
2023-06-02 00:00:00+02:00,10.3,3.2,103.0,0.0
2023-06-02 01:00:00+02:00,9.7,1.4,96.0,0.0
2023-06-02 02:00:00+02:00,9.5,1.4,63.0,0.0
2023-06-02 03:00:00+02:00,9.1,1.1,64.0,0.0
2023-06-02 04:00:00+02:00,9.0,1.0,64.0,0.0
2023-06-02 05:00:00+02:00,9.0,1.2,59.0,0.0
2023-06-02 06:00:00+02:00,9.3,0.7,55.0,0.0
2023-06-02 07:00:00+02:00,11.8,0.6,353.0,0.0
2023-06-02 08:00:00+02:00,13.4,1.2,17.0,0.0
2023-06-02 09:00:00+02:00,14.8,1.5,356.0,0.0
2023-06-02 10:00:00+02:00,16.0,2.5,316.0,0.0
2023-06-02 11:00:00+02:00,17.0,4.3,316.0,0.0
2023-06-02 12:00:00+02:00,17.2,5.1,310.0,0.0
2023-06-02 13:00:00+02:00,17.8,6.1,309.0,0.0
2023-06-02 14:00:00+02:00,18.5,5.8,331.0,0.0
2023-06-02 15:00:00+02:00,18.7,6.4,321.0,0.0
2023-06-02 16:00:00+02:00,18.4,6.1,316.0,0.0
2023-06-02 17:00:00+02:00,17.9,4.9,337.0,0.0
2023-06-02 18:00:00+02:00,17.6,4.5,328.0,0.0
2023-06-02 19:00:00+02:00,16.7,3.3,331.0,0.0
2023-06-02 20:00:00+02:00,15.2,3.4,325.0,0.0
2023-06-02 21:00:00+02:00,13.2,1.7,329.0,0.0
2023-06-02 22:00:00+02:00,10.7,0.0,0.0,0.0
2023-06-02 23:00:00+02:00,10.7,1.2,348.0,0.0
2023-06-03 00:00:00+02:00,8.9,0.0,0.0,0.0
2023-06-03 01:00:00+02:00,7.6,0.0,0.0,0.0
2023-06-03 02:00:00+02:00,6.8,0.5,193.0,0.0
2023-06-03 03:00:00+02:00,6.2,0.0,0.0,0.0
2023-06-03 04:00:00+02:00,5.7,0.0,0.0,0.0
2023-06-03 05:00:00+02:00,5.7,0.0,0.0,0.0
2023-06-03 06:00:00+02:00,9.9,0.6,181.0,0.0
2023-06-03 07:00:00+02:00,12.9,0.7,179.0,0.0
2023-06-03 08:00:00+02:00,14.4,1.6,275.0,0.0
2023-06-03 09:00:00+02:00,15.6,2.3,297.0,0.0
2023-06-03 10:00:00+02:00,16.9,2.2,296.0,0.0
2023-06-03 11:00:00+02:00,18.1,1.8,349.0,0.0
2023-06-03 12:00:00+02:00,18.2,2.8,301.0,0.0
2023-06-03 13:00:00+02:00,18.4,3.0,307.0,0.0
2023-06-03 14:00:00+02:00,18.6,3.2,283.0,0.0
2023-06-03 15:00:00+02:00,17.7,3.5,275.0,0.0
2023-06-03 16:00:00+02:00,18.6,3.0,267.0,0.0
2023-06-03 17:00:00+02:00,18.3,2.2,247.0,0.0
2023-06-03 18:00:00+02:00,17.6,1.8,241.0,0.0
2023-06-03 19:00:00+02:00,17.1,2.0,191.0,0.0
2023-06-03 20:00:00+02:00,15.8,1.5,203.0,0.0
2023-06-03 21:00:00+02:00,14.3,1.9,190.0,0.0
2023-06-03 22:00:00+02:00,12.8,1.2,172.0,0.0
2023-06-03 23:00:00+02:00,11.8,1.4,179.0,0.0
2023-06-04 00:00:00+02:00,11.6,1.4,194.0,0.0
2023-06-04 01:00:00+02:00,11.1,1.0,192.0,0.0
2023-06-04 02:00:00+02:00,10.1,0.0,0.0,0.0
2023-06-04 03:00:00+02:00,9.6,0.6,200.0,0.0
2023-06-04 04:00:00+02:00,8.4,0.0,0.0,0.0
2023-06-04 05:00:00+02:00,7.9,0.0,0.0,0.0
2023-06-04 06:00:00+02:00,10.7,0.8,248.0,0.0
2023-06-04 07:00:00+02:00,13.6,1.6,305.0,0.0
2023-06-04 08:00:00+02:00,15.4,2.0,304.0,0.0
2023-06-04 09:00:00+02:00,15.0,2.3,273.0,0.0
2023-06-04 10:00:00+02:00,16.1,2.0,266.0,0.0
2023-06-04 11:00:00+02:00,17.7,1.8,310.0,0.0
2023-06-04 12:00:00+02:00,18.1,2.0,306.0,0.0
2023-06-04 13:00:00+02:00,19.7,2.4,315.0,0.0
2023-06-04 14:00:00+02:00,18.7,2.0,284.0,0.0
2023-06-04 15:00:00+02:00,19.4,2.8,267.0,0.0
2023-06-04 16:00:00+02:00,18.9,3.0,269.0,0.0
2023-06-04 17:00:00+02:00,19.1,1.9,255.0,0.0
2023-06-04 18:00:00+02:00,19.4,1.7,275.0,0.0
2023-06-04 19:00:00+02:00,18.6,1.8,240.0,0.0
2023-06-04 20:00:00+02:00,17.5,1.5,212.0,0.0
2023-06-04 21:00:00+02:00,15.8,0.5,235.0,0.0
2023-06-04 22:00:00+02:00,12.7,0.0,0.0,0.0
2023-06-04 23:00:00+02:00,10.5,0.0,0.0,0.0
2023-06-05 00:00:00+02:00,9.7,0.0,0.0,0.0
2023-06-05 01:00:00+02:00,8.7,0.0,0.0,0.0
2023-06-05 02:00:00+02:00,7.9,0.0,0.0,0.0
2023-06-05 03:00:00+02:00,7.4,0.0,0.0,0.0
2023-06-05 04:00:00+02:00,7.2,0.0,0.0,0.0
2023-06-05 05:00:00+02:00,6.6,0.0,0.0,0.0
2023-06-05 06:00:00+02:00,9.7,0.0,0.0,0.0
2023-06-05 07:00:00+02:00,13.3,0.0,0.0,0.0
2023-06-05 08:00:00+02:00,16.5,0.6,0.0,0.0
2023-06-05 09:00:00+02:00,18.1,1.2,304.0,0.0
2023-06-05 10:00:00+02:00,19.5,1.1,335.0,0.0
2023-06-05 11:00:00+02:00,20.6,1.4,18.0,0.0
2023-06-05 12:00:00+02:00,20.5,2.5,285.0,0.0
2023-06-05 13:00:00+02:00,21.2,2.1,308.0,0.0
2023-06-05 14:00:00+02:00,20.7,1.5,274.0,0.0
2023-06-05 15:00:00+02:00,21.1,2.1,255.0,0.0
2023-06-05 16:00:00+02:00,21.4,1.6,248.0,0.0
2023-06-05 17:00:00+02:00,21.3,1.7,248.0,0.0
2023-06-05 18:00:00+02:00,20.9,1.6,229.0,0.0
2023-06-05 19:00:00+02:00,19.8,1.9,251.0,0.0
2023-06-05 20:00:00+02:00,19.0,1.0,225.0,0.0
2023-06-05 21:00:00+02:00,16.7,1.6,188.0,0.0
2023-06-05 22:00:00+02:00,14.3,0.7,192.0,0.0
2023-06-05 23:00:00+02:00,12.9,0.0,0.0,0.0
2023-06-06 00:00:00+02:00,11.3,0.6,131.0,0.0
2023-06-06 01:00:00+02:00,10.9,0.0,0.0,0.0
2023-06-06 02:00:00+02:00,10.5,0.0,0.0,0.0
2023-06-06 03:00:00+02:00,8.9,0.5,100.0,0.0
2023-06-06 04:00:00+02:00,7.9,0.0,0.0,0.0
2023-06-06 05:00:00+02:00,7.9,0.0,0.0,0.0
2023-06-06 06:00:00+02:00,9.5,0.0,0.0,0.0
2023-06-06 07:00:00+02:00,13.5,0.0,0.0,0.0
2023-06-06 08:00:00+02:00,17.2,0.0,0.0,0.0
2023-06-06 09:00:00+02:00,19.5,0.7,306.0,0.0
2023-06-06 10:00:00+02:00,20.9,1.9,271.0,0.0
2023-06-06 11:00:00+02:00,22.3,2.7,302.0,0.0
2023-06-06 12:00:00+02:00,22.3,2.3,282.0,0.0
2023-06-06 13:00:00+02:00,22.1,2.3,259.0,0.0
2023-06-06 14:00:00+02:00,23.8,1.9,267.0,0.0
2023-06-06 15:00:00+02:00,23.2,1.7,218.0,0.0
2023-06-06 16:00:00+02:00,23.2,2.7,255.0,0.0
2023-06-06 17:00:00+02:00,23.4,1.8,245.0,0.0
2023-06-06 18:00:00+02:00,22.8,2.1,246.0,0.0
2023-06-06 19:00:00+02:00,22.4,1.7,231.0,0.0
2023-06-06 20:00:00+02:00,21.0,1.3,213.0,0.0
2023-06-06 21:00:00+02:00,18.7,1.1,209.0,0.0
2023-06-06 22:00:00+02:00,16.4,0.7,203.0,0.0
2023-06-06 23:00:00+02:00,14.4,0.0,0.0,0.0
2023-06-07 00:00:00+02:00,12.3,0.0,0.0,0.0
2023-06-07 01:00:00+02:00,11.3,0.0,0.0,0.0
2023-06-07 02:00:00+02:00,10.4,0.0,0.0,0.0
2023-06-07 03:00:00+02:00,9.5,0.0,0.0,0.0
2023-06-07 04:00:00+02:00,9.0,0.0,0.0,0.0
2023-06-07 05:00:00+02:00,8.3,0.0,0.0,0.0
2023-06-07 06:00:00+02:00,12.2,0.5,143.0,0.0
2023-06-07 07:00:00+02:00,16.7,0.0,0.0,0.0
2023-06-07 08:00:00+02:00,19.2,0.8,127.0,0.0
2023-06-07 09:00:00+02:00,20.9,0.9,174.0,0.0
2023-06-07 10:00:00+02:00,22.2,1.0,249.0,0.0
2023-06-07 11:00:00+02:00,22.8,2.1,276.0,0.0
2023-06-07 12:00:00+02:00,23.4,2.1,248.0,0.0
2023-06-07 13:00:00+02:00,23.0,2.0,247.0,0.0
2023-06-07 14:00:00+02:00,23.9,2.5,252.0,0.0
2023-06-07 15:00:00+02:00,23.3,2.9,260.0,0.0
2023-06-07 16:00:00+02:00,23.6,2.2,247.0,0.0
2023-06-07 17:00:00+02:00,23.7,2.6,261.0,0.0
2023-06-07 18:00:00+02:00,23.5,2.3,259.0,0.0
2023-06-07 19:00:00+02:00,22.4,1.7,237.0,0.0
2023-06-07 20:00:00+02:00,21.1,1.6,250.0,0.0
2023-06-07 21:00:00+02:00,18.9,1.0,237.0,0.0
2023-06-07 22:00:00+02:00,15.4,0.0,0.0,0.0
2023-06-07 23:00:00+02:00,13.1,0.0,0.0,0.0
2023-06-08 00:00:00+02:00,12.1,0.0,0.0,0.0
2023-06-08 01:00:00+02:00,10.7,0.7,129.0,0.0
2023-06-08 02:00:00+02:00,10.6,0.5,149.0,0.0
2023-06-08 03:00:00+02:00,10.9,0.5,140.0,0.0
2023-06-08 04:00:00+02:00,10.6,0.0,0.0,0.0
2023-06-08 05:00:00+02:00,8.9,0.0,0.0,0.0
2023-06-08 06:00:00+02:00,13.3,0.0,0.0,0.0
2023-06-08 07:00:00+02:00,15.7,0.6,225.0,0.0
2023-06-08 08:00:00+02:00,19.1,1.3,296.0,0.0
2023-06-08 09:00:00+02:00,19.8,1.9,255.0,0.0
2023-06-08 11:00:00+02:00,20.1,2.5,263.0,0.0
2023-06-08 12:00:00+02:00,21.0,2.4,268.0,0.0
2023-06-08 13:00:00+02:00,22.4,1.9,274.0,0.0
2023-06-08 14:00:00+02:00,22.6,1.7,224.0,0.0
2023-06-08 15:00:00+02:00,25.1,2.2,327.0,0.0
2023-06-08 16:00:00+02:00,25.3,2.3,323.0,0.0
2023-06-08 17:00:00+02:00,25.0,3.0,304.0,0.0
2023-06-08 18:00:00+02:00,24.2,3.0,297.0,0.0
2023-06-08 19:00:00+02:00,24.1,2.6,309.0,0.0
2023-06-08 20:00:00+02:00,22.0,2.5,301.0,0.0
2023-06-08 21:00:00+02:00,19.0,2.7,295.0,0.0
2023-06-08 22:00:00+02:00,16.8,1.5,298.0,0.0
2023-06-08 23:00:00+02:00,13.6,0.6,292.0,0.0
2023-06-09 00:00:00+02:00,11.7,0.0,0.0,0.0
2023-06-09 01:00:00+02:00,10.7,0.0,0.0,0.0
2023-06-09 02:00:00+02:00,10.3,0.0,0.0,0.0
2023-06-09 03:00:00+02:00,9.8,0.6,58.0,0.0
2023-06-09 04:00:00+02:00,9.1,0.5,97.0,0.0
2023-06-09 05:00:00+02:00,10.0,0.0,0.0,0.0
2023-06-09 06:00:00+02:00,14.6,3.9,104.0,0.0
2023-06-09 07:00:00+02:00,14.6,3.3,89.0,0.0
2023-06-09 08:00:00+02:00,14.6,3.2,90.0,0.0
2023-06-09 09:00:00+02:00,15.8,3.1,86.0,0.0
2023-06-09 10:00:00+02:00,17.6,3.2,86.0,0.0
2023-06-09 11:00:00+02:00,18.5,3.8,71.0,0.0
2023-06-09 12:00:00+02:00,19.2,3.8,73.0,0.0
2023-06-09 13:00:00+02:00,19.9,3.8,79.0,0.0
2023-06-09 14:00:00+02:00,20.7,4.3,88.0,0.0
2023-06-09 15:00:00+02:00,20.6,4.6,96.0,0.0
2023-06-09 16:00:00+02:00,20.6,5.5,109.0,0.0
2023-06-09 17:00:00+02:00,19.9,4.5,91.0,0.0
2023-06-09 18:00:00+02:00,19.1,3.9,85.0,0.0
2023-06-09 19:00:00+02:00,18.5,3.4,93.0,0.0
2023-06-09 20:00:00+02:00,17.4,3.2,103.0,0.0
2023-06-09 21:00:00+02:00,15.3,2.4,84.0,0.0
2023-06-09 22:00:00+02:00,13.9,2.1,98.0,0.0
2023-06-09 23:00:00+02:00,13.1,3.1,99.0,0.0
2023-06-10 00:00:00+02:00,12.6,2.1,88.0,0.0
2023-06-10 01:00:00+02:00,12.4,2.1,85.0,0.0
2023-06-10 02:00:00+02:00,12.2,3.4,77.0,0.0
2023-06-10 03:00:00+02:00,11.8,3.5,75.0,0.0
2023-06-10 04:00:00+02:00,11.5,3.9,73.0,0.0
2023-06-10 05:00:00+02:00,11.3,4.2,73.0,0.0
2023-06-10 06:00:00+02:00,11.9,3.8,74.0,0.0
2023-06-10 07:00:00+02:00,13.3,3.7,76.0,0.0
2023-06-10 08:00:00+02:00,14.9,4.5,73.0,0.0
2023-06-10 09:00:00+02:00,17.6,3.9,77.0,0.0
2023-06-10 10:00:00+02:00,18.9,4.4,79.0,0.0
2023-06-10 11:00:00+02:00,19.7,6.0,103.0,0.0
2023-06-10 12:00:00+02:00,20.3,4.5,82.0,0.0
2023-06-10 13:00:00+02:00,21.3,4.5,85.0,0.0
2023-06-10 14:00:00+02:00,21.5,6.3,101.0,0.0
2023-06-10 15:00:00+02:00,21.4,6.4,100.0,0.0
2023-06-10 16:00:00+02:00,21.3,5.3,94.0,0.0
2023-06-10 17:00:00+02:00,20.2,6.1,100.0,0.0
2023-06-10 18:00:00+02:00,19.1,5.3,94.0,0.0
2023-06-10 19:00:00+02:00,18.1,3.7,85.0,0.0
2023-06-10 20:00:00+02:00,16.2,4.4,84.0,0.0
2023-06-10 21:00:00+02:00,14.2,3.7,91.0,0.0
2023-06-10 22:00:00+02:00,13.1,3.0,92.0,0.0
2023-06-10 23:00:00+02:00,12.1,2.4,83.0,0.0
2023-06-11 00:00:00+02:00,11.5,2.3,75.0,0.0
2023-06-11 01:00:00+02:00,10.6,2.3,68.0,0.0
2023-06-11 02:00:00+02:00,9.9,1.5,89.0,0.0
2023-06-11 03:00:00+02:00,9.9,1.9,81.0,0.0
2023-06-11 04:00:00+02:00,9.8,1.6,83.0,0.0
2023-06-11 05:00:00+02:00,10.2,2.3,80.0,0.0
2023-06-11 06:00:00+02:00,11.6,1.9,80.0,0.0
2023-06-11 07:00:00+02:00,13.7,2.5,77.0,0.0
2023-06-11 08:00:00+02:00,16.1,2.4,87.0,0.0
2023-06-11 09:00:00+02:00,18.8,3.8,107.0,0.0
2023-06-11 10:00:00+02:00,20.1,5.8,109.0,0.0
2023-06-11 11:00:00+02:00,20.8,6.5,115.0,0.0
2023-06-11 12:00:00+02:00,21.0,6.5,111.0,0.0
2023-06-11 13:00:00+02:00,20.9,6.0,92.0,0.0
2023-06-11 14:00:00+02:00,21.3,6.5,112.0,0.0
2023-06-11 15:00:00+02:00,21.7,4.8,108.0,0.0
2023-06-11 16:00:00+02:00,21.2,4.6,94.0,0.0
2023-06-11 17:00:00+02:00,20.2,5.4,104.0,0.0
2023-06-11 18:00:00+02:00,19.4,4.4,88.0,0.0
2023-06-11 19:00:00+02:00,18.3,5.0,108.0,0.0
2023-06-11 20:00:00+02:00,16.9,4.7,102.0,0.0
2023-06-11 21:00:00+02:00,15.2,2.3,100.0,0.0
2023-06-11 22:00:00+02:00,13.6,2.1,99.0,0.0
2023-06-11 23:00:00+02:00,12.2,1.8,89.0,0.0
2023-06-12 00:00:00+02:00,11.1,2.2,70.0,0.0
2023-06-12 01:00:00+02:00,10.6,1.6,84.0,0.0
2023-06-12 02:00:00+02:00,10.3,1.6,76.0,0.0
2023-06-12 03:00:00+02:00,10.0,2.1,62.0,0.0
2023-06-12 04:00:00+02:00,10.3,1.7,80.0,0.0
2023-06-12 05:00:00+02:00,10.8,1.3,90.0,0.0
2023-06-12 06:00:00+02:00,12.5,1.7,90.0,0.0
2023-06-12 07:00:00+02:00,15.1,2.0,86.0,0.0
2023-06-12 08:00:00+02:00,17.5,2.5,101.0,0.0
2023-06-12 09:00:00+02:00,19.4,4.2,113.0,0.0
2023-06-12 10:00:00+02:00,20.9,4.7,108.0,0.0
2023-06-12 11:00:00+02:00,22.3,6.3,123.0,0.0
2023-06-12 12:00:00+02:00,22.8,6.3,132.0,0.0
2023-06-12 13:00:00+02:00,22.8,6.0,120.0,0.0
2023-06-12 14:00:00+02:00,22.8,5.7,131.0,0.0
2023-06-12 15:00:00+02:00,22.6,5.6,127.0,0.0
2023-06-12 16:00:00+02:00,22.8,4.3,120.0,0.0
2023-06-12 17:00:00+02:00,22.8,3.4,105.0,0.0
2023-06-12 18:00:00+02:00,21.8,3.8,92.0,0.0
2023-06-12 19:00:00+02:00,21.0,3.0,100.0,0.0
2023-06-12 20:00:00+02:00,19.5,3.2,114.0,0.0
2023-06-12 21:00:00+02:00,17.1,1.4,101.0,0.0
2023-06-12 22:00:00+02:00,13.5,0.7,102.0,0.0
2023-06-12 23:00:00+02:00,12.4,1.5,103.0,0.0
2023-06-13 00:00:00+02:00,11.6,1.9,102.0,0.0
2023-06-13 01:00:00+02:00,10.2,1.2,72.0,0.0
2023-06-13 02:00:00+02:00,8.2,0.0,0.0,0.0
2023-06-13 03:00:00+02:00,8.0,1.3,46.0,0.0
2023-06-13 04:00:00+02:00,6.6,0.9,41.0,0.0
2023-06-13 05:00:00+02:00,6.6,1.0,54.0,0.0
2023-06-13 06:00:00+02:00,10.6,0.9,64.0,0.0
2023-06-13 07:00:00+02:00,13.5,1.7,70.0,0.0
2023-06-13 08:00:00+02:00,16.4,3.3,66.0,0.0
2023-06-13 09:00:00+02:00,19.5,2.4,68.0,0.0
2023-06-13 10:00:00+02:00,21.3,3.1,82.0,0.0
2023-06-13 11:00:00+02:00,22.0,3.2,85.0,0.0
2023-06-13 12:00:00+02:00,22.8,3.8,74.0,0.0
2023-06-13 13:00:00+02:00,22.9,4.4,73.0,0.0
2023-06-13 14:00:00+02:00,22.9,4.2,72.0,0.0
2023-06-13 15:00:00+02:00,23.4,3.5,83.0,0.0
2023-06-13 16:00:00+02:00,23.7,3.2,77.0,0.0
2023-06-13 17:00:00+02:00,23.0,4.6,109.0,0.0
2023-06-13 18:00:00+02:00,21.9,4.8,107.0,0.0
2023-06-13 19:00:00+02:00,20.7,3.9,100.0,0.0
2023-06-13 20:00:00+02:00,19.4,2.9,104.0,0.0
2023-06-13 21:00:00+02:00,17.6,1.9,101.0,0.0
2023-06-13 22:00:00+02:00,14.8,0.7,65.0,0.0
2023-06-13 23:00:00+02:00,13.0,0.0,0.0,0.0
2023-06-14 00:00:00+02:00,11.4,0.0,0.0,0.0
2023-06-14 01:00:00+02:00,10.0,0.0,0.0,0.0
2023-06-14 02:00:00+02:00,9.3,0.0,0.0,0.0
2023-06-14 03:00:00+02:00,8.6,0.6,111.0,0.0
2023-06-14 04:00:00+02:00,8.2,0.0,0.0,0.0
2023-06-14 05:00:00+02:00,7.8,0.0,0.0,0.0
2023-06-14 06:00:00+02:00,12.2,0.0,0.0,0.0
2023-06-14 07:00:00+02:00,15.0,0.9,73.0,0.0
2023-06-14 08:00:00+02:00,16.9,2.2,64.0,0.0
2023-06-14 09:00:00+02:00,19.5,1.6,62.0,0.0
2023-06-14 10:00:00+02:00,21.2,1.8,65.0,0.0
2023-06-14 11:00:00+02:00,22.2,1.9,64.0,0.0
2023-06-14 12:00:00+02:00,23.3,2.4,85.0,0.0
2023-06-14 13:00:00+02:00,24.1,2.6,71.0,0.0
2023-06-14 14:00:00+02:00,25.8,1.6,342.0,0.0
2023-06-14 15:00:00+02:00,23.6,2.0,223.0,0.0
2023-06-14 16:00:00+02:00,24.2,2.0,258.0,0.0
2023-06-14 17:00:00+02:00,23.8,2.4,259.0,0.0
2023-06-14 18:00:00+02:00,23.3,1.9,252.0,0.0
2023-06-14 19:00:00+02:00,22.6,3.0,274.0,0.0
2023-06-14 20:00:00+02:00,21.6,1.6,248.0,0.0
2023-06-14 21:00:00+02:00,19.2,1.1,288.0,0.0
2023-06-14 22:00:00+02:00,16.3,0.0,0.0,0.0
2023-06-14 23:00:00+02:00,14.3,0.0,0.0,0.0
2023-06-15 00:00:00+02:00,12.7,0.0,0.0,0.0
2023-06-15 01:00:00+02:00,12.8,0.0,0.0,0.0
2023-06-15 02:00:00+02:00,12.2,0.0,0.0,0.0
2023-06-15 03:00:00+02:00,12.6,0.0,0.0,0.0
2023-06-15 04:00:00+02:00,12.2,0.6,150.0,0.0
2023-06-15 05:00:00+02:00,11.4,0.0,0.0,0.0
2023-06-15 06:00:00+02:00,12.9,0.0,0.0,0.0
2023-06-15 07:00:00+02:00,17.3,1.3,127.0,0.0
2023-06-15 08:00:00+02:00,17.9,0.9,106.0,0.0
2023-06-15 09:00:00+02:00,18.6,1.4,104.0,
2023-06-15 10:00:00+02:00,20.4,1.1,77.0,
2023-06-15 11:00:00+02:00,22.2,2.1,68.0,
2023-06-15 12:00:00+02:00,22.7,0.8,34.0,
2023-06-15 13:00:00+02:00,24.3,1.3,82.0,
2023-06-15 14:00:00+02:00,24.7,1.5,357.0,
2023-06-15 15:00:00+02:00,23.6,1.0,57.0,
2023-06-15 16:00:00+02:00,23.7,1.8,149.0,
2023-06-15 17:00:00+02:00,22.0,2.0,192.0,
2023-06-15 18:00:00+02:00,22.7,1.3,223.0,
2023-06-15 19:00:00+02:00,21.4,1.5,179.0,
2023-06-15 20:00:00+02:00,20.5,1.2,187.0,
2023-06-15 21:00:00+02:00,19.3,1.1,168.0,
2023-06-15 22:00:00+02:00,17.5,0.0,0.0,
2023-06-15 23:00:00+02:00,16.4,0.0,0.0,
2023-06-16 00:00:00+02:00,16.8,1.0,140.0,
2023-06-16 01:00:00+02:00,16.6,0.7,161.0,
2023-06-16 02:00:00+02:00,16.3,0.8,160.0,
2023-06-16 03:00:00+02:00,15.9,0.6,142.0,
2023-06-16 04:00:00+02:00,15.8,1.2,172.0,
2023-06-16 05:00:00+02:00,15.8,0.8,184.0,
2023-06-16 06:00:00+02:00,15.4,0.8,208.0,
2023-06-16 07:00:00+02:00,16.0,1.4,138.0,
2023-06-16 08:00:00+02:00,17.7,0.9,243.0,
2023-06-16 09:00:00+02:00,20.5,1.5,277.0,0.0
2023-06-16 10:00:00+02:00,20.5,1.5,93.0,0.0
2023-06-16 11:00:00+02:00,21.8,1.6,116.0,0.0
2023-06-16 12:00:00+02:00,22.8,1.9,61.0,0.0
2023-06-16 13:00:00+02:00,22.5,2.2,103.0,0.0
2023-06-16 14:00:00+02:00,23.5,1.7,91.0,0.0
2023-06-16 15:00:00+02:00,23.2,2.3,87.0,0.0
2023-06-16 16:00:00+02:00,22.8,2.5,259.0,0.0
2023-06-16 17:00:00+02:00,23.7,2.0,267.0,0.0
2023-06-16 18:00:00+02:00,20.1,2.8,317.0,0.0
2023-06-16 19:00:00+02:00,17.6,2.3,332.0,0.0
2023-06-16 20:00:00+02:00,16.8,1.0,10.0,0.0
2023-06-16 21:00:00+02:00,16.5,0.0,0.0,0.0
2023-06-16 22:00:00+02:00,14.8,0.0,0.0,0.0
2023-06-16 23:00:00+02:00,13.5,0.0,0.0,0.0
2023-06-17 00:00:00+02:00,13.1,0.0,0.0,0.0
2023-06-17 01:00:00+02:00,11.9,0.0,0.0,0.0
2023-06-17 02:00:00+02:00,10.8,0.0,0.0,0.0
2023-06-17 03:00:00+02:00,10.4,0.0,0.0,0.0
2023-06-17 04:00:00+02:00,9.9,0.0,0.0,0.0
2023-06-17 05:00:00+02:00,9.9,0.0,0.0,0.0
2023-06-17 06:00:00+02:00,11.8,0.0,0.0,0.0
2023-06-17 07:00:00+02:00,15.2,0.0,0.0,0.0
2023-06-17 08:00:00+02:00,18.3,0.0,0.0,0.0
2023-06-17 09:00:00+02:00,20.7,0.7,18.0,0.0
2023-06-17 10:00:00+02:00,21.9,1.3,23.0,0.0
2023-06-17 11:00:00+02:00,22.9,2.9,309.0,0.0
2023-06-17 12:00:00+02:00,24.9,2.2,332.0,0.0
2023-06-17 13:00:00+02:00,22.0,2.9,324.0,0.0
2023-06-17 14:00:00+02:00,17.0,1.1,121.0,10.0
2023-06-17 15:00:00+02:00,17.9,0.6,257.0,0.0
2023-06-17 16:00:00+02:00,19.0,1.3,335.0,0.2
2023-06-17 17:00:00+02:00,19.4,1.2,47.0,0.0
2023-06-17 18:00:00+02:00,18.7,1.0,8.0,0.0
2023-06-17 19:00:00+02:00,18.3,0.0,0.0,0.0
2023-06-17 20:00:00+02:00,17.6,0.5,12.0,0.0
2023-06-17 21:00:00+02:00,16.3,0.0,0.0,0.3
2023-06-17 22:00:00+02:00,16.0,0.9,318.0,0.2
2023-06-17 23:00:00+02:00,15.5,0.0,0.0,0.0
2023-06-18 00:00:00+02:00,15.4,2.1,307.0,0.0
2023-06-18 01:00:00+02:00,15.1,0.0,0.0,0.0
2023-06-18 02:00:00+02:00,15.0,0.5,329.0,0.0
2023-06-18 03:00:00+02:00,15.4,1.6,336.0,0.0
2023-06-18 04:00:00+02:00,15.4,2.1,336.0,0.0
2023-06-18 05:00:00+02:00,15.1,1.1,319.0,0.0
2023-06-18 06:00:00+02:00,15.2,1.3,274.0,0.0
2023-06-18 07:00:00+02:00,16.1,1.3,277.0,0.0
2023-06-18 08:00:00+02:00,17.5,2.4,304.0,0.0
2023-06-18 09:00:00+02:00,18.6,1.8,328.0,0.0
2023-06-18 10:00:00+02:00,19.0,3.4,320.0,0.0
2023-06-18 11:00:00+02:00,20.1,3.2,313.0,0.0
2023-06-18 12:00:00+02:00,22.3,3.8,318.0,0.0
2023-06-18 13:00:00+02:00,22.3,2.6,326.0,0.0
2023-06-18 14:00:00+02:00,21.5,2.3,330.0,0.0
2023-06-18 15:00:00+02:00,22.2,2.7,312.0,0.0
2023-06-18 16:00:00+02:00,22.9,2.1,326.0,0.0
2023-06-18 17:00:00+02:00,23.0,2.9,330.0,0.0
2023-06-18 18:00:00+02:00,22.3,3.8,304.0,0.0
2023-06-18 19:00:00+02:00,22.0,2.4,338.0,0.0
2023-06-18 20:00:00+02:00,21.2,2.7,322.0,0.0
2023-06-18 21:00:00+02:00,18.9,2.1,336.0,0.0
2023-06-18 22:00:00+02:00,17.6,1.5,331.0,0.0
2023-06-18 23:00:00+02:00,16.4,0.0,0.0,0.0
2023-06-19 00:00:00+02:00,15.4,0.0,0.0,0.0
2023-06-19 01:00:00+02:00,14.6,0.0,0.0,0.0
2023-06-19 02:00:00+02:00,14.2,0.0,0.0,0.0
2023-06-19 03:00:00+02:00,13.5,0.0,0.0,0.0
2023-06-19 04:00:00+02:00,13.2,0.0,0.0,0.0
2023-06-19 05:00:00+02:00,12.7,0.0,0.0,0.0
2023-06-19 06:00:00+02:00,14.2,0.0,0.0,0.0
2023-06-19 07:00:00+02:00,16.5,0.0,0.0,0.0
2023-06-19 08:00:00+02:00,18.5,1.4,71.0,0.0
2023-06-19 09:00:00+02:00,20.4,1.3,158.0,0.0
2023-06-19 10:00:00+02:00,21.4,1.1,136.0,0.0
2023-06-19 11:00:00+02:00,22.3,1.4,158.0,0.0
2023-06-19 12:00:00+02:00,23.2,1.9,159.0,0.0
2023-06-19 13:00:00+02:00,23.6,1.7,189.0,0.0
2023-06-19 14:00:00+02:00,24.2,2.3,141.0,0.0
2023-06-19 15:00:00+02:00,23.8,2.9,142.0,0.0
2023-06-19 16:00:00+02:00,21.8,2.8,158.0,0.0
2023-06-19 17:00:00+02:00,19.5,2.3,166.0,0.0
2023-06-19 18:00:00+02:00,18.4,2.5,124.0,0.1
2023-06-19 19:00:00+02:00,18.6,2.9,117.0,0.0
2023-06-19 20:00:00+02:00,18.8,2.7,113.0,0.0
2023-06-19 21:00:00+02:00,18.6,2.2,114.0,0.0
2023-06-19 22:00:00+02:00,18.3,2.9,119.0,0.0
2023-06-19 23:00:00+02:00,18.1,1.5,108.0,0.0
2023-06-20 00:00:00+02:00,17.3,1.8,107.0,0.0
2023-06-20 01:00:00+02:00,17.3,2.6,117.0,0.0
2023-06-20 02:00:00+02:00,16.9,2.3,116.0,0.0
2023-06-20 03:00:00+02:00,17.0,3.0,123.0,0.0
2023-06-20 04:00:00+02:00,16.9,2.1,118.0,0.0
2023-06-20 05:00:00+02:00,16.5,0.7,119.0,0.0
2023-06-20 06:00:00+02:00,16.5,1.9,112.0,0.0
2023-06-20 07:00:00+02:00,18.3,0.8,109.0,0.0
2023-06-20 08:00:00+02:00,19.5,3.1,119.0,0.0
2023-06-20 09:00:00+02:00,20.6,2.4,138.0,0.0
2023-06-20 10:00:00+02:00,22.9,2.1,132.0,0.0
2023-06-20 11:00:00+02:00,23.5,1.9,121.0,0.0
2023-06-20 12:00:00+02:00,24.4,2.4,121.0,0.0
2023-06-20 13:00:00+02:00,25.6,2.6,129.0,0.0
2023-06-20 14:00:00+02:00,24.9,2.2,133.0,0.0
2023-06-20 15:00:00+02:00,24.6,2.6,132.0,0.0
2023-06-20 16:00:00+02:00,24.1,1.2,359.0,0.0
2023-06-20 17:00:00+02:00,24.7,3.0,124.0,0.0
2023-06-20 18:00:00+02:00,25.1,3.5,120.0,0.0
2023-06-20 19:00:00+02:00,23.8,3.2,116.0,0.0
2023-06-20 20:00:00+02:00,22.9,2.8,109.0,0.0
2023-06-20 21:00:00+02:00,21.4,3.2,119.0,0.0
2023-06-20 22:00:00+02:00,20.2,2.3,119.0,0.0
2023-06-20 23:00:00+02:00,18.5,1.4,101.0,0.0
2023-06-21 00:00:00+02:00,17.4,0.8,72.0,0.0
2023-06-21 01:00:00+02:00,17.5,0.6,91.0,0.0
2023-06-21 02:00:00+02:00,18.4,1.3,90.0,0.0
2023-06-21 03:00:00+02:00,19.1,2.2,105.0,0.0
2023-06-21 04:00:00+02:00,18.7,1.5,78.0,0.0
2023-06-21 05:00:00+02:00,18.6,2.6,107.0,0.0
2023-06-21 06:00:00+02:00,19.1,3.9,111.0,0.0
2023-06-21 07:00:00+02:00,19.7,3.5,113.0,0.0
2023-06-21 08:00:00+02:00,20.4,3.0,122.0,0.0
2023-06-21 09:00:00+02:00,21.0,2.7,119.0,0.0
2023-06-21 10:00:00+02:00,21.4,2.6,138.0,0.0
2023-06-21 11:00:00+02:00,22.2,1.7,170.0,0.0
2023-06-21 12:00:00+02:00,24.0,1.5,160.0,0.0
2023-06-21 13:00:00+02:00,24.7,2.7,248.0,0.0
2023-06-21 14:00:00+02:00,24.4,2.9,252.0,0.0
2023-06-21 15:00:00+02:00,24.4,6.0,272.0,0.0
2023-06-21 16:00:00+02:00,25.0,5.4,259.0,0.0
2023-06-21 17:00:00+02:00,25.9,4.4,262.0,0.0
2023-06-21 18:00:00+02:00,25.6,5.7,274.0,0.0
2023-06-21 19:00:00+02:00,23.8,6.1,267.0,0.0
2023-06-21 20:00:00+02:00,22.6,5.3,305.0,0.0
2023-06-21 21:00:00+02:00,20.6,4.7,300.0,0.0
2023-06-21 22:00:00+02:00,19.3,4.3,303.0,0.0
2023-06-21 23:00:00+02:00,18.6,2.7,297.0,0.0
2023-06-22 00:00:00+02:00,18.0,1.7,281.0,0.0
2023-06-22 01:00:00+02:00,17.8,2.8,290.0,0.0
2023-06-22 02:00:00+02:00,17.6,3.2,287.0,0.0
2023-06-22 03:00:00+02:00,16.9,2.0,290.0,0.0
2023-06-22 04:00:00+02:00,15.9,1.4,283.0,0.0
2023-06-22 05:00:00+02:00,16.1,2.6,294.0,0.0
2023-06-22 06:00:00+02:00,17.1,2.4,299.0,0.0
2023-06-22 07:00:00+02:00,17.4,3.4,292.0,0.0
2023-06-22 08:00:00+02:00,19.3,4.0,313.0,0.0
2023-06-22 09:00:00+02:00,19.7,2.9,313.0,0.0
2023-06-22 10:00:00+02:00,21.9,2.7,308.0,0.0
2023-06-22 11:00:00+02:00,23.3,3.0,313.0,0.0
2023-06-22 12:00:00+02:00,23.9,3.1,323.0,0.0
2023-06-22 13:00:00+02:00,24.7,2.8,313.0,0.0
2023-06-22 14:00:00+02:00,25.4,2.9,332.0,0.0
2023-06-22 15:00:00+02:00,25.8,2.4,320.0,0.0
2023-06-22 16:00:00+02:00,24.1,2.8,300.0,0.0
2023-06-22 17:00:00+02:00,24.3,2.2,321.0,0.0
2023-06-22 18:00:00+02:00,24.4,2.1,280.0,0.0
2023-06-22 19:00:00+02:00,24.2,1.7,246.0,0.0
2023-06-22 20:00:00+02:00,23.7,0.9,285.0,0.0
2023-06-22 21:00:00+02:00,21.4,1.5,344.0,0.0
2023-06-22 22:00:00+02:00,19.4,0.0,0.0,0.0
2023-06-22 23:00:00+02:00,18.1,0.0,0.0,0.0
2023-06-23 00:00:00+02:00,17.7,0.0,0.0,0.0
2023-06-23 01:00:00+02:00,17.4,0.0,0.0,0.0
2023-06-23 02:00:00+02:00,16.9,0.0,0.0,0.0
2023-06-23 03:00:00+02:00,16.2,0.0,0.0,0.0
2023-06-23 04:00:00+02:00,16.0,0.0,0.0,0.0
2023-06-23 05:00:00+02:00,16.3,0.0,0.0,0.0
2023-06-23 06:00:00+02:00,17.1,0.0,0.0,0.0
2023-06-23 07:00:00+02:00,19.4,1.4,340.0,0.0
2023-06-23 08:00:00+02:00,19.5,2.5,334.0,0.0
2023-06-23 09:00:00+02:00,21.8,3.4,323.0,0.0
2023-06-23 10:00:00+02:00,21.4,3.6,330.0,0.0
2023-06-23 11:00:00+02:00,22.5,4.4,320.0,0.0
2023-06-23 12:00:00+02:00,23.6,2.9,333.0,0.0
2023-06-23 13:00:00+02:00,23.0,3.8,330.0,0.0
2023-06-23 14:00:00+02:00,23.0,3.9,325.0,0.0
2023-06-23 15:00:00+02:00,22.4,3.5,328.0,0.0
2023-06-23 16:00:00+02:00,21.3,3.7,332.0,0.0
2023-06-23 17:00:00+02:00,20.4,5.4,326.0,0.0
2023-06-23 18:00:00+02:00,20.0,3.1,333.0,0.0
2023-06-23 19:00:00+02:00,19.4,4.0,333.0,0.0
2023-06-23 20:00:00+02:00,21.2,2.6,328.0,0.0
2023-06-23 21:00:00+02:00,18.5,2.0,335.0,0.0
2023-06-23 22:00:00+02:00,17.2,1.8,335.0,0.0
2023-06-23 23:00:00+02:00,16.6,1.9,332.0,0.0
2023-06-24 00:00:00+02:00,16.7,1.8,307.0,0.0
2023-06-24 01:00:00+02:00,16.5,2.2,311.0,0.0
2023-06-24 02:00:00+02:00,16.5,2.2,307.0,0.0
2023-06-24 03:00:00+02:00,16.1,2.2,315.0,0.0
2023-06-24 04:00:00+02:00,15.3,2.4,310.0,0.0
2023-06-24 05:00:00+02:00,15.0,2.9,309.0,0.0
2023-06-24 06:00:00+02:00,15.9,3.7,317.0,0.0
2023-06-24 07:00:00+02:00,16.4,3.0,307.0,0.0
2023-06-24 08:00:00+02:00,17.2,2.6,316.0,0.0
2023-06-24 09:00:00+02:00,19.3,3.6,323.0,0.0
2023-06-24 10:00:00+02:00,20.1,4.1,304.0,0.0
2023-06-24 11:00:00+02:00,21.4,2.8,308.0,0.0
2023-06-24 12:00:00+02:00,22.7,4.0,312.0,0.0
2023-06-24 13:00:00+02:00,24.3,4.0,323.0,0.0
2023-06-24 14:00:00+02:00,22.8,2.9,317.0,0.0
2023-06-24 15:00:00+02:00,24.7,4.2,320.0,0.0
2023-06-24 16:00:00+02:00,24.2,4.0,297.0,0.0
2023-06-24 17:00:00+02:00,25.1,2.8,322.0,0.0
2023-06-24 18:00:00+02:00,24.3,2.7,341.0,0.0
2023-06-24 19:00:00+02:00,23.9,2.1,333.0,0.0
2023-06-24 20:00:00+02:00,23.1,2.4,321.0,0.0
2023-06-24 21:00:00+02:00,20.8,2.1,323.0,0.0
2023-06-24 22:00:00+02:00,18.9,1.2,289.0,0.0
2023-06-24 23:00:00+02:00,16.3,0.0,0.0,0.0
2023-06-25 00:00:00+02:00,15.4,0.0,0.0,0.0
2023-06-25 01:00:00+02:00,14.6,0.0,0.0,0.0
2023-06-25 02:00:00+02:00,13.9,0.0,0.0,0.0
2023-06-25 03:00:00+02:00,13.5,0.0,0.0,0.0
2023-06-25 04:00:00+02:00,13.1,0.0,0.0,0.0
2023-06-25 05:00:00+02:00,12.3,0.0,0.0,0.0
2023-06-25 06:00:00+02:00,15.1,0.0,0.0,0.0
2023-06-25 07:00:00+02:00,18.5,0.5,70.0,0.0
2023-06-25 08:00:00+02:00,19.9,0.7,69.0,0.0
2023-06-25 09:00:00+02:00,21.8,0.0,0.0,0.0
2023-06-25 10:00:00+02:00,23.1,1.0,282.0,0.0
2023-06-25 11:00:00+02:00,24.8,1.7,305.0,0.0
2023-06-25 12:00:00+02:00,23.1,2.9,292.0,0.0
2023-06-25 13:00:00+02:00,25.4,1.4,250.0,0.0
2023-06-25 14:00:00+02:00,26.2,3.1,293.0,0.0
2023-06-25 15:00:00+02:00,27.0,1.5,314.0,0.0
2023-06-25 16:00:00+02:00,25.3,1.2,287.0,0.0
2023-06-25 17:00:00+02:00,26.4,2.5,290.0,0.0
2023-06-25 18:00:00+02:00,25.5,1.7,268.0,0.0
2023-06-25 19:00:00+02:00,24.8,2.4,270.0,0.0
2023-06-25 20:00:00+02:00,24.1,1.6,255.0,0.0
2023-06-25 21:00:00+02:00,21.8,0.9,251.0,0.0
2023-06-25 22:00:00+02:00,19.7,0.0,0.0,0.0
2023-06-25 23:00:00+02:00,17.6,0.0,0.0,0.0
2023-06-26 00:00:00+02:00,16.2,0.0,0.0,0.0
2023-06-26 01:00:00+02:00,15.2,0.0,0.0,0.0
2023-06-26 02:00:00+02:00,14.6,0.5,133.0,0.0
2023-06-26 03:00:00+02:00,14.9,0.0,0.0,0.0
2023-06-26 04:00:00+02:00,15.1,1.0,136.0,0.0
2023-06-26 05:00:00+02:00,15.7,0.9,146.0,0.0
2023-06-26 06:00:00+02:00,17.8,1.3,145.0,0.0
2023-06-26 07:00:00+02:00,20.4,1.7,134.0,0.0
2023-06-26 08:00:00+02:00,22.1,2.8,133.0,0.0
2023-06-26 09:00:00+02:00,23.0,4.3,146.0,0.0
2023-06-26 10:00:00+02:00,23.8,4.5,129.0,0.0
2023-06-26 11:00:00+02:00,25.1,4.5,135.0,0.0
2023-06-26 12:00:00+02:00,26.1,4.6,138.0,0.0
2023-06-26 13:00:00+02:00,26.2,5.5,129.0,0.0
2023-06-26 14:00:00+02:00,26.0,5.8,138.0,0.0
2023-06-26 15:00:00+02:00,24.7,5.4,133.0,0.0
2023-06-26 16:00:00+02:00,22.5,4.2,135.0,0.0
2023-06-26 17:00:00+02:00,18.3,1.1,176.0,5.2
2023-06-26 18:00:00+02:00,18.4,1.2,156.0,2.3
2023-06-26 19:00:00+02:00,18.6,1.1,194.0,0.1
2023-06-26 20:00:00+02:00,18.5,2.0,255.0,0.6
2023-06-26 21:00:00+02:00,18.2,4.4,295.0,0.0
2023-06-26 22:00:00+02:00,18.4,4.7,287.0,0.0
2023-06-26 23:00:00+02:00,17.9,6.6,293.0,0.0
2023-06-27 00:00:00+02:00,17.0,5.5,287.0,0.0
2023-06-27 01:00:00+02:00,16.7,5.5,299.0,0.0
2023-06-27 02:00:00+02:00,16.6,5.6,296.0,0.0
2023-06-27 03:00:00+02:00,16.3,4.9,297.0,0.0
2023-06-27 04:00:00+02:00,16.1,5.9,295.0,0.0
2023-06-27 05:00:00+02:00,15.6,4.9,293.0,0.0
2023-06-27 06:00:00+02:00,15.4,4.4,294.0,0.0
2023-06-27 07:00:00+02:00,15.8,5.0,290.0,0.0
2023-06-27 08:00:00+02:00,15.8,5.8,303.0,0.0
2023-06-27 09:00:00+02:00,17.4,7.3,291.0,0.0
2023-06-27 10:00:00+02:00,18.1,5.0,306.0,0.0
2023-06-27 11:00:00+02:00,17.9,6.5,297.0,0.0
2023-06-27 12:00:00+02:00,17.3,6.3,296.0,0.0
2023-06-27 13:00:00+02:00,18.8,5.1,298.0,0.0
2023-06-27 14:00:00+02:00,17.9,5.9,296.0,0.0
2023-06-27 15:00:00+02:00,17.1,3.7,301.0,0.0
2023-06-27 16:00:00+02:00,17.8,6.3,302.0,0.0
2023-06-27 17:00:00+02:00,17.8,6.0,288.0,0.0
2023-06-27 18:00:00+02:00,18.5,5.9,304.0,0.0
2023-06-27 19:00:00+02:00,17.6,6.1,299.0,0.0
2023-06-27 20:00:00+02:00,16.6,4.8,297.0,0.0
2023-06-27 21:00:00+02:00,17.0,5.7,306.0,0.0
2023-06-27 22:00:00+02:00,16.9,5.2,308.0,0.0
2023-06-27 23:00:00+02:00,16.8,6.2,304.0,0.0
2023-06-28 00:00:00+02:00,16.7,4.4,314.0,0.0
2023-06-28 01:00:00+02:00,16.4,5.3,313.0,0.0
2023-06-28 02:00:00+02:00,16.2,4.1,315.0,0.0
2023-06-28 03:00:00+02:00,15.9,4.9,313.0,0.1
2023-06-28 04:00:00+02:00,16.1,4.3,317.0,0.0
2023-06-28 05:00:00+02:00,16.2,3.8,317.0,0.0
2023-06-28 06:00:00+02:00,16.4,3.5,314.0,0.0
2023-06-28 07:00:00+02:00,16.8,3.8,316.0,0.0
2023-06-28 08:00:00+02:00,17.8,4.0,318.0,0.0
2023-06-28 09:00:00+02:00,18.2,4.2,319.0,0.0
2023-06-28 10:00:00+02:00,20.5,4.5,321.0,0.0
2023-06-28 11:00:00+02:00,20.2,4.8,311.0,0.0
2023-06-28 12:00:00+02:00,20.7,4.5,309.0,0.0
2023-06-28 13:00:00+02:00,22.1,4.5,328.0,0.0
2023-06-28 14:00:00+02:00,22.3,4.0,329.0,0.0
2023-06-28 15:00:00+02:00,23.7,4.2,320.0,0.0
2023-06-28 16:00:00+02:00,23.2,3.7,306.0,0.0
2023-06-28 17:00:00+02:00,23.3,3.8,320.0,0.0
2023-06-28 18:00:00+02:00,23.2,3.3,307.0,0.0
2023-06-28 19:00:00+02:00,23.1,2.0,332.0,0.0
2023-06-28 20:00:00+02:00,22.3,2.6,327.0,0.0
2023-06-28 21:00:00+02:00,19.9,1.1,317.0,0.0
2023-06-28 22:00:00+02:00,18.3,1.2,318.0,0.0
2023-06-28 23:00:00+02:00,16.2,0.0,0.0,0.0
2023-06-29 00:00:00+02:00,14.8,0.0,0.0,0.0
2023-06-29 01:00:00+02:00,14.2,0.0,0.0,0.0
2023-06-29 02:00:00+02:00,15.1,1.5,265.0,0.0
2023-06-29 03:00:00+02:00,16.4,1.9,267.0,0.0
2023-06-29 04:00:00+02:00,15.9,1.6,287.0,0.0
2023-06-29 05:00:00+02:00,15.2,1.3,280.0,0.0
2023-06-29 06:00:00+02:00,17.5,2.3,271.0,0.0
2023-06-29 07:00:00+02:00,18.3,2.3,266.0,0.0
2023-06-29 08:00:00+02:00,19.4,2.4,275.0,0.0
2023-06-29 09:00:00+02:00,20.0,2.0,267.0,0.0
2023-06-29 10:00:00+02:00,18.9,2.0,260.0,0.0
2023-06-29 11:00:00+02:00,18.8,1.6,246.0,0.0
2023-06-29 12:00:00+02:00,20.0,2.2,254.0,0.0
2023-06-29 13:00:00+02:00,20.2,1.5,224.0,0.0
2023-06-29 14:00:00+02:00,20.9,1.6,198.0,0.0
2023-06-29 15:00:00+02:00,21.4,1.6,233.0,0.0
2023-06-29 16:00:00+02:00,21.1,1.8,230.0,0.0
2023-06-29 17:00:00+02:00,21.3,1.9,219.0,0.0
2023-06-29 18:00:00+02:00,20.8,1.6,197.0,0.0
2023-06-29 19:00:00+02:00,20.9,1.6,238.0,0.0
2023-06-29 20:00:00+02:00,20.3,1.3,194.0,0.0
2023-06-29 21:00:00+02:00,20.0,1.0,202.0,0.0
2023-06-29 22:00:00+02:00,19.6,0.9,190.0,0.0
2023-06-29 23:00:00+02:00,19.3,0.5,172.0,0.0
2023-06-30 00:00:00+02:00,18.7,1.4,187.0,0.0
2023-06-30 01:00:00+02:00,18.4,1.6,185.0,0.0
2023-06-30 02:00:00+02:00,18.4,1.4,191.0,0.0
2023-06-30 03:00:00+02:00,18.9,1.4,235.0,0.0
2023-06-30 04:00:00+02:00,18.3,1.0,243.0,0.4
2023-06-30 05:00:00+02:00,18.3,1.3,234.0,0.5
2023-06-30 06:00:00+02:00,16.6,4.5,288.0,1.6
2023-06-30 07:00:00+02:00,16.6,4.4,295.0,0.0
2023-06-30 08:00:00+02:00,16.3,3.9,312.0,0.0
2023-06-30 09:00:00+02:00,17.4,3.4,302.0,0.0
2023-06-30 10:00:00+02:00,18.0,4.7,311.0,0.0
2023-06-30 11:00:00+02:00,17.9,4.5,306.0,0.0
2023-06-30 12:00:00+02:00,19.8,3.7,314.0,0.0
2023-06-30 13:00:00+02:00,19.1,4.0,312.0,0.0
2023-06-30 14:00:00+02:00,18.4,4.5,300.0,0.0
2023-06-30 15:00:00+02:00,19.6,3.5,316.0,0.0
2023-06-30 16:00:00+02:00,20.6,3.0,312.0,0.0
2023-06-30 17:00:00+02:00,21.5,2.0,306.0,0.0
2023-06-30 18:00:00+02:00,20.9,3.1,280.0,0.0
2023-06-30 19:00:00+02:00,20.0,1.9,266.0,0.0
2023-06-30 20:00:00+02:00,19.0,2.1,274.0,0.0
2023-06-30 21:00:00+02:00,18.6,2.4,277.0,0.0
2023-06-30 22:00:00+02:00,18.2,2.5,278.0,0.0
2023-06-30 23:00:00+02:00,17.5,2.2,278.0,0.0
2023-07-01 00:00:00+02:00,16.1,1.3,281.0,0.0
2023-07-01 01:00:00+02:00,16.1,1.8,265.0,0.0
2023-07-01 02:00:00+02:00,15.6,0.7,254.0,0.0
2023-07-01 03:00:00+02:00,14.9,0.5,229.0,0.0
2023-07-01 04:00:00+02:00,13.7,0.0,0.0,0.0
2023-07-01 05:00:00+02:00,14.4,0.0,0.0,0.0
2023-07-01 06:00:00+02:00,15.6,0.9,192.0,0.0
2023-07-01 07:00:00+02:00,16.3,0.8,195.0,0.0
2023-07-01 08:00:00+02:00,15.9,1.8,247.0,0.2
2023-07-01 09:00:00+02:00,15.6,1.2,178.0,1.0
2023-07-01 10:00:00+02:00,17.1,1.6,176.0,0.2
2023-07-01 11:00:00+02:00,17.3,2.1,185.0,0.0
2023-07-01 12:00:00+02:00,17.5,3.0,197.0,0.0
2023-07-01 13:00:00+02:00,17.9,3.0,196.0,0.0
2023-07-01 14:00:00+02:00,17.3,3.1,208.0,0.0
2023-07-01 15:00:00+02:00,16.6,2.0,196.0,0.0
2023-07-01 16:00:00+02:00,15.8,2.3,237.0,0.3
2023-07-01 17:00:00+02:00,16.1,1.8,228.0,1.1
2023-07-01 18:00:00+02:00,16.3,1.7,213.0,0.7
2023-07-01 19:00:00+02:00,16.4,1.8,211.0,0.2
2023-07-01 20:00:00+02:00,16.6,1.8,211.0,0.3
2023-07-01 21:00:00+02:00,16.8,1.9,220.0,0.0
2023-07-01 22:00:00+02:00,17.0,2.0,242.0,0.1
2023-07-01 23:00:00+02:00,17.0,1.5,248.0,0.1
2023-07-02 00:00:00+02:00,16.5,1.9,248.0,0.0
2023-07-02 01:00:00+02:00,16.7,2.6,250.0,0.0
2023-07-02 02:00:00+02:00,16.7,2.9,256.0,0.0
2023-07-02 03:00:00+02:00,16.4,5.3,264.0,0.0
2023-07-02 04:00:00+02:00,15.9,3.9,262.0,0.0
2023-07-02 05:00:00+02:00,16.1,3.3,257.0,0.0
2023-07-02 06:00:00+02:00,16.4,4.7,261.0,0.0
2023-07-02 07:00:00+02:00,16.2,3.9,263.0,0.0
2023-07-02 08:00:00+02:00,16.5,7.2,263.0,0.0
2023-07-02 09:00:00+02:00,17.4,7.1,267.0,0.0
2023-07-02 10:00:00+02:00,18.1,6.8,271.0,0.0
2023-07-02 11:00:00+02:00,19.2,5.4,257.0,0.0
2023-07-02 12:00:00+02:00,19.5,7.1,263.0,0.0
2023-07-02 13:00:00+02:00,16.2,8.2,266.0,0.0
2023-07-02 14:00:00+02:00,18.6,7.2,266.0,0.0
2023-07-02 15:00:00+02:00,17.6,7.1,268.0,0.0
2023-07-02 16:00:00+02:00,18.1,8.7,268.0,0.0
2023-07-02 17:00:00+02:00,16.8,10.8,269.0,0.0
2023-07-02 18:00:00+02:00,17.4,7.5,267.0,0.0
2023-07-02 19:00:00+02:00,17.6,7.9,270.0,0.0
2023-07-02 20:00:00+02:00,16.8,7.7,265.0,0.0
2023-07-02 21:00:00+02:00,16.5,6.0,268.0,0.0
2023-07-02 22:00:00+02:00,14.1,4.3,266.0,1.5
2023-07-02 23:00:00+02:00,15.1,5.5,259.0,0.0
2023-07-03 00:00:00+02:00,14.2,5.3,260.0,0.6
2023-07-03 01:00:00+02:00,14.7,6.6,264.0,0.0
2023-07-03 02:00:00+02:00,14.1,5.8,283.0,0.0
2023-07-03 03:00:00+02:00,14.4,5.6,262.0,0.0
2023-07-03 04:00:00+02:00,14.6,5.0,258.0,0.0
2023-07-03 05:00:00+02:00,14.2,4.3,253.0,0.0
2023-07-03 06:00:00+02:00,14.9,3.5,258.0,0.0
2023-07-03 07:00:00+02:00,15.0,5.3,260.0,0.0
2023-07-03 08:00:00+02:00,15.5,4.2,258.0,0.0
2023-07-03 09:00:00+02:00,16.1,4.9,257.0,0.0
2023-07-03 10:00:00+02:00,16.9,6.5,259.0,0.0
2023-07-03 11:00:00+02:00,17.4,6.4,265.0,0.0
2023-07-03 12:00:00+02:00,18.0,5.9,257.0,0.0
2023-07-03 13:00:00+02:00,18.6,7.2,262.0,0.0
2023-07-03 14:00:00+02:00,17.3,4.5,282.0,0.0
2023-07-03 15:00:00+02:00,17.4,3.7,251.0,1.6
2023-07-03 16:00:00+02:00,17.8,3.3,252.0,0.1
2023-07-03 17:00:00+02:00,17.2,7.1,258.0,0.0
2023-07-03 18:00:00+02:00,17.0,5.7,258.0,0.0
2023-07-03 19:00:00+02:00,17.7,7.5,263.0,0.0
2023-07-03 20:00:00+02:00,16.4,4.4,259.0,0.0
2023-07-03 21:00:00+02:00,15.0,3.0,249.0,0.0
2023-07-03 22:00:00+02:00,13.8,2.7,261.0,0.1
2023-07-03 23:00:00+02:00,14.3,2.9,253.0,0.0
2023-07-04 00:00:00+02:00,13.8,2.2,246.0,0.0
2023-07-04 01:00:00+02:00,13.9,2.8,252.0,0.0
2023-07-04 02:00:00+02:00,14.4,2.0,246.0,0.0
2023-07-04 03:00:00+02:00,14.2,2.2,231.0,0.0
2023-07-04 04:00:00+02:00,13.5,2.1,216.0,0.3
2023-07-04 05:00:00+02:00,12.9,2.2,210.0,2.6
2023-07-04 06:00:00+02:00,13.4,3.5,244.0,0.0
2023-07-04 07:00:00+02:00,13.3,8.1,267.0,0.0
2023-07-04 08:00:00+02:00,14.1,6.4,265.0,0.0
2023-07-04 09:00:00+02:00,15.4,5.8,260.0,0.0
2023-07-04 10:00:00+02:00,16.3,6.5,260.0,0.0
2023-07-04 11:00:00+02:00,17.6,5.2,258.0,0.0
2023-07-04 12:00:00+02:00,16.8,8.6,276.0,0.0
2023-07-04 13:00:00+02:00,14.0,5.4,258.0,0.1
2023-07-04 14:00:00+02:00,15.3,2.7,249.0,2.7
2023-07-04 15:00:00+02:00,14.9,2.9,244.0,0.0
2023-07-04 16:00:00+02:00,13.6,5.7,259.0,1.2
2023-07-04 17:00:00+02:00,18.1,3.0,246.0,0.1
2023-07-04 18:00:00+02:00,17.6,3.6,242.0,0.0
2023-07-04 19:00:00+02:00,17.3,5.0,253.0,0.0
2023-07-04 20:00:00+02:00,17.1,4.4,251.0,0.0
2023-07-04 21:00:00+02:00,16.6,5.0,256.0,0.0
2023-07-04 22:00:00+02:00,15.6,5.7,266.0,0.0
2023-07-04 23:00:00+02:00,15.5,5.0,262.0,0.0
2023-07-05 00:00:00+02:00,15.1,4.6,267.0,0.0
2023-07-05 01:00:00+02:00,14.7,3.6,257.0,0.0
2023-07-05 02:00:00+02:00,13.9,1.9,256.0,0.0
2023-07-05 03:00:00+02:00,13.2,1.6,258.0,0.0
2023-07-05 04:00:00+02:00,12.2,0.7,249.0,0.0
2023-07-05 05:00:00+02:00,11.0,0.0,0.0,0.0
2023-07-05 06:00:00+02:00,12.6,0.0,0.0,0.0
2023-07-05 07:00:00+02:00,15.3,0.9,140.0,0.0
2023-07-05 08:00:00+02:00,16.3,2.2,136.0,0.0
2023-07-05 09:00:00+02:00,16.7,3.2,133.0,0.0
2023-07-05 10:00:00+02:00,15.6,3.0,125.0,0.0
2023-07-05 11:00:00+02:00,17.7,4.9,124.0,0.0
2023-07-05 12:00:00+02:00,17.4,5.5,118.0,0.0
2023-07-05 13:00:00+02:00,16.1,6.2,119.0,0.0
2023-07-05 14:00:00+02:00,15.2,5.9,115.0,0.4
2023-07-05 15:00:00+02:00,17.3,5.0,130.0,0.0
2023-07-05 16:00:00+02:00,18.4,4.7,131.0,0.0
2023-07-05 17:00:00+02:00,19.7,3.7,142.0,0.0
2023-07-05 18:00:00+02:00,20.8,2.6,179.0,0.0
2023-07-05 19:00:00+02:00,19.8,2.7,185.0,0.0
2023-07-05 20:00:00+02:00,17.9,3.2,210.0,0.0
2023-07-05 21:00:00+02:00,17.4,2.6,187.0,0.0
2023-07-05 22:00:00+02:00,16.5,3.6,201.0,0.0
2023-07-05 23:00:00+02:00,15.6,3.7,204.0,0.0
2023-07-06 00:00:00+02:00,15.6,4.5,213.0,0.0
2023-07-06 01:00:00+02:00,15.1,3.3,224.0,0.0
2023-07-06 02:00:00+02:00,14.7,3.4,216.0,0.0
2023-07-06 03:00:00+02:00,14.4,3.0,229.0,0.0
2023-07-06 04:00:00+02:00,13.7,3.5,241.0,0.2
2023-07-06 05:00:00+02:00,14.1,4.8,249.0,0.0
2023-07-06 06:00:00+02:00,14.2,3.7,249.0,0.0
2023-07-06 07:00:00+02:00,14.5,5.4,252.0,0.0
2023-07-06 08:00:00+02:00,14.5,5.4,258.0,0.0
2023-07-06 09:00:00+02:00,15.2,7.2,268.0,0.0
2023-07-06 10:00:00+02:00,16.8,6.0,267.0,0.0
2023-07-06 11:00:00+02:00,18.1,6.7,265.0,0.0
2023-07-06 12:00:00+02:00,18.1,3.7,247.0,0.0
2023-07-06 13:00:00+02:00,19.9,3.4,251.0,0.0
2023-07-06 14:00:00+02:00,20.1,3.4,234.0,0.0
2023-07-06 15:00:00+02:00,19.1,4.0,249.0,0.0
2023-07-06 16:00:00+02:00,19.8,5.0,252.0,0.0
2023-07-06 17:00:00+02:00,17.3,3.1,264.0,0.0
2023-07-06 18:00:00+02:00,19.7,5.4,269.0,0.0
2023-07-06 19:00:00+02:00,19.7,5.1,262.0,0.0
2023-07-06 20:00:00+02:00,19.1,3.7,258.0,0.0
2023-07-06 21:00:00+02:00,18.0,3.0,262.0,0.0
2023-07-06 22:00:00+02:00,17.1,3.0,263.0,0.0
2023-07-06 23:00:00+02:00,14.6,0.0,0.0,0.0
2023-07-07 00:00:00+02:00,14.4,0.9,247.0,0.0
2023-07-07 01:00:00+02:00,13.1,0.6,219.0,0.0
2023-07-07 02:00:00+02:00,12.9,0.8,250.0,0.0
2023-07-07 03:00:00+02:00,14.3,2.2,261.0,0.0
2023-07-07 04:00:00+02:00,13.2,0.8,250.0,0.0
2023-07-07 05:00:00+02:00,12.8,0.0,0.0,0.0
2023-07-07 06:00:00+02:00,15.1,2.0,261.0,0.0
2023-07-07 07:00:00+02:00,16.0,2.1,265.0,0.0
2023-07-07 08:00:00+02:00,17.4,2.6,281.0,0.0
2023-07-07 09:00:00+02:00,18.0,3.7,282.0,0.0
2023-07-07 10:00:00+02:00,18.5,3.7,286.0,0.0
2023-07-07 11:00:00+02:00,19.8,3.8,266.0,0.0
2023-07-07 12:00:00+02:00,21.3,3.7,278.0,0.0
2023-07-07 13:00:00+02:00,20.6,4.3,271.0,0.0
2023-07-07 14:00:00+02:00,20.7,2.9,254.0,0.0
2023-07-07 15:00:00+02:00,22.0,3.6,272.0,0.0
2023-07-07 16:00:00+02:00,22.3,4.2,271.0,0.0
2023-07-07 17:00:00+02:00,23.1,4.3,274.0,0.0
2023-07-07 18:00:00+02:00,22.2,1.6,336.0,0.0
2023-07-07 19:00:00+02:00,20.5,1.2,333.0,0.0
2023-07-07 20:00:00+02:00,20.9,2.6,325.0,0.0
2023-07-07 21:00:00+02:00,18.6,1.4,342.0,0.0
2023-07-07 22:00:00+02:00,16.1,0.0,0.0,0.0
2023-07-07 23:00:00+02:00,13.8,0.0,0.0,0.0
2023-07-08 00:00:00+02:00,12.2,0.0,0.0,0.0
2023-07-08 01:00:00+02:00,11.6,0.0,0.0,0.0
2023-07-08 02:00:00+02:00,11.2,0.0,0.0,0.0
2023-07-08 03:00:00+02:00,10.9,0.0,0.0,0.0
2023-07-08 04:00:00+02:00,10.3,0.0,0.0,0.0
2023-07-08 05:00:00+02:00,10.6,0.5,161.0,0.0
2023-07-08 06:00:00+02:00,13.9,0.0,0.0,0.0
2023-07-08 07:00:00+02:00,19.2,0.5,318.0,0.0
2023-07-08 08:00:00+02:00,20.4,0.7,316.0,0.0
2023-07-08 09:00:00+02:00,21.4,1.3,296.0,0.0
2023-07-08 10:00:00+02:00,23.2,1.8,323.0,0.0
2023-07-08 11:00:00+02:00,23.3,2.5,318.0,0.0
2023-07-08 12:00:00+02:00,23.7,2.0,313.0,0.0
2023-07-08 13:00:00+02:00,24.6,2.0,329.0,0.0
2023-07-08 14:00:00+02:00,25.1,3.1,306.0,0.0
2023-07-08 15:00:00+02:00,26.1,2.3,327.0,0.0
2023-07-08 16:00:00+02:00,25.8,3.7,316.0,0.0
2023-07-08 17:00:00+02:00,25.8,2.6,323.0,0.0
2023-07-08 18:00:00+02:00,25.2,3.1,324.0,0.0
2023-07-08 19:00:00+02:00,24.3,3.6,310.0,0.0
2023-07-08 20:00:00+02:00,23.4,2.3,318.0,0.0
2023-07-08 21:00:00+02:00,20.4,1.3,334.0,0.0
2023-07-08 22:00:00+02:00,17.8,0.0,0.0,0.0
2023-07-08 23:00:00+02:00,15.7,0.0,0.0,0.0
2023-07-09 00:00:00+02:00,14.4,0.0,0.0,0.0
2023-07-09 01:00:00+02:00,13.5,0.0,0.0,0.0
2023-07-09 02:00:00+02:00,13.0,0.0,0.0,0.0
2023-07-09 03:00:00+02:00,12.4,0.0,0.0,0.0
2023-07-09 04:00:00+02:00,11.7,0.0,0.0,0.0
2023-07-09 05:00:00+02:00,11.5,0.0,0.0,0.0
2023-07-09 06:00:00+02:00,13.6,0.0,0.0,0.0
2023-07-09 07:00:00+02:00,18.9,0.6,28.0,0.0
2023-07-09 08:00:00+02:00,20.3,0.0,0.0,0.0
2023-07-09 09:00:00+02:00,22.5,0.7,13.0,0.0
2023-07-09 10:00:00+02:00,23.6,1.6,311.0,0.0
2023-07-09 11:00:00+02:00,24.7,1.8,321.0,0.0
2023-07-09 12:00:00+02:00,25.1,1.3,311.0,0.0
2023-07-09 13:00:00+02:00,26.9,1.9,330.0,0.0
2023-07-09 14:00:00+02:00,26.9,1.1,335.0,0.0
2023-07-09 15:00:00+02:00,27.4,2.8,288.0,0.0
2023-07-09 16:00:00+02:00,28.1,2.9,316.0,0.0
2023-07-09 17:00:00+02:00,27.7,1.5,314.0,0.0
2023-07-09 18:00:00+02:00,27.5,1.6,299.0,0.0
2023-07-09 19:00:00+02:00,25.9,1.4,244.0,0.0
2023-07-09 20:00:00+02:00,24.1,1.3,246.0,0.0
2023-07-09 21:00:00+02:00,22.0,0.7,150.0,0.0
2023-07-09 22:00:00+02:00,19.6,0.0,0.0,0.0
2023-07-09 23:00:00+02:00,16.9,0.7,92.0,0.0
2023-07-10 00:00:00+02:00,16.3,0.6,86.0,0.0
2023-07-10 01:00:00+02:00,15.8,0.7,125.0,0.0
2023-07-10 02:00:00+02:00,15.6,0.0,0.0,0.0
2023-07-10 03:00:00+02:00,16.7,1.6,137.0,0.0
2023-07-10 04:00:00+02:00,16.2,0.6,188.0,0.0
2023-07-10 05:00:00+02:00,16.2,0.9,143.0,0.0
2023-07-10 06:00:00+02:00,16.8,0.7,97.0,0.0
2023-07-10 07:00:00+02:00,19.4,2.6,112.0,0.0
2023-07-10 08:00:00+02:00,19.8,3.8,118.0,0.0
2023-07-10 09:00:00+02:00,20.5,2.3,138.0,0.0
2023-07-10 10:00:00+02:00,21.5,3.8,123.0,0.0
2023-07-10 11:00:00+02:00,21.4,4.2,127.0,0.0
2023-07-10 12:00:00+02:00,21.4,4.0,123.0,0.0
2023-07-10 13:00:00+02:00,20.7,2.7,159.0,0.0
2023-07-10 14:00:00+02:00,18.6,1.2,149.0,0.7
2023-07-10 15:00:00+02:00,18.2,2.7,114.0,2.6
2023-07-10 16:00:00+02:00,19.4,3.2,109.0,0.0
2023-07-10 17:00:00+02:00,20.8,2.8,138.0,0.0
2023-07-10 18:00:00+02:00,19.8,1.9,145.0,0.0
2023-07-10 19:00:00+02:00,19.8,1.7,168.0,0.0
2023-07-10 20:00:00+02:00,18.8,1.3,187.0,0.0
2023-07-10 21:00:00+02:00,18.7,1.5,260.0,2.2
2023-07-10 22:00:00+02:00,17.4,1.5,281.0,0.0
2023-07-10 23:00:00+02:00,16.7,1.4,280.0,0.0
2023-07-11 00:00:00+02:00,15.9,1.3,272.0,0.0
2023-07-11 01:00:00+02:00,15.1,0.0,0.0,0.0
2023-07-11 02:00:00+02:00,14.7,0.0,0.0,0.0
2023-07-11 03:00:00+02:00,14.1,0.0,0.0,0.0
2023-07-11 04:00:00+02:00,13.3,0.0,0.0,0.0
2023-07-11 05:00:00+02:00,12.8,0.0,0.0,0.0
2023-07-11 06:00:00+02:00,14.3,0.0,0.0,0.0
2023-07-11 07:00:00+02:00,16.4,1.2,292.0,0.0
2023-07-11 08:00:00+02:00,17.8,0.0,0.0,0.0
2023-07-11 09:00:00+02:00,19.5,0.5,191.0,0.0
2023-07-11 10:00:00+02:00,20.4,1.0,230.0,0.0
2023-07-11 11:00:00+02:00,20.8,2.1,261.0,0.0
2023-07-11 12:00:00+02:00,22.1,1.6,219.0,0.0
2023-07-11 13:00:00+02:00,21.7,2.1,189.0,0.0
2023-07-11 14:00:00+02:00,23.1,1.7,209.0,0.0
2023-07-11 15:00:00+02:00,23.3,2.1,157.0,0.0
2023-07-11 16:00:00+02:00,23.8,1.6,161.0,0.0
2023-07-11 17:00:00+02:00,24.0,2.9,134.0,0.0
2023-07-11 18:00:00+02:00,22.4,3.6,139.0,0.0
2023-07-11 19:00:00+02:00,21.2,4.1,124.0,0.0
2023-07-11 20:00:00+02:00,19.9,4.6,125.0,0.0
2023-07-11 21:00:00+02:00,19.4,4.6,122.0,0.0
2023-07-11 22:00:00+02:00,18.5,4.4,120.0,0.0
2023-07-11 23:00:00+02:00,18.3,4.5,121.0,0.0
2023-07-12 00:00:00+02:00,18.3,4.3,127.0,0.0
2023-07-12 01:00:00+02:00,18.4,4.2,130.0,0.0
2023-07-12 02:00:00+02:00,19.0,5.4,133.0,0.0
2023-07-12 03:00:00+02:00,19.0,5.3,132.0,0.0
2023-07-12 04:00:00+02:00,18.9,5.6,129.0,0.0
2023-07-12 05:00:00+02:00,19.3,5.1,129.0,0.0
2023-07-12 06:00:00+02:00,19.7,4.7,125.0,0.0
2023-07-12 07:00:00+02:00,17.3,1.0,237.0,4.9
2023-07-12 08:00:00+02:00,16.9,2.2,107.0,8.9
2023-07-12 09:00:00+02:00,16.7,1.6,79.0,9.2
2023-07-12 10:00:00+02:00,16.9,0.8,99.0,9.4
2023-07-12 11:00:00+02:00,18.2,2.8,150.0,0.2
2023-07-12 12:00:00+02:00,18.6,2.1,166.0,0.0
2023-07-12 13:00:00+02:00,18.5,2.5,244.0,0.5
2023-07-12 14:00:00+02:00,18.6,3.0,251.0,0.9
2023-07-12 15:00:00+02:00,20.1,3.5,263.0,0.1
2023-07-12 16:00:00+02:00,21.8,4.4,263.0,0.0
2023-07-12 17:00:00+02:00,21.7,3.7,271.0,0.0
2023-07-12 18:00:00+02:00,20.9,3.5,302.0,0.0
2023-07-12 19:00:00+02:00,21.0,2.5,264.0,0.0
2023-07-12 20:00:00+02:00,21.3,3.9,272.0,0.0
2023-07-12 21:00:00+02:00,20.1,3.0,279.0,0.0
2023-07-12 22:00:00+02:00,19.0,3.6,276.0,0.0
2023-07-12 23:00:00+02:00,18.3,3.7,270.0,0.0
2023-07-13 00:00:00+02:00,17.4,3.0,265.0,0.0
2023-07-13 01:00:00+02:00,16.5,2.5,269.0,0.0
2023-07-13 02:00:00+02:00,15.8,2.0,268.0,0.0
2023-07-13 03:00:00+02:00,15.4,2.2,262.0,0.0
2023-07-13 04:00:00+02:00,15.4,2.5,261.0,0.0
2023-07-13 05:00:00+02:00,15.0,1.0,255.0,0.0
2023-07-13 06:00:00+02:00,15.6,0.7,231.0,0.0
2023-07-13 07:00:00+02:00,17.5,2.3,250.0,0.0
2023-07-13 08:00:00+02:00,18.4,2.8,251.0,0.0
2023-07-13 09:00:00+02:00,18.7,3.4,253.0,0.0
2023-07-13 10:00:00+02:00,19.9,3.9,250.0,0.0
2023-07-13 11:00:00+02:00,17.8,3.5,253.0,0.0
2023-07-13 12:00:00+02:00,20.7,3.2,272.0,0.0
2023-07-13 13:00:00+02:00,21.0,4.1,256.0,0.0
2023-07-13 14:00:00+02:00,21.5,3.1,242.0,0.0
2023-07-13 15:00:00+02:00,21.9,3.7,251.0,0.0
2023-07-13 16:00:00+02:00,20.4,4.0,262.0,0.0
2023-07-13 17:00:00+02:00,20.7,4.4,255.0,0.0
2023-07-13 18:00:00+02:00,17.8,4.8,266.0,0.0
2023-07-13 19:00:00+02:00,18.0,3.7,265.0,0.0
2023-07-13 20:00:00+02:00,18.1,4.2,268.0,0.0
2023-07-13 21:00:00+02:00,17.7,1.6,257.0,0.0
2023-07-13 22:00:00+02:00,17.4,3.6,268.0,0.0
2023-07-13 23:00:00+02:00,16.6,3.5,268.0,0.0
2023-07-14 00:00:00+02:00,16.3,3.6,263.0,0.0
2023-07-14 01:00:00+02:00,16.2,3.2,277.0,0.0
2023-07-14 02:00:00+02:00,15.9,3.3,275.0,0.0
2023-07-14 03:00:00+02:00,15.4,3.1,278.0,0.0
2023-07-14 04:00:00+02:00,15.0,2.8,287.0,0.0
2023-07-14 05:00:00+02:00,15.2,3.1,290.0,0.0
2023-07-14 06:00:00+02:00,15.3,2.4,287.0,0.0
2023-07-14 07:00:00+02:00,16.5,3.3,295.0,0.0
2023-07-14 08:00:00+02:00,16.9,3.9,290.0,0.0
2023-07-14 09:00:00+02:00,17.9,3.3,288.0,0.0
2023-07-14 10:00:00+02:00,17.9,3.1,272.0,0.0
2023-07-14 11:00:00+02:00,19.5,1.9,261.0,0.0
2023-07-14 12:00:00+02:00,20.4,3.6,284.0,0.0
2023-07-14 13:00:00+02:00,20.7,2.2,241.0,0.0
2023-07-14 14:00:00+02:00,20.6,2.6,225.0,0.0
2023-07-14 15:00:00+02:00,21.0,3.0,253.0,0.0
2023-07-14 16:00:00+02:00,21.2,2.4,216.0,0.0
2023-07-14 17:00:00+02:00,21.3,2.3,208.0,0.0
2023-07-14 18:00:00+02:00,22.0,1.7,256.0,0.0
2023-07-14 19:00:00+02:00,21.5,1.4,244.0,0.0
2023-07-14 20:00:00+02:00,20.7,1.0,182.0,0.0
2023-07-14 21:00:00+02:00,18.8,0.7,155.0,0.0
2023-07-14 22:00:00+02:00,17.3,0.8,143.0,0.0
2023-07-14 23:00:00+02:00,16.6,1.3,130.0,0.0
2023-07-15 00:00:00+02:00,16.7,2.2,132.0,0.0
2023-07-15 01:00:00+02:00,16.6,2.0,129.0,0.0
2023-07-15 02:00:00+02:00,16.4,2.4,118.0,0.0
2023-07-15 03:00:00+02:00,17.4,3.1,127.0,0.0
2023-07-15 04:00:00+02:00,17.4,3.7,129.0,0.0
2023-07-15 05:00:00+02:00,17.4,4.3,126.0,0.0
2023-07-15 06:00:00+02:00,17.9,4.6,123.0,0.0
2023-07-15 07:00:00+02:00,18.6,5.3,120.0,0.0
2023-07-15 08:00:00+02:00,18.9,4.7,124.0,0.0
2023-07-15 09:00:00+02:00,19.8,4.2,125.0,0.0
2023-07-15 10:00:00+02:00,21.7,5.0,128.0,0.0
2023-07-15 11:00:00+02:00,23.2,6.2,132.0,0.0
2023-07-15 12:00:00+02:00,24.5,5.8,129.0,0.0
2023-07-15 13:00:00+02:00,25.6,5.9,138.0,0.0
2023-07-15 14:00:00+02:00,25.3,6.4,134.0,0.0
2023-07-15 15:00:00+02:00,26.0,7.2,140.0,0.0
2023-07-15 16:00:00+02:00,26.9,6.4,136.0,0.0
2023-07-15 17:00:00+02:00,26.5,4.9,136.0,0.0
2023-07-15 18:00:00+02:00,25.5,3.8,130.0,0.0
2023-07-15 19:00:00+02:00,24.5,4.4,134.0,0.0
2023-07-15 20:00:00+02:00,24.1,3.7,144.0,0.0
2023-07-15 21:00:00+02:00,23.3,2.5,144.0,0.0
2023-07-15 22:00:00+02:00,22.8,1.3,169.0,0.0
2023-07-15 23:00:00+02:00,22.5,2.2,143.0,0.0
2023-07-16 00:00:00+02:00,24.1,2.2,169.0,0.0
2023-07-16 01:00:00+02:00,23.7,2.7,175.0,0.0
2023-07-16 02:00:00+02:00,23.2,2.6,174.0,0.0
2023-07-16 03:00:00+02:00,22.4,2.0,205.0,0.0
2023-07-16 04:00:00+02:00,20.5,4.6,269.0,0.0
2023-07-16 05:00:00+02:00,19.5,5.1,275.0,0.0
2023-07-16 06:00:00+02:00,18.3,2.9,260.0,0.0
2023-07-16 07:00:00+02:00,17.0,0.7,203.0,0.3
2023-07-16 08:00:00+02:00,17.3,1.2,240.0,0.0
2023-07-16 09:00:00+02:00,19.2,2.0,241.0,0.0
2023-07-16 10:00:00+02:00,21.0,2.8,239.0,0.0
2023-07-16 11:00:00+02:00,22.0,3.7,235.0,0.0
2023-07-16 12:00:00+02:00,22.7,4.2,240.0,0.0
2023-07-16 13:00:00+02:00,22.9,3.9,211.0,0.0
2023-07-16 14:00:00+02:00,23.6,4.2,246.0,0.0
2023-07-16 15:00:00+02:00,24.0,3.9,245.0,0.0
2023-07-16 16:00:00+02:00,23.9,4.0,252.0,0.0
2023-07-16 17:00:00+02:00,23.1,3.5,246.0,0.0
2023-07-16 18:00:00+02:00,22.4,4.5,259.0,0.0
2023-07-16 19:00:00+02:00,22.6,4.2,263.0,0.0
2023-07-16 20:00:00+02:00,21.7,2.4,252.0,0.0
2023-07-16 21:00:00+02:00,20.5,2.5,255.0,0.0
2023-07-16 22:00:00+02:00,19.8,2.9,278.0,0.0
2023-07-16 23:00:00+02:00,19.0,2.8,276.0,0.0
2023-07-17 00:00:00+02:00,18.0,1.7,252.0,0.0
2023-07-17 01:00:00+02:00,17.5,1.7,254.0,0.0
2023-07-17 02:00:00+02:00,16.7,0.7,240.0,0.0
2023-07-17 03:00:00+02:00,16.8,0.6,235.0,0.0
2023-07-17 04:00:00+02:00,16.6,0.8,197.0,0.0
2023-07-17 05:00:00+02:00,16.9,1.2,180.0,0.0
2023-07-17 06:00:00+02:00,17.2,1.7,186.0,0.0
2023-07-17 07:00:00+02:00,18.1,1.9,183.0,0.0
2023-07-17 08:00:00+02:00,18.7,1.9,193.0,0.0
2023-07-17 09:00:00+02:00,15.9,2.1,232.0,2.3
2023-07-17 10:00:00+02:00,14.4,3.3,248.0,7.5
2023-07-17 11:00:00+02:00,16.1,1.6,250.0,2.7
2023-07-17 12:00:00+02:00,19.5,1.7,244.0,0.0
2023-07-17 13:00:00+02:00,20.0,3.1,243.0,0.0
2023-07-17 14:00:00+02:00,18.0,4.5,273.0,0.0
2023-07-17 15:00:00+02:00,19.4,3.6,254.0,0.0
2023-07-17 16:00:00+02:00,19.8,4.0,252.0,0.0
2023-07-17 17:00:00+02:00,19.3,2.7,254.0,0.2
2023-07-17 18:00:00+02:00,17.8,3.5,252.0,0.1
2023-07-17 19:00:00+02:00,18.5,4.5,257.0,0.0
2023-07-17 20:00:00+02:00,17.8,2.7,290.0,0.0
2023-07-17 21:00:00+02:00,18.1,3.0,260.0,0.0
2023-07-17 22:00:00+02:00,17.6,5.2,267.0,0.0
2023-07-17 23:00:00+02:00,14.7,3.1,270.0,0.6
2023-07-18 00:00:00+02:00,15.6,3.8,264.0,0.0
2023-07-18 01:00:00+02:00,15.4,4.0,277.0,0.0
2023-07-18 02:00:00+02:00,15.2,4.7,282.0,0.0
2023-07-18 03:00:00+02:00,15.0,4.8,282.0,0.0
2023-07-18 04:00:00+02:00,14.7,4.0,276.0,0.0
2023-07-18 05:00:00+02:00,14.6,4.4,284.0,0.0
2023-07-18 06:00:00+02:00,14.8,4.8,272.0,0.0
2023-07-18 07:00:00+02:00,15.5,5.4,278.0,0.0
2023-07-18 08:00:00+02:00,15.8,5.1,279.0,0.0
2023-07-18 09:00:00+02:00,17.0,5.0,290.0,0.0
2023-07-18 10:00:00+02:00,17.8,4.8,287.0,0.0
2023-07-18 11:00:00+02:00,18.5,5.4,275.0,0.0
2023-07-18 12:00:00+02:00,19.2,6.0,269.0,0.0
2023-07-18 13:00:00+02:00,20.4,5.0,272.0,0.0
2023-07-18 14:00:00+02:00,19.2,6.0,260.0,0.0
2023-07-18 15:00:00+02:00,20.8,4.8,271.0,0.0
2023-07-18 16:00:00+02:00,19.9,3.8,261.0,0.0
2023-07-18 17:00:00+02:00,19.3,3.1,263.0,0.0
2023-07-18 18:00:00+02:00,19.9,4.1,275.0,0.0
2023-07-18 19:00:00+02:00,19.7,4.5,270.0,0.0
2023-07-18 20:00:00+02:00,19.8,2.4,263.0,0.0
2023-07-18 21:00:00+02:00,17.8,3.1,313.0,0.0
2023-07-18 22:00:00+02:00,17.0,3.4,289.0,0.0
2023-07-18 23:00:00+02:00,16.3,3.0,288.0,0.0
2023-07-19 00:00:00+02:00,15.8,2.1,273.0,0.0
2023-07-19 01:00:00+02:00,14.4,1.4,273.0,0.0
2023-07-19 02:00:00+02:00,14.7,1.7,272.0,0.0
2023-07-19 03:00:00+02:00,14.5,2.1,291.0,0.0
2023-07-19 04:00:00+02:00,14.5,2.7,290.0,0.0
2023-07-19 05:00:00+02:00,14.0,2.7,298.0,0.0
2023-07-19 06:00:00+02:00,14.0,1.8,282.0,0.0
2023-07-19 07:00:00+02:00,14.6,3.0,276.0,0.0
2023-07-19 08:00:00+02:00,15.1,4.5,289.0,0.0
2023-07-19 09:00:00+02:00,16.4,4.3,290.0,0.0
2023-07-19 10:00:00+02:00,17.4,3.5,306.0,0.0
2023-07-19 11:00:00+02:00,17.2,3.3,305.0,0.0
2023-07-19 12:00:00+02:00,17.5,3.9,321.0,0.0
2023-07-19 13:00:00+02:00,18.2,3.0,296.0,0.0
2023-07-19 14:00:00+02:00,18.9,3.0,299.0,0.0
2023-07-19 15:00:00+02:00,18.1,2.8,306.0,0.0
2023-07-19 16:00:00+02:00,18.8,3.5,290.0,0.0
2023-07-19 17:00:00+02:00,20.1,3.5,280.0,0.0
2023-07-19 18:00:00+02:00,18.2,2.6,323.0,0.0
2023-07-19 19:00:00+02:00,18.2,3.3,307.0,0.0
2023-07-19 20:00:00+02:00,17.3,2.4,331.0,0.0
2023-07-19 21:00:00+02:00,14.8,1.0,287.0,0.1
2023-07-19 22:00:00+02:00,14.0,0.7,256.0,0.0
2023-07-19 23:00:00+02:00,13.6,1.5,263.0,0.0
2023-07-20 00:00:00+02:00,14.3,2.4,287.0,0.0
2023-07-20 01:00:00+02:00,14.3,2.3,283.0,0.0
2023-07-20 02:00:00+02:00,13.3,1.4,277.0,0.0
2023-07-20 03:00:00+02:00,13.0,1.4,290.0,0.0
2023-07-20 04:00:00+02:00,12.7,1.2,272.0,0.0
2023-07-20 05:00:00+02:00,13.0,1.8,286.0,0.0
2023-07-20 06:00:00+02:00,13.9,2.7,287.0,0.0
2023-07-20 07:00:00+02:00,15.1,3.5,287.0,0.0
2023-07-20 08:00:00+02:00,15.8,3.6,275.0,0.0
2023-07-20 09:00:00+02:00,15.6,4.7,268.0,0.0
2023-07-20 10:00:00+02:00,16.6,5.4,267.0,0.0
2023-07-20 11:00:00+02:00,16.7,4.3,280.0,2.6
2023-07-20 12:00:00+02:00,17.7,5.4,286.0,0.0
2023-07-20 13:00:00+02:00,16.3,4.3,280.0,0.0
2023-07-20 14:00:00+02:00,18.6,4.6,298.0,0.0
2023-07-20 15:00:00+02:00,18.4,4.7,275.0,0.0
2023-07-20 16:00:00+02:00,16.9,4.8,279.0,0.0
2023-07-20 17:00:00+02:00,17.8,3.0,309.0,0.6
2023-07-20 18:00:00+02:00,17.7,3.1,308.0,0.0
2023-07-20 19:00:00+02:00,16.8,3.9,296.0,1.2
2023-07-20 20:00:00+02:00,17.2,4.7,291.0,0.0
2023-07-20 21:00:00+02:00,16.2,3.5,293.0,0.0
2023-07-20 22:00:00+02:00,16.3,4.1,278.0,0.1
2023-07-20 23:00:00+02:00,15.7,4.4,284.0,0.0
2023-07-21 00:00:00+02:00,14.7,3.3,282.0,0.0
2023-07-21 01:00:00+02:00,15.0,4.0,272.0,0.0
2023-07-21 02:00:00+02:00,14.3,3.1,283.0,0.0
2023-07-21 03:00:00+02:00,14.6,4.0,268.0,0.0
2023-07-21 04:00:00+02:00,14.0,3.6,280.0,0.0
2023-07-21 05:00:00+02:00,13.7,3.6,267.0,0.0
2023-07-21 06:00:00+02:00,14.3,3.4,260.0,0.0
2023-07-21 07:00:00+02:00,14.8,4.1,266.0,0.0
2023-07-21 08:00:00+02:00,15.5,4.4,266.0,0.0
2023-07-21 09:00:00+02:00,16.1,4.9,265.0,0.0
2023-07-21 10:00:00+02:00,16.3,4.1,269.0,0.0
2023-07-21 11:00:00+02:00,17.1,3.8,257.0,0.0
2023-07-21 12:00:00+02:00,18.1,4.0,265.0,0.0
2023-07-21 13:00:00+02:00,19.1,3.8,260.0,0.0
2023-07-21 14:00:00+02:00,19.4,3.6,261.0,0.0
2023-07-21 15:00:00+02:00,20.5,3.0,257.0,0.0
2023-07-21 16:00:00+02:00,18.6,2.2,237.0,0.0
2023-07-21 17:00:00+02:00,19.8,2.2,233.0,0.0
2023-07-21 18:00:00+02:00,19.8,2.1,250.0,0.0
2023-07-21 19:00:00+02:00,18.8,1.9,255.0,0.0
2023-07-21 20:00:00+02:00,18.4,1.3,214.0,0.0
2023-07-21 21:00:00+02:00,16.8,1.7,184.0,0.0
2023-07-21 22:00:00+02:00,15.9,1.2,184.0,0.0
2023-07-21 23:00:00+02:00,14.9,0.8,191.0,0.0
2023-07-22 00:00:00+02:00,14.9,0.0,0.0,0.0
2023-07-22 01:00:00+02:00,13.8,0.0,0.0,0.0
2023-07-22 02:00:00+02:00,15.4,3.1,267.0,0.0
2023-07-22 03:00:00+02:00,13.6,1.7,263.0,0.1
2023-07-22 04:00:00+02:00,13.8,0.9,180.0,0.0
2023-07-22 05:00:00+02:00,13.4,1.3,182.0,0.0
2023-07-22 06:00:00+02:00,13.4,1.1,190.0,1.2
2023-07-22 07:00:00+02:00,14.0,1.4,257.0,0.8
2023-07-22 08:00:00+02:00,14.6,3.1,290.0,0.2
2023-07-22 09:00:00+02:00,15.3,3.8,289.0,0.0
2023-07-22 10:00:00+02:00,15.2,4.6,296.0,0.0
2023-07-22 11:00:00+02:00,17.0,3.8,289.0,0.1
2023-07-22 12:00:00+02:00,16.9,4.8,267.0,0.0
2023-07-22 13:00:00+02:00,18.0,5.0,266.0,0.0
2023-07-22 14:00:00+02:00,18.0,4.6,259.0,0.0
2023-07-22 15:00:00+02:00,19.3,3.5,259.0,0.0
2023-07-22 16:00:00+02:00,18.7,5.0,265.0,0.0
2023-07-22 17:00:00+02:00,19.5,3.5,259.0,0.0
2023-07-22 18:00:00+02:00,18.7,3.1,251.0,0.0
2023-07-22 19:00:00+02:00,15.9,3.4,276.0,0.0
2023-07-22 20:00:00+02:00,13.6,0.0,0.0,3.9
2023-07-22 21:00:00+02:00,14.0,0.8,234.0,0.0
2023-07-22 22:00:00+02:00,13.7,1.6,252.0,0.0
2023-07-22 23:00:00+02:00,14.0,1.2,241.0,0.0
2023-07-23 00:00:00+02:00,14.2,1.4,248.0,0.0
2023-07-23 01:00:00+02:00,14.0,0.8,238.0,0.2
2023-07-23 02:00:00+02:00,13.8,0.5,247.0,0.0
2023-07-23 03:00:00+02:00,13.9,0.0,0.0,0.1
2023-07-23 04:00:00+02:00,13.7,0.0,0.0,0.0
2023-07-23 05:00:00+02:00,13.7,1.1,134.0,0.0
2023-07-23 06:00:00+02:00,13.9,0.6,138.0,0.0
2023-07-23 07:00:00+02:00,14.2,1.2,136.0,0.0
2023-07-23 08:00:00+02:00,14.8,1.7,144.0,0.0
2023-07-23 09:00:00+02:00,15.1,2.1,148.0,0.0
2023-07-23 10:00:00+02:00,14.6,0.6,181.0,1.6
2023-07-23 11:00:00+02:00,16.9,0.9,227.0,0.0
2023-07-23 12:00:00+02:00,17.0,1.3,220.0,0.0
2023-07-23 13:00:00+02:00,16.3,1.6,212.0,0.3
2023-07-23 14:00:00+02:00,16.7,2.1,195.0,0.8
2023-07-23 15:00:00+02:00,15.8,1.7,231.0,1.4
2023-07-23 16:00:00+02:00,16.1,1.6,229.0,1.3
2023-07-23 17:00:00+02:00,15.6,2.1,243.0,1.9
2023-07-23 18:00:00+02:00,15.6,1.8,192.0,1.9
2023-07-23 19:00:00+02:00,15.7,1.1,186.0,2.1
2023-07-23 20:00:00+02:00,15.9,1.1,149.0,3.0
2023-07-23 21:00:00+02:00,16.3,1.5,234.0,1.8
2023-07-23 22:00:00+02:00,16.4,1.0,219.0,3.1
2023-07-23 23:00:00+02:00,16.4,1.4,228.0,3.4
2023-07-24 00:00:00+02:00,16.6,1.5,227.0,0.3
2023-07-24 01:00:00+02:00,16.5,1.3,218.0,0.0
2023-07-24 02:00:00+02:00,16.7,1.4,216.0,0.0
2023-07-24 03:00:00+02:00,16.9,1.1,220.0,0.0
2023-07-24 04:00:00+02:00,17.0,1.9,200.0,0.0
2023-07-24 05:00:00+02:00,17.1,1.3,217.0,0.0
2023-07-24 06:00:00+02:00,17.1,2.1,202.0,0.0
2023-07-24 07:00:00+02:00,17.5,1.7,190.0,0.0
2023-07-24 08:00:00+02:00,18.0,2.3,221.0,0.0
2023-07-24 09:00:00+02:00,18.8,2.6,222.0,0.0
2023-07-24 10:00:00+02:00,19.1,2.7,211.0,0.0
2023-07-24 11:00:00+02:00,19.2,2.8,219.0,0.2
2023-07-24 12:00:00+02:00,19.7,3.3,230.0,0.0
2023-07-24 13:00:00+02:00,19.1,3.0,248.0,0.0
2023-07-24 14:00:00+02:00,20.1,2.3,241.0,0.0
2023-07-24 15:00:00+02:00,20.5,3.1,249.0,0.0
2023-07-24 16:00:00+02:00,22.6,2.4,240.0,0.0
2023-07-24 17:00:00+02:00,22.2,2.5,252.0,0.0
2023-07-24 18:00:00+02:00,22.1,2.2,243.0,0.0
2023-07-24 19:00:00+02:00,21.6,1.7,250.0,0.0
2023-07-24 20:00:00+02:00,20.1,1.0,212.0,0.0
2023-07-24 21:00:00+02:00,18.9,1.0,213.0,0.0
2023-07-24 22:00:00+02:00,18.4,0.5,241.0,0.0
2023-07-24 23:00:00+02:00,17.9,1.0,251.0,0.0
2023-07-25 00:00:00+02:00,18.0,2.0,262.0,0.0
2023-07-25 01:00:00+02:00,17.1,1.8,296.0,0.0
2023-07-25 02:00:00+02:00,17.0,2.1,297.0,0.0
2023-07-25 03:00:00+02:00,15.0,3.4,321.0,0.0
2023-07-25 04:00:00+02:00,14.7,2.4,321.0,0.0
2023-07-25 05:00:00+02:00,14.8,2.6,287.0,0.0
2023-07-25 06:00:00+02:00,15.2,3.8,286.0,0.0
2023-07-25 07:00:00+02:00,15.4,4.3,293.0,0.0
2023-07-25 08:00:00+02:00,16.4,4.3,302.0,0.0
2023-07-25 09:00:00+02:00,16.7,3.6,296.0,0.0
2023-07-25 10:00:00+02:00,18.0,4.5,298.0,0.0
2023-07-25 11:00:00+02:00,17.4,4.4,282.0,0.0
2023-07-25 12:00:00+02:00,18.8,5.1,279.0,0.0
2023-07-25 13:00:00+02:00,18.4,5.1,276.0,0.0
2023-07-25 14:00:00+02:00,20.1,4.5,293.0,0.0
2023-07-25 15:00:00+02:00,20.2,4.2,282.0,0.0
2023-07-25 16:00:00+02:00,20.3,6.1,271.0,0.0
2023-07-25 17:00:00+02:00,19.5,3.2,262.0,0.0
2023-07-25 18:00:00+02:00,20.0,3.5,261.0,0.0
2023-07-25 19:00:00+02:00,19.4,5.6,296.0,0.0
2023-07-25 20:00:00+02:00,19.2,4.3,275.0,0.0
2023-07-25 21:00:00+02:00,16.9,3.8,298.0,0.0
2023-07-25 22:00:00+02:00,16.5,3.4,286.0,0.0
2023-07-25 23:00:00+02:00,16.2,4.1,282.0,0.0
2023-07-26 00:00:00+02:00,15.2,3.2,289.0,0.0
2023-07-26 01:00:00+02:00,14.6,3.4,289.0,0.0
2023-07-26 02:00:00+02:00,14.0,2.6,286.0,0.0
2023-07-26 03:00:00+02:00,14.0,2.7,279.0,0.0
2023-07-26 04:00:00+02:00,13.6,2.6,285.0,0.0
2023-07-26 05:00:00+02:00,13.3,2.2,284.0,0.0
2023-07-26 06:00:00+02:00,13.7,2.0,278.0,0.0
2023-07-26 07:00:00+02:00,14.7,2.9,275.0,0.0
2023-07-26 08:00:00+02:00,15.2,4.4,277.0,0.0
2023-07-26 09:00:00+02:00,15.5,4.2,276.0,0.0
2023-07-26 10:00:00+02:00,16.1,4.7,277.0,0.0
2023-07-26 11:00:00+02:00,17.8,4.7,275.0,0.0
2023-07-26 12:00:00+02:00,18.7,3.3,261.0,0.0
2023-07-26 13:00:00+02:00,18.7,4.2,261.0,0.0
2023-07-26 14:00:00+02:00,18.2,4.1,258.0,0.0
2023-07-26 15:00:00+02:00,19.3,3.9,254.0,0.0
2023-07-26 16:00:00+02:00,18.1,6.0,269.0,0.0
2023-07-26 17:00:00+02:00,17.7,5.4,278.0,0.0
2023-07-26 18:00:00+02:00,17.6,4.0,297.0,0.0
2023-07-26 19:00:00+02:00,18.4,3.0,279.0,0.0
2023-07-26 20:00:00+02:00,15.8,5.7,267.0,0.0
2023-07-26 21:00:00+02:00,13.9,1.1,242.0,0.0
2023-07-26 22:00:00+02:00,14.7,1.2,235.0,0.0
2023-07-26 23:00:00+02:00,14.2,1.3,242.0,0.0
2023-07-27 00:00:00+02:00,15.2,2.5,250.0,0.0
2023-07-27 01:00:00+02:00,15.0,4.0,267.0,0.0
2023-07-27 02:00:00+02:00,14.9,2.3,258.0,0.0
2023-07-27 03:00:00+02:00,15.1,2.5,251.0,0.0
2023-07-27 04:00:00+02:00,15.0,2.0,246.0,0.0
2023-07-27 05:00:00+02:00,15.1,1.3,232.0,0.0
2023-07-27 06:00:00+02:00,14.5,1.9,246.0,0.0
2023-07-27 07:00:00+02:00,14.3,1.5,253.0,0.7
2023-07-27 08:00:00+02:00,15.2,3.8,268.0,0.0
2023-07-27 09:00:00+02:00,15.3,4.1,262.0,
2023-07-27 10:00:00+02:00,16.4,4.8,268.0,
2023-07-27 11:00:00+02:00,17.1,4.2,268.0,
2023-07-27 12:00:00+02:00,18.6,3.6,267.0,
2023-07-27 13:00:00+02:00,18.6,2.2,245.0,
2023-07-27 14:00:00+02:00,17.8,1.7,237.0,
2023-07-27 15:00:00+02:00,19.7,2.2,214.0,
2023-07-27 16:00:00+02:00,20.4,2.5,209.0,
2023-07-27 17:00:00+02:00,21.0,2.1,214.0,
2023-07-27 18:00:00+02:00,20.6,2.1,216.0,
2023-07-27 19:00:00+02:00,19.4,2.5,211.0,
2023-07-27 20:00:00+02:00,18.6,1.6,186.0,
2023-07-27 21:00:00+02:00,17.0,1.6,188.0,
2023-07-27 22:00:00+02:00,15.7,0.7,166.0,
2023-07-27 23:00:00+02:00,14.6,0.0,0.0,
2023-07-28 00:00:00+02:00,12.9,0.0,0.0,
2023-07-28 01:00:00+02:00,13.0,0.0,0.0,
2023-07-28 02:00:00+02:00,12.0,0.0,0.0,
2023-07-28 03:00:00+02:00,11.8,0.0,0.0,
2023-07-28 04:00:00+02:00,11.3,0.0,0.0,
2023-07-28 05:00:00+02:00,11.0,0.0,0.0,
2023-07-28 06:00:00+02:00,11.5,0.0,0.0,
2023-07-28 07:00:00+02:00,13.0,0.0,0.0,
2023-07-28 08:00:00+02:00,16.6,0.0,0.0,
2023-07-28 09:00:00+02:00,19.4,0.9,26.0,0.0
2023-07-28 10:00:00+02:00,21.0,1.0,339.0,0.0
2023-07-28 11:00:00+02:00,20.2,1.8,321.0,0.0
2023-07-28 12:00:00+02:00,22.1,2.6,298.0,0.0
2023-07-28 13:00:00+02:00,22.8,3.0,290.0,0.0
2023-07-28 14:00:00+02:00,23.7,3.4,316.0,0.0
2023-07-28 15:00:00+02:00,23.4,3.9,316.0,0.0
2023-07-28 16:00:00+02:00,23.5,3.4,308.0,0.0
2023-07-28 17:00:00+02:00,23.3,2.4,334.0,0.0
2023-07-28 18:00:00+02:00,22.6,3.9,312.0,0.0
2023-07-28 19:00:00+02:00,22.2,2.1,302.0,0.0
2023-07-28 20:00:00+02:00,21.3,1.9,316.0,0.0
2023-07-28 21:00:00+02:00,18.0,1.0,339.0,0.0
2023-07-28 22:00:00+02:00,15.5,0.0,0.0,0.0
2023-07-28 23:00:00+02:00,13.8,0.0,0.0,0.0
2023-07-29 00:00:00+02:00,13.1,0.0,0.0,0.0
2023-07-29 01:00:00+02:00,12.5,0.0,0.0,0.0
2023-07-29 02:00:00+02:00,12.4,0.0,0.0,0.0
2023-07-29 03:00:00+02:00,11.8,0.0,0.0,0.0
2023-07-29 04:00:00+02:00,13.0,0.9,150.0,0.0
2023-07-29 05:00:00+02:00,13.9,0.6,130.0,0.0
2023-07-29 06:00:00+02:00,15.4,1.3,117.0,0.0
2023-07-29 07:00:00+02:00,16.6,1.4,146.0,0.0
2023-07-29 08:00:00+02:00,18.5,1.5,149.0,0.0
2023-07-29 09:00:00+02:00,20.8,2.3,148.0,0.0
2023-07-29 10:00:00+02:00,21.8,2.3,183.0,0.0
2023-07-29 11:00:00+02:00,20.7,1.9,184.0,0.0
2023-07-29 12:00:00+02:00,21.0,2.2,198.0,0.0
2023-07-29 13:00:00+02:00,20.7,2.3,188.0,0.0
2023-07-29 14:00:00+02:00,20.9,1.8,183.0,0.0
2023-07-29 15:00:00+02:00,19.3,1.8,195.0,0.1
2023-07-29 16:00:00+02:00,21.3,2.0,197.0,0.0
2023-07-29 17:00:00+02:00,21.0,1.9,207.0,0.0
2023-07-29 18:00:00+02:00,21.4,1.2,189.0,0.0
2023-07-29 19:00:00+02:00,20.9,1.8,186.0,0.0
2023-07-29 20:00:00+02:00,20.3,1.2,211.0,0.0
2023-07-29 21:00:00+02:00,19.2,0.8,205.0,0.0
2023-07-29 22:00:00+02:00,18.1,0.0,0.0,0.0
2023-07-29 23:00:00+02:00,17.7,0.8,237.0,0.0
2023-07-30 00:00:00+02:00,17.0,0.6,242.0,0.0
2023-07-30 01:00:00+02:00,17.5,1.5,256.0,0.0
2023-07-30 02:00:00+02:00,17.7,3.7,270.0,0.0
2023-07-30 03:00:00+02:00,17.1,3.4,279.0,0.0
2023-07-30 04:00:00+02:00,16.5,3.4,264.0,0.0
2023-07-30 05:00:00+02:00,15.8,2.5,286.0,0.0
2023-07-30 06:00:00+02:00,15.9,1.8,279.0,0.0
2023-07-30 07:00:00+02:00,16.4,3.5,267.0,0.0
2023-07-30 08:00:00+02:00,17.5,3.3,265.0,0.0
2023-07-30 09:00:00+02:00,18.0,2.7,278.0,0.0
2023-07-30 10:00:00+02:00,18.1,3.7,271.0,0.0
2023-07-30 11:00:00+02:00,19.9,2.3,264.0,0.0
2023-07-30 12:00:00+02:00,21.3,1.7,240.0,0.0
2023-07-30 13:00:00+02:00,21.4,1.9,216.0,0.0
2023-07-30 14:00:00+02:00,22.2,2.5,205.0,0.0
2023-07-30 15:00:00+02:00,20.6,2.0,206.0,0.0
2023-07-30 16:00:00+02:00,20.5,2.2,192.0,0.0
2023-07-30 17:00:00+02:00,22.5,2.6,228.0,0.0
2023-07-30 18:00:00+02:00,20.6,3.2,246.0,0.0
2023-07-30 19:00:00+02:00,20.1,5.0,262.0,0.0
2023-07-30 20:00:00+02:00,16.7,4.1,265.0,0.1
2023-07-30 21:00:00+02:00,16.6,2.4,263.0,0.0
2023-07-30 22:00:00+02:00,15.5,0.9,241.0,0.0
2023-07-30 23:00:00+02:00,16.0,1.7,249.0,0.0
2023-07-31 00:00:00+02:00,16.3,2.9,256.0,0.0
2023-07-31 01:00:00+02:00,16.1,2.0,254.0,0.0
2023-07-31 02:00:00+02:00,15.0,1.5,256.0,0.0
2023-07-31 03:00:00+02:00,14.8,1.6,258.0,0.0
2023-07-31 04:00:00+02:00,14.8,1.9,257.0,0.0
2023-07-31 05:00:00+02:00,15.1,1.5,243.0,0.0
2023-07-31 06:00:00+02:00,15.3,1.1,233.0,0.0
2023-07-31 07:00:00+02:00,16.1,1.5,204.0,0.0
2023-07-31 08:00:00+02:00,17.4,1.9,209.0,0.0
2023-07-31 09:00:00+02:00,17.5,2.8,230.0,0.0
2023-07-31 10:00:00+02:00,17.5,2.4,243.0,0.0
2023-07-31 11:00:00+02:00,17.0,1.8,250.0,0.0
2023-07-31 12:00:00+02:00,18.7,2.6,258.0,0.0
2023-07-31 13:00:00+02:00,19.1,2.2,220.0,0.0
2023-07-31 14:00:00+02:00,18.2,2.1,232.0,0.1
2023-07-31 15:00:00+02:00,16.9,1.6,238.0,0.9
2023-07-31 16:00:00+02:00,16.7,2.9,248.0,0.4
2023-07-31 17:00:00+02:00,17.1,2.0,240.0,3.5
2023-07-31 18:00:00+02:00,17.0,2.1,232.0,0.0
2023-07-31 19:00:00+02:00,17.4,1.8,243.0,0.0
2023-07-31 20:00:00+02:00,17.5,1.5,228.0,0.0
2023-07-31 21:00:00+02:00,16.2,1.0,240.0,0.0
2023-07-31 22:00:00+02:00,15.5,0.7,197.0,0.0
2023-07-31 23:00:00+02:00,14.7,0.0,0.0,0.0
2023-08-01 00:00:00+02:00,14.8,0.0,0.0,0.0
2023-08-01 01:00:00+02:00,15.0,0.0,0.0,0.0
2023-08-01 02:00:00+02:00,15.3,0.6,154.0,0.0
2023-08-01 03:00:00+02:00,15.1,1.9,148.0,0.3
2023-08-01 04:00:00+02:00,14.6,2.2,116.0,0.1
2023-08-01 05:00:00+02:00,14.3,1.0,109.0,2.2
2023-08-01 06:00:00+02:00,14.7,0.8,70.0,0.5
2023-08-01 07:00:00+02:00,15.3,0.8,107.0,2.0
2023-08-01 08:00:00+02:00,15.7,1.4,111.0,0.1
2023-08-01 09:00:00+02:00,16.1,2.1,118.0,0.0
2023-08-01 10:00:00+02:00,17.4,1.6,130.0,0.0
2023-08-01 11:00:00+02:00,17.8,0.0,0.0,0.0
2023-08-01 12:00:00+02:00,18.7,1.7,155.0,0.0
2023-08-01 13:00:00+02:00,19.3,0.9,207.0,0.0
2023-08-01 14:00:00+02:00,19.9,1.3,234.0,0.0
2023-08-01 15:00:00+02:00,17.4,1.6,217.0,0.0
2023-08-01 16:00:00+02:00,20.5,1.5,180.0,0.0
2023-08-01 17:00:00+02:00,19.2,1.6,146.0,0.0
2023-08-01 18:00:00+02:00,19.6,2.4,272.0,0.0
2023-08-01 19:00:00+02:00,17.3,1.1,252.0,0.0
2023-08-01 20:00:00+02:00,16.7,1.8,248.0,0.0
2023-08-01 21:00:00+02:00,15.7,0.0,0.0,0.0
2023-08-01 22:00:00+02:00,15.2,0.5,221.0,0.0
2023-08-01 23:00:00+02:00,15.4,0.0,0.0,0.0
2023-08-02 00:00:00+02:00,16.1,0.7,237.0,0.0
2023-08-02 01:00:00+02:00,15.9,1.5,246.0,3.6
2023-08-02 02:00:00+02:00,15.9,1.9,256.0,0.0
2023-08-02 03:00:00+02:00,15.8,1.7,253.0,0.0
2023-08-02 04:00:00+02:00,15.8,1.2,259.0,0.0
2023-08-02 05:00:00+02:00,15.4,2.1,283.0,0.7
2023-08-02 06:00:00+02:00,15.3,2.7,293.0,0.0
2023-08-02 07:00:00+02:00,15.2,2.4,269.0,0.0
2023-08-02 08:00:00+02:00,16.6,2.7,272.0,0.0
2023-08-02 09:00:00+02:00,17.3,2.8,271.0,0.0
2023-08-02 10:00:00+02:00,17.8,2.7,268.0,0.0
2023-08-02 11:00:00+02:00,18.1,2.1,251.0,0.0
2023-08-02 12:00:00+02:00,20.0,1.9,259.0,0.0
2023-08-02 13:00:00+02:00,21.5,2.0,252.0,0.0
2023-08-02 14:00:00+02:00,20.6,2.9,194.0,0.0
2023-08-02 15:00:00+02:00,20.7,3.2,188.0,0.0
2023-08-02 16:00:00+02:00,20.8,2.8,192.0,0.0
2023-08-02 17:00:00+02:00,20.3,2.8,188.0,0.0
2023-08-02 18:00:00+02:00,19.4,2.0,164.0,0.0
2023-08-02 19:00:00+02:00,18.9,2.4,136.0,0.0
2023-08-02 20:00:00+02:00,18.2,3.1,125.0,0.0
2023-08-02 21:00:00+02:00,17.7,3.7,125.0,0.0
2023-08-02 22:00:00+02:00,17.1,3.5,119.0,0.0
2023-08-02 23:00:00+02:00,16.9,3.2,126.0,0.1
2023-08-03 00:00:00+02:00,16.1,2.5,107.0,1.1
2023-08-03 01:00:00+02:00,16.1,2.6,106.0,1.5
2023-08-03 02:00:00+02:00,16.9,1.6,157.0,0.7
2023-08-03 03:00:00+02:00,16.9,0.8,202.0,0.1
2023-08-03 04:00:00+02:00,16.8,0.8,230.0,0.0
2023-08-03 05:00:00+02:00,16.7,0.9,220.0,0.0
2023-08-03 06:00:00+02:00,16.9,0.8,252.0,0.0
2023-08-03 07:00:00+02:00,17.2,0.8,225.0,1.1
2023-08-03 08:00:00+02:00,17.1,1.4,246.0,0.6
2023-08-03 09:00:00+02:00,17.9,1.8,227.0,0.0
2023-08-03 10:00:00+02:00,18.4,2.3,249.0,0.0
2023-08-03 11:00:00+02:00,18.4,1.8,245.0,0.0
2023-08-03 12:00:00+02:00,18.7,1.4,215.0,0.0
2023-08-03 13:00:00+02:00,21.2,2.0,251.0,0.0
2023-08-03 14:00:00+02:00,21.3,2.4,243.0,0.0
2023-08-03 15:00:00+02:00,22.0,2.5,248.0,0.0
2023-08-03 16:00:00+02:00,19.5,2.2,250.0,0.0
2023-08-03 17:00:00+02:00,19.6,2.0,258.0,0.0
2023-08-03 18:00:00+02:00,19.3,2.2,263.0,0.0
2023-08-03 19:00:00+02:00,18.9,1.5,252.0,0.0
2023-08-03 20:00:00+02:00,19.0,3.1,268.0,0.0
2023-08-03 21:00:00+02:00,17.9,1.8,265.0,0.0
2023-08-03 22:00:00+02:00,18.0,1.9,282.0,0.0
2023-08-03 23:00:00+02:00,17.2,2.1,319.0,0.0
2023-08-04 00:00:00+02:00,16.8,1.6,288.0,0.0
2023-08-04 01:00:00+02:00,16.4,1.8,279.0,0.0
2023-08-04 02:00:00+02:00,16.4,1.5,283.0,0.0
2023-08-04 03:00:00+02:00,16.9,2.3,289.0,0.0
2023-08-04 04:00:00+02:00,16.9,2.4,297.0,0.0
2023-08-04 05:00:00+02:00,16.3,2.6,299.0,0.0
2023-08-04 06:00:00+02:00,15.9,3.5,290.0,0.0
2023-08-04 07:00:00+02:00,16.4,2.8,287.0,0.0
2023-08-04 08:00:00+02:00,16.9,3.1,278.0,0.0
2023-08-04 09:00:00+02:00,17.8,4.1,275.0,0.0
2023-08-04 10:00:00+02:00,17.8,4.3,271.0,0.0
2023-08-04 11:00:00+02:00,18.5,4.6,263.0,0.0
2023-08-04 12:00:00+02:00,19.7,4.1,267.0,0.0
2023-08-04 13:00:00+02:00,20.3,4.5,266.0,0.0
2023-08-04 14:00:00+02:00,20.0,4.5,267.0,0.0
2023-08-04 15:00:00+02:00,21.5,4.1,264.0,0.0
2023-08-04 16:00:00+02:00,20.9,2.3,247.0,0.0
2023-08-04 17:00:00+02:00,21.7,3.7,262.0,0.0
2023-08-04 18:00:00+02:00,20.8,4.1,259.0,0.0
2023-08-04 19:00:00+02:00,20.7,4.2,291.0,0.0
2023-08-04 20:00:00+02:00,19.5,3.7,288.0,0.0
2023-08-04 21:00:00+02:00,18.2,3.0,273.0,0.0
2023-08-04 22:00:00+02:00,17.2,2.6,280.0,0.0
2023-08-04 23:00:00+02:00,16.6,2.8,278.0,0.0
2023-08-05 00:00:00+02:00,15.8,2.1,267.0,0.0
2023-08-05 01:00:00+02:00,16.2,3.0,265.0,0.0
2023-08-05 02:00:00+02:00,16.0,3.4,280.0,0.0
2023-08-05 03:00:00+02:00,15.2,3.0,265.0,0.0
2023-08-05 04:00:00+02:00,15.6,3.1,262.0,0.0
2023-08-05 05:00:00+02:00,15.5,3.4,263.0,0.0
2023-08-05 06:00:00+02:00,15.5,4.1,267.0,0.0
2023-08-05 07:00:00+02:00,15.4,2.9,270.0,0.0
2023-08-05 08:00:00+02:00,15.6,3.3,292.0,0.0
2023-08-05 09:00:00+02:00,16.0,2.9,265.0,0.0
2023-08-05 10:00:00+02:00,17.0,2.3,272.0,0.0
2023-08-05 11:00:00+02:00,17.6,2.9,276.0,0.0
2023-08-05 12:00:00+02:00,18.4,2.5,271.0,0.0
2023-08-05 13:00:00+02:00,18.6,2.0,259.0,0.0
2023-08-05 14:00:00+02:00,19.7,2.0,283.0,0.0
2023-08-05 15:00:00+02:00,19.7,1.3,213.0,0.0
2023-08-05 16:00:00+02:00,21.2,1.0,299.0,0.0
2023-08-05 17:00:00+02:00,20.3,1.6,207.0,0.0
2023-08-05 18:00:00+02:00,20.3,1.3,230.0,0.0
2023-08-05 19:00:00+02:00,19.2,1.6,184.0,0.0
2023-08-05 20:00:00+02:00,18.7,1.5,207.0,0.0
2023-08-05 21:00:00+02:00,17.1,1.2,191.0,0.0
2023-08-05 22:00:00+02:00,15.1,0.0,0.0,0.0
2023-08-05 23:00:00+02:00,13.8,0.6,101.0,0.0
2023-08-06 00:00:00+02:00,13.2,0.0,0.0,0.0
2023-08-06 01:00:00+02:00,12.7,0.0,0.0,0.0
2023-08-06 02:00:00+02:00,12.2,0.0,0.0,0.0
2023-08-06 03:00:00+02:00,11.9,0.0,0.0,0.0
2023-08-06 04:00:00+02:00,11.9,0.0,0.0,0.0
2023-08-06 05:00:00+02:00,11.8,0.0,0.0,0.0
2023-08-06 06:00:00+02:00,11.9,0.0,0.0,0.0
2023-08-06 07:00:00+02:00,13.1,1.2,66.0,0.0
2023-08-06 08:00:00+02:00,13.9,1.2,67.0,0.0
2023-08-06 09:00:00+02:00,15.1,1.7,56.0,0.0
2023-08-06 10:00:00+02:00,16.0,1.1,51.0,0.0
2023-08-06 11:00:00+02:00,15.9,1.3,53.0,0.0
2023-08-06 12:00:00+02:00,15.3,2.2,70.0,0.0
2023-08-06 13:00:00+02:00,15.3,2.7,57.0,0.3
2023-08-06 14:00:00+02:00,15.6,2.7,50.0,0.2
2023-08-06 15:00:00+02:00,15.8,1.8,18.0,0.3
2023-08-06 16:00:00+02:00,15.5,2.1,351.0,0.5
2023-08-06 17:00:00+02:00,14.4,2.7,346.0,0.9
2023-08-06 18:00:00+02:00,14.0,3.7,337.0,1.7
2023-08-06 19:00:00+02:00,13.8,5.1,337.0,2.2
2023-08-06 20:00:00+02:00,13.5,5.0,337.0,1.7
2023-08-06 21:00:00+02:00,13.2,5.7,340.0,3.3
2023-08-06 22:00:00+02:00,13.0,6.6,338.0,3.0
2023-08-06 23:00:00+02:00,13.2,6.9,330.0,4.6
2023-08-07 00:00:00+02:00,13.5,7.6,335.0,3.2
2023-08-07 01:00:00+02:00,14.0,7.3,334.0,1.0
2023-08-07 02:00:00+02:00,14.3,8.1,328.0,3.3
2023-08-07 03:00:00+02:00,14.1,7.3,325.0,15.0
2023-08-07 04:00:00+02:00,14.2,6.9,319.0,7.8
2023-08-07 05:00:00+02:00,14.1,8.2,313.0,3.1
2023-08-07 06:00:00+02:00,14.4,8.4,317.0,1.1
2023-08-07 07:00:00+02:00,14.3,9.8,309.0,1.7
2023-08-07 08:00:00+02:00,14.4,9.4,304.0,0.6
2023-08-07 09:00:00+02:00,14.6,7.9,304.0,0.5
2023-08-07 10:00:00+02:00,14.4,7.9,297.0,0.4
2023-08-07 11:00:00+02:00,14.3,8.5,295.0,0.9
2023-08-07 12:00:00+02:00,14.2,7.7,290.0,2.4
2023-08-07 13:00:00+02:00,14.1,9.6,287.0,2.1
2023-08-07 14:00:00+02:00,14.2,8.2,289.0,3.7
2023-08-07 15:00:00+02:00,15.1,6.7,287.0,3.7
2023-08-07 16:00:00+02:00,15.1,7.8,273.0,1.8
2023-08-07 17:00:00+02:00,15.0,7.2,274.0,2.9
2023-08-07 18:00:00+02:00,15.0,7.8,277.0,0.7
2023-08-07 19:00:00+02:00,15.0,9.9,269.0,0.4
2023-08-07 20:00:00+02:00,14.6,7.4,272.0,2.2
2023-08-07 21:00:00+02:00,14.9,8.5,276.0,0.4
2023-08-07 22:00:00+02:00,14.8,9.3,274.0,0.0
2023-08-07 23:00:00+02:00,14.7,9.3,275.0,0.0
2023-08-08 00:00:00+02:00,14.7,9.0,269.0,0.0
2023-08-08 01:00:00+02:00,14.7,9.5,271.0,0.0
2023-08-08 02:00:00+02:00,14.5,9.1,272.0,0.0
2023-08-08 03:00:00+02:00,14.2,8.8,270.0,0.0
2023-08-08 04:00:00+02:00,13.6,9.0,275.0,0.0
2023-08-08 05:00:00+02:00,13.5,9.8,271.0,0.0
2023-08-08 06:00:00+02:00,14.1,9.0,266.0,0.0
2023-08-08 07:00:00+02:00,14.1,9.6,266.0,0.0
2023-08-08 08:00:00+02:00,14.1,9.2,269.0,0.0
2023-08-08 09:00:00+02:00,14.3,7.5,273.0,0.0
2023-08-08 10:00:00+02:00,15.3,7.3,272.0,0.0
2023-08-08 11:00:00+02:00,15.6,9.4,264.0,0.0
2023-08-08 12:00:00+02:00,17.4,9.6,264.0,0.0
2023-08-08 13:00:00+02:00,18.7,9.1,266.0,0.0
2023-08-08 14:00:00+02:00,18.9,10.0,264.0,0.0
2023-08-08 15:00:00+02:00,19.0,8.9,263.0,0.0
2023-08-08 16:00:00+02:00,17.7,8.1,260.0,0.0
2023-08-08 17:00:00+02:00,18.1,7.4,265.0,0.0
2023-08-08 18:00:00+02:00,17.1,6.1,257.0,0.0
2023-08-08 19:00:00+02:00,14.9,5.6,265.0,0.0
2023-08-08 20:00:00+02:00,15.1,4.6,256.0,0.0
2023-08-08 21:00:00+02:00,13.3,3.6,265.0,0.6
2023-08-08 22:00:00+02:00,13.3,4.6,267.0,1.6
2023-08-08 23:00:00+02:00,12.9,4.3,263.0,0.0
2023-08-09 00:00:00+02:00,13.5,4.1,255.0,0.1
2023-08-09 01:00:00+02:00,13.6,4.5,257.0,0.0
2023-08-09 02:00:00+02:00,13.8,5.1,257.0,0.0
2023-08-09 03:00:00+02:00,13.8,4.2,256.0,0.0
2023-08-09 04:00:00+02:00,14.0,5.6,256.0,0.0
2023-08-09 05:00:00+02:00,13.5,3.5,250.0,0.0
2023-08-09 06:00:00+02:00,13.8,5.7,258.0,0.0
2023-08-09 07:00:00+02:00,13.6,5.1,266.0,0.0
2023-08-09 08:00:00+02:00,13.2,5.8,261.0,0.0
2023-08-09 09:00:00+02:00,12.7,5.6,263.0,0.0
2023-08-09 10:00:00+02:00,12.6,4.4,260.0,0.4
2023-08-09 11:00:00+02:00,13.3,5.6,267.0,0.1
2023-08-09 12:00:00+02:00,13.3,6.1,265.0,0.1
2023-08-09 13:00:00+02:00,13.0,5.9,266.0,0.2
2023-08-09 14:00:00+02:00,13.6,4.7,268.0,0.2
2023-08-09 15:00:00+02:00,13.7,5.4,277.0,0.1
2023-08-09 16:00:00+02:00,14.7,6.3,267.0,0.0
2023-08-09 17:00:00+02:00,14.5,4.4,272.0,0.1
2023-08-09 18:00:00+02:00,14.1,4.6,286.0,0.0
2023-08-09 19:00:00+02:00,15.1,4.6,278.0,0.0
2023-08-09 20:00:00+02:00,14.9,5.3,276.0,0.0
2023-08-09 21:00:00+02:00,14.2,4.2,283.0,0.0
2023-08-09 22:00:00+02:00,14.3,4.9,274.0,0.0
2023-08-09 23:00:00+02:00,14.0,5.1,272.0,0.0
2023-08-10 00:00:00+02:00,13.3,3.4,280.0,0.0
2023-08-10 01:00:00+02:00,13.5,4.4,278.0,0.0
2023-08-10 02:00:00+02:00,13.6,5.3,275.0,0.0
2023-08-10 03:00:00+02:00,13.3,5.2,286.0,0.0
2023-08-10 04:00:00+02:00,13.4,4.5,268.0,0.0
2023-08-10 05:00:00+02:00,13.1,4.6,279.0,0.0
2023-08-10 06:00:00+02:00,11.6,4.1,281.0,1.2
2023-08-10 07:00:00+02:00,12.7,3.9,269.0,0.2
2023-08-10 08:00:00+02:00,13.3,5.2,275.0,0.0
2023-08-10 09:00:00+02:00,13.8,4.6,275.0,0.0
2023-08-10 10:00:00+02:00,13.8,4.3,288.0,0.0
2023-08-10 11:00:00+02:00,14.8,3.9,289.0,0.0
2023-08-10 12:00:00+02:00,14.8,3.9,271.0,0.0
2023-08-10 13:00:00+02:00,14.5,4.2,272.0,0.0
2023-08-10 14:00:00+02:00,15.3,5.2,265.0,0.0
2023-08-10 15:00:00+02:00,15.8,3.8,295.0,0.0
2023-08-10 16:00:00+02:00,15.9,4.6,277.0,0.0
2023-08-10 17:00:00+02:00,16.2,5.3,265.0,0.0
2023-08-10 18:00:00+02:00,16.3,3.2,300.0,0.0
2023-08-10 19:00:00+02:00,17.3,2.8,281.0,0.0
2023-08-10 20:00:00+02:00,16.2,2.2,288.0,0.0
2023-08-10 21:00:00+02:00,14.0,1.2,259.0,0.0
2023-08-10 22:00:00+02:00,11.9,0.0,0.0,0.0
2023-08-10 23:00:00+02:00,12.4,1.3,258.0,0.0
2023-08-11 00:00:00+02:00,13.7,2.2,264.0,0.0
2023-08-11 01:00:00+02:00,13.8,2.2,284.0,0.0
2023-08-11 02:00:00+02:00,13.9,3.1,264.0,0.0
2023-08-11 03:00:00+02:00,14.0,3.0,265.0,0.0
2023-08-11 04:00:00+02:00,14.0,2.5,261.0,0.0
2023-08-11 05:00:00+02:00,13.9,2.8,261.0,0.0
2023-08-11 06:00:00+02:00,12.4,0.7,253.0,0.0
2023-08-11 07:00:00+02:00,14.7,2.2,261.0,0.0
2023-08-11 08:00:00+02:00,15.8,4.0,267.0,0.0
2023-08-11 09:00:00+02:00,16.8,3.5,270.0,0.0
2023-08-11 10:00:00+02:00,16.5,2.6,255.0,0.0
2023-08-11 11:00:00+02:00,16.8,2.1,251.0,0.0
2023-08-11 12:00:00+02:00,17.4,2.9,266.0,0.0
2023-08-11 13:00:00+02:00,18.2,2.0,241.0,0.0
2023-08-11 14:00:00+02:00,18.2,2.4,247.0,0.0
2023-08-11 15:00:00+02:00,18.7,2.0,241.0,0.0
2023-08-11 16:00:00+02:00,18.1,1.3,223.0,0.0
2023-08-11 17:00:00+02:00,18.7,1.9,243.0,0.0
2023-08-11 18:00:00+02:00,18.5,1.8,206.0,0.0
2023-08-11 19:00:00+02:00,18.0,1.2,180.0,0.0
2023-08-11 20:00:00+02:00,17.5,1.3,185.0,0.0
2023-08-11 21:00:00+02:00,17.0,1.5,182.0,0.0
2023-08-11 22:00:00+02:00,15.9,0.8,167.0,0.0
2023-08-11 23:00:00+02:00,15.4,1.7,136.0,0.0
2023-08-12 00:00:00+02:00,14.9,1.7,137.0,0.0
2023-08-12 01:00:00+02:00,15.7,2.0,141.0,0.0
2023-08-12 02:00:00+02:00,15.9,1.9,146.0,0.0
2023-08-12 03:00:00+02:00,16.3,2.0,147.0,0.0
2023-08-12 04:00:00+02:00,16.4,2.6,147.0,0.0
2023-08-12 05:00:00+02:00,16.4,3.7,146.0,0.0
2023-08-12 06:00:00+02:00,16.5,3.3,140.0,0.0
2023-08-12 07:00:00+02:00,17.2,2.6,146.0,0.0
2023-08-12 08:00:00+02:00,17.6,2.6,144.0,0.0
2023-08-12 09:00:00+02:00,18.4,3.1,144.0,0.0
2023-08-12 10:00:00+02:00,21.6,4.4,143.0,0.0
2023-08-12 11:00:00+02:00,22.9,3.4,141.0,0.0
2023-08-12 12:00:00+02:00,23.9,4.0,147.0,0.0
2023-08-12 13:00:00+02:00,23.4,2.2,150.0,0.0
2023-08-12 14:00:00+02:00,23.5,2.5,148.0,0.0
2023-08-12 15:00:00+02:00,23.8,2.6,165.0,0.0
2023-08-12 16:00:00+02:00,23.7,2.9,152.0,0.0
2023-08-12 17:00:00+02:00,22.1,3.5,132.0,0.0
2023-08-12 18:00:00+02:00,20.9,3.9,132.0,0.0
2023-08-12 19:00:00+02:00,19.4,2.3,147.0,0.0
2023-08-12 20:00:00+02:00,18.1,1.5,159.0,1.5
2023-08-12 21:00:00+02:00,18.3,0.6,154.0,0.1
2023-08-12 22:00:00+02:00,18.5,1.5,177.0,4.2
2023-08-12 23:00:00+02:00,18.1,1.6,201.0,0.0
2023-08-13 00:00:00+02:00,17.2,2.6,264.0,0.0
2023-08-13 01:00:00+02:00,16.8,2.9,294.0,0.0
2023-08-13 02:00:00+02:00,16.9,2.2,294.0,0.0
2023-08-13 03:00:00+02:00,16.9,0.7,269.0,0.0
2023-08-13 04:00:00+02:00,16.7,0.8,248.0,0.0
2023-08-13 05:00:00+02:00,16.8,2.2,260.0,0.0
2023-08-13 06:00:00+02:00,16.9,2.2,262.0,0.0
2023-08-13 07:00:00+02:00,16.4,3.2,269.0,0.0
2023-08-13 08:00:00+02:00,16.2,3.9,272.0,0.0
2023-08-13 09:00:00+02:00,16.2,3.9,271.0,0.0
2023-08-13 10:00:00+02:00,18.2,2.4,271.0,0.0
2023-08-13 11:00:00+02:00,18.0,3.4,259.0,0.0
2023-08-13 12:00:00+02:00,20.4,3.0,259.0,0.0
2023-08-13 13:00:00+02:00,21.4,2.4,256.0,0.0
2023-08-13 14:00:00+02:00,22.0,2.3,253.0,0.0
2023-08-13 15:00:00+02:00,21.5,2.2,247.0,0.0
2023-08-13 16:00:00+02:00,22.5,2.4,245.0,0.0
2023-08-13 17:00:00+02:00,22.2,2.9,252.0,0.0
2023-08-13 18:00:00+02:00,21.9,2.2,225.0,0.0
2023-08-13 19:00:00+02:00,21.5,1.6,234.0,0.0
2023-08-13 20:00:00+02:00,19.8,1.1,215.0,0.0
2023-08-13 21:00:00+02:00,18.2,0.6,186.0,0.0
2023-08-13 22:00:00+02:00,16.1,0.0,0.0,0.0
2023-08-13 23:00:00+02:00,16.4,0.9,169.0,0.0
2023-08-14 00:00:00+02:00,15.9,1.1,176.0,0.0
2023-08-14 01:00:00+02:00,15.0,0.0,0.0,0.0
2023-08-14 02:00:00+02:00,15.0,0.0,0.0,0.0
2023-08-14 03:00:00+02:00,13.7,0.8,136.0,0.0
2023-08-14 04:00:00+02:00,13.5,0.6,137.0,0.0
2023-08-14 05:00:00+02:00,13.3,0.0,0.0,0.0
2023-08-14 06:00:00+02:00,14.3,1.4,136.0,0.0
2023-08-14 07:00:00+02:00,16.0,1.3,132.0,0.0
2023-08-14 08:00:00+02:00,19.3,1.4,146.0,0.0
2023-08-14 09:00:00+02:00,21.6,2.4,145.0,0.0
2023-08-14 10:00:00+02:00,22.7,2.5,123.0,0.0
2023-08-14 11:00:00+02:00,24.6,2.2,151.0,0.0
2023-08-14 12:00:00+02:00,24.7,3.2,133.0,0.0
2023-08-14 13:00:00+02:00,24.5,3.3,131.0,0.0
2023-08-14 14:00:00+02:00,25.0,2.5,146.0,0.0
2023-08-14 15:00:00+02:00,24.5,2.6,127.0,0.0
2023-08-14 16:00:00+02:00,25.1,3.0,135.0,0.0
2023-08-14 17:00:00+02:00,23.1,3.7,125.0,0.0
2023-08-14 18:00:00+02:00,23.2,2.9,124.0,0.0
2023-08-14 19:00:00+02:00,22.5,1.7,143.0,0.0
2023-08-14 20:00:00+02:00,20.9,1.8,141.0,0.0
2023-08-14 21:00:00+02:00,18.5,1.1,118.0,0.0
2023-08-14 22:00:00+02:00,16.8,0.7,112.0,0.0
2023-08-14 23:00:00+02:00,16.9,0.6,128.0,0.0
2023-08-15 00:00:00+02:00,16.1,0.0,0.0,0.0
2023-08-15 01:00:00+02:00,15.8,0.7,87.0,0.0
2023-08-15 02:00:00+02:00,15.6,0.6,98.0,0.0
2023-08-15 03:00:00+02:00,15.9,0.0,0.0,0.0
2023-08-15 04:00:00+02:00,18.4,2.6,107.0,0.0
2023-08-15 05:00:00+02:00,18.5,2.9,115.0,0.0
2023-08-15 06:00:00+02:00,19.0,3.6,113.0,0.0
2023-08-15 07:00:00+02:00,19.1,3.0,115.0,0.0
2023-08-15 08:00:00+02:00,20.7,3.2,123.0,0.0
2023-08-15 09:00:00+02:00,22.3,3.5,127.0,0.0
2023-08-15 10:00:00+02:00,24.4,2.6,155.0,0.0
2023-08-15 11:00:00+02:00,24.9,2.3,182.0,0.0
2023-08-15 12:00:00+02:00,25.1,3.0,184.0,0.0
2023-08-15 13:00:00+02:00,24.8,2.4,194.0,0.0
2023-08-15 14:00:00+02:00,23.8,1.5,205.0,0.0
2023-08-15 15:00:00+02:00,21.9,1.5,203.0,0.0
2023-08-15 16:00:00+02:00,22.1,1.5,217.0,0.0
2023-08-15 17:00:00+02:00,24.7,1.9,253.0,0.0
2023-08-15 18:00:00+02:00,25.0,1.5,228.0,0.0
2023-08-15 19:00:00+02:00,24.0,1.7,203.0,0.0
2023-08-15 20:00:00+02:00,22.8,1.5,202.0,0.0
2023-08-15 21:00:00+02:00,21.5,0.9,245.0,0.0
2023-08-15 22:00:00+02:00,21.3,2.9,268.0,0.0
2023-08-15 23:00:00+02:00,20.2,2.3,281.0,0.0
2023-08-16 00:00:00+02:00,19.6,2.5,268.0,0.0
2023-08-16 01:00:00+02:00,18.3,1.6,265.0,0.0
2023-08-16 02:00:00+02:00,16.8,0.9,280.0,0.0
2023-08-16 03:00:00+02:00,15.9,0.0,0.0,0.0
2023-08-16 04:00:00+02:00,15.7,1.1,269.0,0.0
2023-08-16 05:00:00+02:00,15.6,1.5,286.0,0.0
2023-08-16 06:00:00+02:00,15.3,1.0,281.0,0.0
2023-08-16 07:00:00+02:00,16.3,1.0,257.0,0.0
2023-08-16 08:00:00+02:00,17.0,1.6,257.0,0.0
2023-08-16 09:00:00+02:00,18.2,3.4,268.0,0.0
2023-08-16 10:00:00+02:00,18.9,3.5,261.0,0.0
2023-08-16 11:00:00+02:00,19.7,3.5,261.0,0.0
2023-08-16 12:00:00+02:00,20.4,3.9,265.0,0.0
2023-08-16 13:00:00+02:00,21.0,3.0,262.0,0.0
2023-08-16 14:00:00+02:00,21.7,3.0,251.0,0.0
2023-08-16 15:00:00+02:00,21.6,4.7,263.0,0.0
2023-08-16 16:00:00+02:00,22.1,3.4,257.0,0.0
2023-08-16 17:00:00+02:00,22.5,2.7,268.0,0.0
2023-08-16 18:00:00+02:00,21.2,1.6,234.0,0.0
2023-08-16 19:00:00+02:00,21.6,1.6,248.0,0.0
2023-08-16 20:00:00+02:00,19.5,1.2,260.0,0.0
2023-08-16 21:00:00+02:00,16.9,0.0,0.0,0.0
2023-08-16 22:00:00+02:00,15.4,0.0,0.0,0.0
2023-08-16 23:00:00+02:00,14.3,0.0,0.0,0.0
2023-08-17 00:00:00+02:00,13.6,0.0,0.0,0.0
2023-08-17 01:00:00+02:00,12.9,0.0,0.0,0.0
2023-08-17 02:00:00+02:00,12.8,0.0,0.0,0.0
2023-08-17 03:00:00+02:00,12.2,0.0,0.0,0.0
2023-08-17 04:00:00+02:00,11.6,0.0,0.0,0.0
2023-08-17 05:00:00+02:00,11.0,0.0,0.0,0.0
2023-08-17 06:00:00+02:00,10.9,0.0,0.0,0.0
2023-08-17 07:00:00+02:00,13.1,0.0,0.0,0.0
2023-08-17 08:00:00+02:00,15.7,1.4,67.0,0.0
2023-08-17 09:00:00+02:00,18.4,0.9,60.0,0.0
2023-08-17 10:00:00+02:00,20.2,1.5,114.0,0.0
2023-08-17 11:00:00+02:00,20.2,0.9,96.0,0.0
2023-08-17 12:00:00+02:00,22.4,1.3,88.0,0.0
2023-08-17 13:00:00+02:00,22.0,1.2,100.0,0.0
2023-08-17 14:00:00+02:00,21.1,2.7,303.0,0.0
2023-08-17 15:00:00+02:00,20.3,2.6,301.0,0.0
2023-08-17 16:00:00+02:00,20.7,1.4,319.0,0.0
2023-08-17 17:00:00+02:00,20.4,1.8,329.0,0.0
2023-08-17 18:00:00+02:00,20.8,0.9,347.0,0.0
2023-08-17 19:00:00+02:00,20.0,0.5,346.0,0.0
2023-08-17 20:00:00+02:00,19.0,0.0,0.0,0.0
2023-08-17 21:00:00+02:00,17.8,0.7,76.0,0.0
2023-08-17 22:00:00+02:00,17.7,0.7,81.0,0.0
2023-08-17 23:00:00+02:00,17.2,0.9,68.0,0.0
2023-08-18 00:00:00+02:00,16.7,1.9,66.0,0.0
2023-08-18 01:00:00+02:00,16.2,1.7,60.0,0.0
2023-08-18 02:00:00+02:00,16.1,0.8,84.0,0.0
2023-08-18 03:00:00+02:00,16.1,2.0,64.0,0.0
2023-08-18 04:00:00+02:00,15.8,1.5,53.0,0.0
2023-08-18 05:00:00+02:00,15.6,1.4,60.0,0.0
2023-08-18 06:00:00+02:00,15.6,1.2,66.0,0.0
2023-08-18 07:00:00+02:00,16.1,1.8,52.0,0.0
2023-08-18 08:00:00+02:00,16.9,2.9,68.0,0.0
2023-08-18 09:00:00+02:00,17.3,2.8,77.0,0.0
2023-08-18 10:00:00+02:00,17.8,2.2,77.0,0.0
2023-08-18 11:00:00+02:00,21.2,2.8,79.0,0.0
2023-08-18 12:00:00+02:00,21.8,3.7,85.0,0.0
2023-08-18 13:00:00+02:00,22.9,3.0,87.0,0.0
2023-08-18 14:00:00+02:00,22.6,3.8,99.0,0.0
2023-08-18 15:00:00+02:00,22.4,3.6,83.0,0.0
2023-08-18 16:00:00+02:00,22.7,4.1,98.0,0.0
2023-08-18 17:00:00+02:00,22.7,4.2,95.0,0.0
2023-08-18 18:00:00+02:00,22.3,3.5,102.0,0.0
2023-08-18 19:00:00+02:00,21.0,3.6,101.0,0.0
2023-08-18 20:00:00+02:00,19.9,2.9,75.0,0.0
2023-08-18 21:00:00+02:00,19.2,1.7,82.0,0.0
2023-08-18 22:00:00+02:00,18.4,1.7,80.0,0.0
2023-08-18 23:00:00+02:00,18.3,1.9,97.0,0.0
2023-08-19 00:00:00+02:00,18.3,1.7,94.0,0.0
2023-08-19 01:00:00+02:00,17.6,2.4,77.0,0.0
2023-08-19 02:00:00+02:00,17.6,2.1,81.0,0.0
2023-08-19 03:00:00+02:00,17.8,1.5,90.0,0.0
2023-08-19 04:00:00+02:00,18.1,2.1,99.0,0.0
2023-08-19 05:00:00+02:00,18.3,3.1,103.0,0.0
2023-08-19 06:00:00+02:00,17.7,2.4,98.0,0.0
2023-08-19 07:00:00+02:00,18.2,1.9,92.0,0.0
2023-08-19 08:00:00+02:00,19.3,1.9,100.0,0.0
2023-08-19 09:00:00+02:00,20.9,2.8,93.0,0.0
2023-08-19 10:00:00+02:00,21.8,5.0,111.0,0.0
2023-08-19 11:00:00+02:00,23.1,4.0,107.0,0.0
2023-08-19 12:00:00+02:00,23.7,4.9,115.0,0.0
2023-08-19 13:00:00+02:00,23.7,5.1,113.0,0.0
2023-08-19 14:00:00+02:00,23.6,5.4,111.0,0.0
2023-08-19 15:00:00+02:00,24.1,4.7,106.0,0.0
2023-08-19 16:00:00+02:00,23.8,4.9,110.0,0.0
2023-08-19 17:00:00+02:00,24.2,3.8,113.0,0.0
2023-08-19 18:00:00+02:00,23.5,4.2,117.0,0.0
2023-08-19 19:00:00+02:00,22.5,3.6,110.0,0.0
2023-08-19 20:00:00+02:00,21.0,2.9,106.0,0.0
2023-08-19 21:00:00+02:00,19.8,4.7,111.0,0.0
2023-08-19 22:00:00+02:00,19.1,5.6,112.0,0.0
2023-08-19 23:00:00+02:00,18.9,6.3,113.0,0.0
2023-08-20 00:00:00+02:00,18.5,6.3,114.0,0.0
2023-08-20 01:00:00+02:00,17.5,3.3,149.0,8.0
2023-08-20 02:00:00+02:00,17.3,2.7,132.0,7.7
2023-08-20 03:00:00+02:00,17.4,2.9,108.0,4.7
2023-08-20 04:00:00+02:00,17.4,1.2,165.0,1.0
2023-08-20 05:00:00+02:00,16.8,2.0,141.0,0.0
2023-08-20 06:00:00+02:00,16.3,0.9,135.0,0.0
2023-08-20 07:00:00+02:00,16.5,0.9,111.0,0.0
2023-08-20 08:00:00+02:00,17.0,0.5,161.0,0.0
2023-08-20 09:00:00+02:00,17.5,1.2,222.0,0.0
2023-08-20 10:00:00+02:00,18.3,0.0,0.0,0.0
2023-08-20 11:00:00+02:00,18.6,2.3,268.0,0.0
2023-08-20 12:00:00+02:00,19.1,1.9,297.0,0.0
2023-08-20 13:00:00+02:00,20.2,1.9,309.0,0.0
2023-08-20 14:00:00+02:00,22.1,2.1,310.0,0.0
2023-08-20 15:00:00+02:00,22.7,3.2,301.0,0.0
2023-08-20 16:00:00+02:00,21.6,2.5,322.0,0.0
2023-08-20 17:00:00+02:00,22.6,2.7,310.0,0.0
2023-08-20 18:00:00+02:00,22.3,2.6,324.0,0.0
2023-08-20 19:00:00+02:00,21.9,1.7,294.0,0.0
2023-08-20 20:00:00+02:00,20.0,0.6,228.0,0.0
2023-08-20 21:00:00+02:00,17.6,0.0,0.0,0.0
2023-08-20 22:00:00+02:00,16.5,0.0,0.0,0.0
2023-08-20 23:00:00+02:00,15.9,0.0,0.0,0.0
2023-08-21 00:00:00+02:00,15.5,0.6,212.0,0.0
2023-08-21 01:00:00+02:00,15.5,0.0,0.0,0.0
2023-08-21 02:00:00+02:00,15.4,0.0,0.0,0.0
2023-08-21 03:00:00+02:00,15.5,0.7,204.0,0.0
2023-08-21 04:00:00+02:00,15.3,0.6,251.0,0.0
2023-08-21 05:00:00+02:00,16.5,1.8,268.0,0.0
2023-08-21 06:00:00+02:00,16.2,1.8,292.0,0.0
2023-08-21 07:00:00+02:00,16.8,2.2,285.0,0.0
2023-08-21 08:00:00+02:00,18.3,1.7,299.0,0.0
2023-08-21 09:00:00+02:00,20.3,1.7,306.0,0.0
2023-08-21 10:00:00+02:00,19.9,2.4,314.0,0.0
2023-08-21 11:00:00+02:00,21.9,2.9,313.0,0.0
2023-08-21 12:00:00+02:00,22.0,2.5,305.0,0.0
2023-08-21 13:00:00+02:00,21.7,3.4,309.0,0.0
2023-08-21 14:00:00+02:00,22.8,2.1,301.0,0.0
2023-08-21 15:00:00+02:00,22.4,3.1,313.0,0.0
2023-08-21 16:00:00+02:00,22.2,2.8,299.0,0.0
2023-08-21 17:00:00+02:00,22.5,3.0,308.0,0.0
2023-08-21 18:00:00+02:00,22.1,3.3,308.0,0.0
2023-08-21 19:00:00+02:00,22.1,1.5,314.0,0.0
2023-08-21 20:00:00+02:00,19.0,0.7,300.0,0.0
2023-08-21 21:00:00+02:00,16.4,0.0,0.0,0.0
2023-08-21 22:00:00+02:00,15.1,0.0,0.0,0.0
2023-08-21 23:00:00+02:00,15.4,0.0,0.0,0.0
2023-08-22 00:00:00+02:00,16.0,0.6,246.0,0.0
2023-08-22 01:00:00+02:00,15.6,0.7,248.0,0.0
2023-08-22 02:00:00+02:00,16.5,1.6,261.0,0.0
2023-08-22 03:00:00+02:00,15.8,0.8,203.0,0.0
2023-08-22 04:00:00+02:00,14.8,0.0,0.0,0.0
2023-08-22 05:00:00+02:00,16.1,0.6,249.0,0.0
2023-08-22 06:00:00+02:00,16.5,1.0,192.0,0.0
2023-08-22 07:00:00+02:00,16.9,0.7,197.0,0.0
2023-08-22 08:00:00+02:00,18.4,0.8,243.0,0.0
2023-08-22 09:00:00+02:00,19.6,1.3,252.0,0.0
2023-08-22 10:00:00+02:00,20.5,2.8,260.0,0.0
2023-08-22 11:00:00+02:00,21.2,1.8,245.0,0.0
2023-08-22 12:00:00+02:00,22.2,3.0,266.0,0.0
2023-08-22 13:00:00+02:00,22.4,2.1,247.0,0.0
2023-08-22 14:00:00+02:00,23.0,2.4,261.0,0.0
2023-08-22 15:00:00+02:00,23.8,3.5,279.0,0.0
2023-08-22 16:00:00+02:00,23.9,2.6,288.0,0.0
2023-08-22 17:00:00+02:00,23.6,3.2,297.0,0.0
2023-08-22 18:00:00+02:00,23.1,1.3,324.0,0.0
2023-08-22 19:00:00+02:00,22.3,1.9,300.0,0.0
2023-08-22 20:00:00+02:00,19.3,0.0,0.0,0.0
2023-08-22 21:00:00+02:00,18.3,0.5,209.0,0.0
2023-08-22 22:00:00+02:00,18.5,0.0,0.0,0.0
2023-08-22 23:00:00+02:00,16.9,0.0,0.0,0.0
2023-08-23 00:00:00+02:00,16.4,0.7,236.0,0.0
2023-08-23 01:00:00+02:00,16.4,0.0,0.0,0.0
2023-08-23 02:00:00+02:00,16.5,0.0,0.0,0.0
2023-08-23 03:00:00+02:00,15.6,0.0,0.0,0.0
2023-08-23 04:00:00+02:00,14.9,0.0,0.0,0.0
2023-08-23 05:00:00+02:00,14.5,0.0,0.0,0.0
2023-08-23 06:00:00+02:00,14.6,0.0,0.0,0.0
2023-08-23 07:00:00+02:00,16.0,0.0,0.0,0.0
2023-08-23 08:00:00+02:00,17.5,0.7,251.0,0.0
2023-08-23 09:00:00+02:00,18.5,2.2,271.0,0.0
2023-08-23 10:00:00+02:00,19.9,2.6,290.0,0.0
2023-08-23 11:00:00+02:00,20.3,3.0,260.0,0.0
2023-08-23 12:00:00+02:00,21.2,3.1,258.0,0.0
2023-08-23 13:00:00+02:00,21.1,3.1,265.0,0.0
2023-08-23 14:00:00+02:00,22.0,2.5,257.0,0.0
2023-08-23 15:00:00+02:00,22.1,2.5,295.0,0.0
2023-08-23 16:00:00+02:00,22.3,3.2,268.0,0.0
2023-08-23 17:00:00+02:00,20.7,2.8,261.0,0.0
2023-08-23 18:00:00+02:00,17.7,0.0,0.0,0.7
2023-08-23 19:00:00+02:00,18.6,3.0,263.0,0.0
2023-08-23 20:00:00+02:00,18.2,2.4,260.0,0.0
2023-08-23 21:00:00+02:00,17.5,0.8,250.0,0.0
2023-08-23 22:00:00+02:00,17.8,1.5,250.0,0.0
2023-08-23 23:00:00+02:00,18.0,2.2,259.0,0.0
2023-08-24 00:00:00+02:00,18.4,3.3,268.0,0.0
2023-08-24 01:00:00+02:00,17.7,2.3,271.0,0.0
2023-08-24 02:00:00+02:00,16.7,1.2,268.0,0.0
2023-08-24 03:00:00+02:00,15.7,1.1,290.0,0.0
2023-08-24 04:00:00+02:00,15.2,1.2,268.0,0.0
2023-08-24 05:00:00+02:00,14.9,1.2,267.0,0.0
2023-08-24 06:00:00+02:00,14.3,1.1,264.0,0.0
2023-08-24 07:00:00+02:00,15.1,1.4,262.0,0.0
2023-08-24 08:00:00+02:00,16.9,2.1,270.0,0.0
2023-08-24 09:00:00+02:00,17.9,2.0,284.0,0.0
2023-08-24 10:00:00+02:00,18.1,2.2,267.0,0.0
2023-08-24 11:00:00+02:00,18.3,2.9,266.0,0.0
2023-08-24 12:00:00+02:00,19.2,2.8,288.0,0.0
2023-08-24 13:00:00+02:00,20.7,3.0,262.0,0.0
2023-08-24 14:00:00+02:00,20.7,3.2,257.0,0.0
2023-08-24 15:00:00+02:00,21.6,1.3,281.0,0.0
2023-08-24 16:00:00+02:00,20.2,1.0,22.0,0.0
2023-08-24 17:00:00+02:00,20.7,1.0,106.0,0.0
2023-08-24 18:00:00+02:00,20.0,0.0,0.0,0.0
2023-08-24 19:00:00+02:00,18.5,0.7,225.0,0.0
2023-08-24 20:00:00+02:00,17.8,0.9,192.0,0.0
2023-08-24 21:00:00+02:00,17.3,0.0,0.0,0.0
2023-08-24 22:00:00+02:00,16.8,0.6,112.0,0.0
2023-08-24 23:00:00+02:00,16.5,0.9,121.0,0.0
2023-08-25 00:00:00+02:00,16.6,1.7,136.0,0.0
2023-08-25 01:00:00+02:00,16.4,1.4,142.0,0.0
2023-08-25 02:00:00+02:00,16.4,1.9,138.0,0.0
2023-08-25 03:00:00+02:00,16.5,1.5,121.0,0.0
2023-08-25 04:00:00+02:00,16.8,2.9,125.0,0.0
2023-08-25 05:00:00+02:00,16.8,3.2,116.0,0.0
2023-08-25 06:00:00+02:00,16.3,3.4,121.0,2.6
2023-08-25 07:00:00+02:00,16.6,4.8,115.0,1.5
2023-08-25 08:00:00+02:00,16.9,3.0,121.0,0.5
2023-08-25 09:00:00+02:00,18.1,3.0,122.0,0.0
2023-08-25 10:00:00+02:00,20.6,3.3,140.0,0.0
2023-08-25 11:00:00+02:00,21.2,1.4,229.0,0.0
2023-08-25 12:00:00+02:00,20.4,3.7,267.0,0.0
2023-08-25 13:00:00+02:00,21.9,3.3,274.0,0.0
2023-08-25 14:00:00+02:00,22.2,3.1,265.0,0.0
2023-08-25 15:00:00+02:00,22.7,2.0,259.0,0.0
2023-08-25 16:00:00+02:00,22.3,1.5,241.0,0.0
2023-08-25 17:00:00+02:00,21.9,2.6,250.0,0.0
2023-08-25 18:00:00+02:00,21.8,2.5,261.0,0.0
2023-08-25 19:00:00+02:00,21.0,1.3,259.0,0.0
2023-08-25 20:00:00+02:00,20.1,1.4,284.0,0.0
2023-08-25 21:00:00+02:00,19.3,0.0,0.0,0.0
2023-08-25 22:00:00+02:00,18.7,0.0,0.0,0.0
2023-08-25 23:00:00+02:00,18.2,0.0,0.0,0.0
2023-08-26 00:00:00+02:00,17.6,0.0,0.0,0.0
2023-08-26 01:00:00+02:00,17.3,0.8,105.0,0.0
2023-08-26 02:00:00+02:00,17.4,0.0,0.0,0.0
2023-08-26 03:00:00+02:00,17.9,1.6,109.0,0.6
2023-08-26 04:00:00+02:00,17.9,2.1,129.0,0.6
2023-08-26 05:00:00+02:00,17.9,3.6,114.0,0.9
2023-08-26 06:00:00+02:00,17.8,2.7,125.0,2.9
2023-08-26 07:00:00+02:00,18.7,1.7,183.0,6.0
2023-08-26 08:00:00+02:00,18.7,2.3,213.0,0.0
2023-08-26 09:00:00+02:00,19.2,1.7,212.0,0.0
2023-08-26 10:00:00+02:00,19.1,2.1,202.0,0.0
2023-08-26 11:00:00+02:00,20.1,2.3,231.0,0.0
2023-08-26 12:00:00+02:00,21.5,2.8,243.0,0.0
2023-08-26 13:00:00+02:00,21.7,3.2,249.0,0.0
2023-08-26 14:00:00+02:00,22.2,3.7,251.0,0.0
2023-08-26 15:00:00+02:00,21.8,4.5,254.0,0.0
2023-08-26 16:00:00+02:00,21.9,5.5,263.0,0.0
2023-08-26 17:00:00+02:00,21.3,5.3,264.0,0.0
2023-08-26 18:00:00+02:00,20.8,4.8,263.0,0.0
2023-08-26 19:00:00+02:00,19.7,3.5,261.0,0.0
2023-08-26 20:00:00+02:00,17.9,3.2,298.0,0.0
2023-08-26 21:00:00+02:00,17.2,3.1,262.0,0.0
2023-08-26 22:00:00+02:00,16.3,2.0,261.0,0.0
2023-08-26 23:00:00+02:00,15.2,1.2,255.0,0.0
2023-08-27 00:00:00+02:00,14.4,0.0,0.0,0.0
2023-08-27 01:00:00+02:00,13.7,0.7,192.0,0.0
2023-08-27 02:00:00+02:00,13.3,1.1,264.0,0.0
2023-08-27 03:00:00+02:00,12.7,0.0,0.0,0.0
2023-08-27 04:00:00+02:00,12.4,0.0,0.0,0.0
2023-08-27 05:00:00+02:00,12.4,0.0,0.0,0.0
2023-08-27 06:00:00+02:00,12.3,0.0,0.0,0.0
2023-08-27 07:00:00+02:00,13.4,0.8,145.0,0.0
2023-08-27 08:00:00+02:00,15.5,0.7,158.0,0.0
2023-08-27 09:00:00+02:00,16.9,1.1,168.0,0.0
2023-08-27 10:00:00+02:00,18.2,1.7,179.0,0.0
2023-08-27 11:00:00+02:00,19.3,2.0,174.0,0.0
2023-08-27 12:00:00+02:00,19.4,2.0,183.0,0.0
2023-08-27 13:00:00+02:00,19.5,2.4,192.0,0.0
2023-08-27 14:00:00+02:00,19.5,1.7,188.0,0.0
2023-08-27 15:00:00+02:00,18.5,1.5,182.0,0.0
2023-08-27 16:00:00+02:00,18.5,2.2,140.0,0.0
2023-08-27 17:00:00+02:00,18.8,1.9,127.0,0.0
2023-08-27 18:00:00+02:00,18.7,4.1,133.0,0.0
2023-08-27 19:00:00+02:00,18.2,2.2,136.0,0.0
2023-08-27 20:00:00+02:00,17.4,0.0,0.0,0.0
2023-08-27 21:00:00+02:00,17.4,1.5,125.0,0.0
2023-08-27 22:00:00+02:00,15.0,0.7,103.0,1.1
2023-08-27 23:00:00+02:00,14.6,0.0,0.0,0.0
2023-08-28 00:00:00+02:00,14.9,0.0,0.0,0.0
2023-08-28 01:00:00+02:00,14.4,0.8,183.0,0.0
2023-08-28 02:00:00+02:00,14.2,0.5,236.0,0.0
2023-08-28 03:00:00+02:00,13.9,0.6,236.0,0.0
2023-08-28 04:00:00+02:00,14.5,0.6,237.0,0.0
2023-08-28 05:00:00+02:00,13.8,0.7,241.0,0.0
2023-08-28 06:00:00+02:00,13.0,0.5,217.0,0.0
2023-08-28 07:00:00+02:00,13.7,1.1,251.0,0.0
2023-08-28 08:00:00+02:00,15.6,1.5,248.0,0.0
2023-08-28 09:00:00+02:00,16.3,3.4,270.0,0.0
2023-08-28 10:00:00+02:00,17.0,3.1,269.0,0.0
2023-08-28 11:00:00+02:00,16.9,3.4,265.0,0.0
2023-08-28 12:00:00+02:00,17.6,2.2,253.0,0.0
2023-08-28 13:00:00+02:00,18.8,2.6,245.0,0.0
2023-08-28 14:00:00+02:00,19.8,2.7,264.0,0.0
2023-08-28 15:00:00+02:00,19.2,3.3,265.0,0.0
2023-08-28 16:00:00+02:00,19.3,2.4,273.0,0.0
2023-08-28 17:00:00+02:00,18.9,3.0,323.0,0.0
2023-08-28 18:00:00+02:00,20.5,2.4,313.0,0.0
2023-08-28 19:00:00+02:00,18.9,2.0,327.0,0.0
2023-08-28 20:00:00+02:00,16.1,1.2,330.0,0.0
2023-08-28 21:00:00+02:00,13.8,0.0,0.0,0.0
2023-08-28 22:00:00+02:00,12.8,0.0,0.0,0.0
2023-08-28 23:00:00+02:00,12.3,0.5,185.0,0.0
2023-08-29 00:00:00+02:00,12.2,0.6,193.0,0.0
2023-08-29 01:00:00+02:00,12.0,0.0,0.0,0.0
2023-08-29 02:00:00+02:00,11.8,0.0,0.0,0.0
2023-08-29 03:00:00+02:00,11.4,0.0,0.0,0.0
2023-08-29 04:00:00+02:00,10.9,0.0,0.0,0.0
2023-08-29 05:00:00+02:00,10.6,0.0,0.0,0.0
2023-08-29 06:00:00+02:00,10.1,0.0,0.0,0.0
2023-08-29 07:00:00+02:00,10.2,0.0,0.0,0.0
2023-08-29 08:00:00+02:00,12.9,0.0,0.0,0.0
2023-08-29 09:00:00+02:00,14.1,0.0,0.0,0.0
2023-08-29 10:00:00+02:00,15.2,0.6,70.0,0.0
2023-08-29 11:00:00+02:00,16.5,0.7,113.0,0.0
2023-08-29 12:00:00+02:00,17.1,0.9,101.0,0.0
2023-08-29 13:00:00+02:00,17.1,0.7,83.0,0.0
2023-08-29 14:00:00+02:00,17.9,1.1,324.0,0.0
2023-08-29 15:00:00+02:00,18.1,0.6,320.0,0.0
2023-08-29 16:00:00+02:00,17.9,1.4,320.0,0.0
2023-08-29 17:00:00+02:00,17.1,1.4,324.0,0.0
2023-08-29 18:00:00+02:00,17.3,0.0,0.0,0.0
2023-08-29 19:00:00+02:00,16.3,1.2,334.0,0.0
2023-08-29 20:00:00+02:00,15.8,0.6,335.0,0.0
2023-08-29 21:00:00+02:00,14.8,0.0,0.0,0.0
2023-08-29 22:00:00+02:00,14.2,0.0,0.0,0.0
2023-08-29 23:00:00+02:00,13.7,0.0,0.0,0.0
2023-08-30 00:00:00+02:00,13.4,0.0,0.0,0.0
2023-08-30 01:00:00+02:00,13.3,0.0,0.0,0.0
2023-08-30 02:00:00+02:00,13.3,0.0,0.0,0.0
2023-08-30 03:00:00+02:00,13.2,0.0,0.0,0.0
2023-08-30 04:00:00+02:00,13.1,0.0,0.0,0.0
2023-08-30 05:00:00+02:00,12.8,0.0,0.0,0.0
2023-08-30 06:00:00+02:00,12.2,0.0,0.0,0.0
2023-08-30 07:00:00+02:00,12.2,0.0,0.0,0.0
2023-08-30 08:00:00+02:00,15.3,0.0,0.0,0.0
2023-08-30 09:00:00+02:00,17.6,0.0,0.0,0.0
2023-08-30 10:00:00+02:00,19.0,0.6,332.0,0.0
2023-08-30 11:00:00+02:00,18.7,0.7,352.0,0.0
2023-08-30 12:00:00+02:00,18.7,0.0,0.0,0.0
2023-08-30 13:00:00+02:00,19.3,0.0,0.0,0.0
2023-08-30 14:00:00+02:00,20.0,0.0,0.0,0.0
2023-08-30 15:00:00+02:00,19.4,0.7,116.0,0.0
2023-08-30 16:00:00+02:00,18.3,2.6,270.0,0.0
2023-08-30 17:00:00+02:00,19.4,1.5,260.0,0.0
2023-08-30 18:00:00+02:00,18.3,1.1,243.0,0.0
2023-08-30 19:00:00+02:00,17.7,0.0,0.0,0.0
2023-08-30 20:00:00+02:00,15.9,0.0,0.0,0.0
2023-08-30 21:00:00+02:00,15.0,0.0,0.0,0.0
2023-08-30 22:00:00+02:00,14.6,0.0,0.0,0.0
2023-08-30 23:00:00+02:00,13.8,0.0,0.0,0.0
2023-08-31 00:00:00+02:00,12.5,0.0,0.0,0.0
2023-08-31 01:00:00+02:00,11.8,0.5,109.0,0.0
2023-08-31 02:00:00+02:00,11.5,0.0,0.0,0.0
2023-08-31 03:00:00+02:00,11.4,0.0,0.0,0.0
2023-08-31 04:00:00+02:00,10.8,0.0,0.0,0.0
2023-08-31 05:00:00+02:00,10.5,0.0,0.0,0.0
2023-08-31 06:00:00+02:00,10.1,0.0,0.0,0.0
2023-08-31 07:00:00+02:00,10.3,0.0,0.0,0.0
2023-08-31 08:00:00+02:00,12.6,0.0,0.0,0.0
2023-08-31 09:00:00+02:00,14.9,0.7,100.0,
2023-08-31 10:00:00+02:00,14.9,1.9,128.0,
2023-08-31 11:00:00+02:00,16.0,0.9,219.0,
2023-08-31 12:00:00+02:00,14.1,0.6,251.0,
2023-08-31 13:00:00+02:00,14.3,1.1,282.0,
2023-08-31 14:00:00+02:00,14.9,0.6,349.0,
2023-08-31 15:00:00+02:00,14.8,0.0,0.0,
2023-08-31 16:00:00+02:00,14.7,0.0,0.0,
2023-08-31 17:00:00+02:00,15.0,1.1,263.0,
2023-08-31 18:00:00+02:00,15.1,1.4,269.0,
2023-08-31 19:00:00+02:00,14.8,0.8,304.0,
2023-08-31 20:00:00+02:00,14.3,0.0,0.0,
2023-08-31 21:00:00+02:00,14.0,0.0,0.0,
2023-08-31 22:00:00+02:00,13.5,0.0,0.0,
2023-08-31 23:00:00+02:00,13.2,0.0,0.0,
2023-09-01 00:00:00+02:00,12.8,0.0,0.0,
2023-09-01 01:00:00+02:00,12.7,0.0,0.0,
2023-09-01 02:00:00+02:00,12.8,0.0,0.0,
2023-09-01 03:00:00+02:00,13.0,0.6,273.0,
2023-09-01 04:00:00+02:00,13.1,0.5,264.0,
2023-09-01 05:00:00+02:00,13.8,1.9,288.0,
2023-09-01 06:00:00+02:00,13.0,1.4,344.0,
2023-09-01 07:00:00+02:00,12.8,1.8,337.0,
2023-09-01 08:00:00+02:00,13.2,1.1,343.0,
2023-09-01 09:00:00+02:00,14.0,1.8,307.0,0.0
2023-09-01 10:00:00+02:00,14.8,2.7,277.0,0.0
2023-09-01 11:00:00+02:00,15.9,2.8,287.0,0.1
2023-09-01 12:00:00+02:00,18.4,4.3,280.0,0.0
2023-09-01 13:00:00+02:00,19.6,3.6,303.0,0.0
2023-09-01 14:00:00+02:00,19.7,4.3,305.0,0.0
2023-09-01 15:00:00+02:00,20.8,4.2,302.0,0.0
2023-09-01 16:00:00+02:00,20.5,3.9,313.0,0.0
2023-09-01 17:00:00+02:00,20.7,3.5,302.0,0.0
2023-09-01 18:00:00+02:00,20.2,3.6,297.0,0.0
2023-09-01 19:00:00+02:00,19.4,3.2,289.0,0.0
2023-09-01 20:00:00+02:00,17.9,1.9,282.0,0.0
2023-09-01 21:00:00+02:00,16.4,1.6,275.0,0.0
2023-09-01 22:00:00+02:00,16.4,1.8,261.0,0.0
2023-09-01 23:00:00+02:00,16.9,2.3,267.0,0.0
2023-09-02 00:00:00+02:00,15.6,1.8,278.0,0.0
2023-09-02 01:00:00+02:00,14.4,1.4,290.0,0.0
2023-09-02 02:00:00+02:00,14.7,1.6,296.0,0.0
2023-09-02 03:00:00+02:00,15.0,1.8,291.0,0.0
2023-09-02 04:00:00+02:00,14.6,1.4,286.0,0.0
2023-09-02 05:00:00+02:00,14.9,2.0,282.0,0.0
2023-09-02 06:00:00+02:00,14.3,1.4,291.0,0.0
2023-09-02 07:00:00+02:00,14.2,1.3,278.0,0.0
2023-09-02 08:00:00+02:00,15.1,2.9,285.0,0.0
2023-09-02 09:00:00+02:00,15.9,2.7,283.0,0.0
2023-09-02 10:00:00+02:00,17.6,2.6,280.0,0.0
2023-09-02 11:00:00+02:00,18.9,2.7,284.0,0.0
2023-09-02 12:00:00+02:00,20.1,2.6,291.0,0.0
2023-09-02 13:00:00+02:00,20.1,3.1,264.0,0.0
2023-09-02 14:00:00+02:00,21.4,3.6,277.0,0.0
2023-09-02 15:00:00+02:00,22.1,3.8,313.0,0.0
2023-09-02 16:00:00+02:00,22.0,3.4,315.0,0.0
2023-09-02 17:00:00+02:00,21.5,3.6,306.0,0.0
2023-09-02 18:00:00+02:00,20.8,3.8,311.0,0.0
2023-09-02 19:00:00+02:00,19.4,3.1,298.0,0.0
2023-09-02 20:00:00+02:00,17.8,2.9,295.0,0.0
2023-09-02 21:00:00+02:00,17.2,2.4,287.0,0.0
2023-09-02 22:00:00+02:00,16.5,2.5,285.0,0.0
2023-09-02 23:00:00+02:00,16.2,2.5,289.0,0.0
2023-09-03 00:00:00+02:00,15.7,2.3,289.0,0.0
2023-09-03 01:00:00+02:00,15.5,3.3,300.0,0.0
2023-09-03 02:00:00+02:00,14.8,3.4,298.0,0.0
2023-09-03 03:00:00+02:00,14.5,3.7,287.0,0.0
2023-09-03 04:00:00+02:00,14.2,2.7,286.0,0.0
2023-09-03 05:00:00+02:00,14.3,2.3,278.0,0.0
2023-09-03 06:00:00+02:00,14.5,2.9,283.0,0.0
2023-09-03 07:00:00+02:00,14.4,2.7,284.0,0.0
2023-09-03 08:00:00+02:00,15.1,2.5,290.0,0.0
2023-09-03 09:00:00+02:00,15.9,2.7,296.0,0.0
2023-09-03 10:00:00+02:00,17.7,4.1,309.0,0.0
2023-09-03 11:00:00+02:00,17.6,4.2,301.0,0.0
2023-09-03 12:00:00+02:00,18.0,4.5,305.0,0.0
2023-09-03 13:00:00+02:00,18.6,3.8,314.0,0.0
2023-09-03 14:00:00+02:00,18.5,4.3,308.0,0.0
2023-09-03 15:00:00+02:00,17.9,4.7,313.0,0.0
2023-09-03 16:00:00+02:00,18.1,3.6,310.0,0.0
2023-09-03 17:00:00+02:00,18.3,3.1,308.0,0.0
2023-09-03 18:00:00+02:00,18.2,1.5,310.0,0.0
2023-09-03 19:00:00+02:00,17.7,1.2,302.0,0.0
2023-09-03 20:00:00+02:00,17.0,0.9,261.0,0.0
2023-09-03 21:00:00+02:00,16.8,0.0,0.0,0.0
2023-09-03 22:00:00+02:00,17.0,0.8,247.0,0.0
2023-09-03 23:00:00+02:00,16.8,1.0,253.0,0.0
2023-09-04 00:00:00+02:00,17.8,3.2,264.0,0.0
2023-09-04 01:00:00+02:00,17.4,3.5,270.0,0.0
2023-09-04 02:00:00+02:00,17.0,4.0,270.0,0.0
2023-09-04 03:00:00+02:00,16.5,3.8,286.0,0.0
2023-09-04 04:00:00+02:00,16.2,3.1,282.0,0.0
2023-09-04 05:00:00+02:00,16.0,2.7,288.0,0.0
2023-09-04 06:00:00+02:00,15.8,2.7,279.0,0.0
2023-09-04 07:00:00+02:00,15.9,2.7,283.0,0.0
2023-09-04 08:00:00+02:00,17.3,3.6,287.0,0.0
2023-09-04 09:00:00+02:00,18.7,2.4,293.0,0.0
2023-09-04 10:00:00+02:00,19.6,3.4,298.0,0.0
2023-09-04 11:00:00+02:00,20.8,2.7,302.0,0.0
2023-09-04 12:00:00+02:00,22.1,2.8,293.0,0.0
2023-09-04 13:00:00+02:00,22.3,2.1,273.0,0.0
2023-09-04 14:00:00+02:00,23.3,1.9,264.0,0.0
2023-09-04 15:00:00+02:00,23.5,2.9,280.0,0.0
2023-09-04 16:00:00+02:00,23.8,2.6,272.0,0.0
2023-09-04 17:00:00+02:00,23.4,2.3,269.0,0.0
2023-09-04 18:00:00+02:00,23.3,2.2,264.0,0.0
2023-09-04 19:00:00+02:00,22.2,1.0,248.0,0.0
2023-09-04 20:00:00+02:00,19.2,0.5,221.0,0.0
2023-09-04 21:00:00+02:00,17.4,0.5,238.0,0.0
2023-09-04 22:00:00+02:00,16.4,0.6,224.0,0.0
2023-09-04 23:00:00+02:00,16.4,0.8,253.0,0.0
2023-09-05 00:00:00+02:00,15.5,0.0,0.0,0.0
2023-09-05 01:00:00+02:00,14.5,0.0,0.0,0.0
2023-09-05 02:00:00+02:00,14.2,0.7,253.0,0.0
2023-09-05 03:00:00+02:00,13.3,0.0,0.0,0.0
2023-09-05 04:00:00+02:00,13.0,0.0,0.0,0.0
2023-09-05 05:00:00+02:00,12.5,0.0,0.0,0.0
2023-09-05 06:00:00+02:00,12.3,0.0,0.0,0.0
2023-09-05 07:00:00+02:00,13.0,0.0,0.0,0.0
2023-09-05 08:00:00+02:00,15.8,0.0,0.0,0.0
2023-09-05 09:00:00+02:00,19.4,0.5,220.0,0.0
2023-09-05 10:00:00+02:00,21.6,1.0,257.0,0.0
2023-09-05 11:00:00+02:00,22.4,2.0,256.0,0.0
2023-09-05 12:00:00+02:00,23.4,1.5,250.0,0.0
2023-09-05 13:00:00+02:00,23.9,1.9,262.0,0.0
2023-09-05 14:00:00+02:00,23.8,2.5,260.0,0.0
2023-09-05 15:00:00+02:00,24.1,3.1,280.0,0.0
2023-09-05 16:00:00+02:00,24.5,1.6,230.0,0.0
2023-09-05 17:00:00+02:00,24.5,1.4,244.0,0.0
2023-09-05 18:00:00+02:00,23.3,1.6,252.0,0.0
2023-09-05 19:00:00+02:00,22.4,0.8,253.0,0.0
2023-09-05 20:00:00+02:00,18.3,0.6,215.0,0.0
2023-09-05 21:00:00+02:00,15.9,0.0,0.0,0.0
2023-09-05 22:00:00+02:00,14.6,0.0,0.0,0.0
2023-09-05 23:00:00+02:00,13.9,0.0,0.0,0.0
2023-09-06 00:00:00+02:00,12.9,0.0,0.0,0.0
2023-09-06 01:00:00+02:00,12.3,0.0,0.0,0.0
2023-09-06 02:00:00+02:00,11.6,0.0,0.0,0.0
2023-09-06 03:00:00+02:00,10.8,0.0,0.0,0.0
2023-09-06 04:00:00+02:00,10.4,0.0,0.0,0.0
2023-09-06 05:00:00+02:00,10.0,0.0,0.0,0.0
2023-09-06 06:00:00+02:00,9.3,0.0,0.0,0.0
2023-09-06 07:00:00+02:00,10.2,0.0,0.0,0.0
2023-09-06 08:00:00+02:00,14.5,0.0,0.0,0.0
2023-09-06 09:00:00+02:00,18.2,0.7,71.0,0.0
2023-09-06 10:00:00+02:00,21.0,0.8,122.0,0.0
2023-09-06 11:00:00+02:00,21.9,1.0,71.0,0.0
2023-09-06 12:00:00+02:00,23.8,0.7,145.0,0.0
2023-09-06 13:00:00+02:00,23.5,0.9,111.0,0.0
2023-09-06 14:00:00+02:00,24.8,1.3,281.0,0.0
2023-09-06 15:00:00+02:00,25.0,1.2,257.0,0.0
2023-09-06 16:00:00+02:00,24.5,0.8,116.0,0.0
2023-09-06 17:00:00+02:00,23.2,3.1,115.0,0.0
2023-09-06 18:00:00+02:00,21.8,3.2,121.0,0.0
2023-09-06 19:00:00+02:00,20.6,2.9,113.0,0.0
2023-09-06 20:00:00+02:00,18.4,2.7,109.0,0.0
2023-09-06 21:00:00+02:00,16.3,2.9,108.0,0.0
2023-09-06 22:00:00+02:00,16.7,2.8,107.0,0.0
2023-09-06 23:00:00+02:00,16.9,3.5,111.0,0.0
2023-09-07 00:00:00+02:00,17.0,3.8,111.0,0.0
2023-09-07 01:00:00+02:00,16.9,3.0,110.0,0.0
2023-09-07 02:00:00+02:00,16.7,3.3,104.0,0.0
2023-09-07 03:00:00+02:00,16.4,3.4,111.0,0.0
2023-09-07 04:00:00+02:00,16.5,2.1,113.0,0.0
2023-09-07 05:00:00+02:00,16.6,2.4,108.0,0.0
2023-09-07 06:00:00+02:00,16.6,3.3,112.0,0.0
2023-09-07 07:00:00+02:00,16.6,2.5,109.0,0.0
2023-09-07 08:00:00+02:00,16.8,2.8,120.0,0.0
2023-09-07 09:00:00+02:00,17.3,3.3,121.0,0.0
2023-09-07 10:00:00+02:00,18.4,3.5,111.0,0.0
2023-09-07 11:00:00+02:00,19.7,3.2,114.0,0.0
2023-09-07 12:00:00+02:00,21.6,2.8,118.0,0.0
2023-09-07 13:00:00+02:00,22.8,2.8,137.0,0.0
2023-09-07 14:00:00+02:00,22.9,2.8,137.0,0.0
2023-09-07 15:00:00+02:00,23.3,2.9,126.0,0.0
2023-09-07 16:00:00+02:00,23.5,2.8,130.0,0.0
2023-09-07 17:00:00+02:00,22.8,2.4,95.0,0.0
2023-09-07 18:00:00+02:00,21.8,3.2,108.0,0.0
2023-09-07 19:00:00+02:00,20.5,2.4,110.0,0.0
2023-09-07 20:00:00+02:00,18.5,2.1,106.0,0.0
2023-09-07 21:00:00+02:00,17.0,1.1,98.0,0.0
2023-09-07 22:00:00+02:00,15.7,1.3,108.0,0.0
2023-09-07 23:00:00+02:00,14.3,0.0,0.0,0.0
2023-09-08 00:00:00+02:00,13.9,0.9,71.0,0.0
2023-09-08 01:00:00+02:00,13.8,0.6,82.0,0.0
2023-09-08 02:00:00+02:00,13.6,1.1,73.0,0.0
2023-09-08 03:00:00+02:00,13.5,0.6,70.0,0.0
2023-09-08 04:00:00+02:00,13.5,0.0,0.0,0.0
2023-09-08 05:00:00+02:00,13.1,0.9,69.0,0.0
2023-09-08 06:00:00+02:00,12.7,0.8,67.0,0.0
2023-09-08 07:00:00+02:00,12.9,1.0,65.0,0.0
2023-09-08 08:00:00+02:00,14.4,0.0,0.0,0.0
2023-09-08 09:00:00+02:00,17.4,1.1,103.0,0.0
2023-09-08 10:00:00+02:00,21.1,1.5,103.0,0.0
2023-09-08 11:00:00+02:00,23.3,1.7,139.0,0.0
2023-09-08 12:00:00+02:00,24.4,2.3,129.0,0.0
2023-09-08 13:00:00+02:00,25.5,2.6,127.0,0.0
2023-09-08 14:00:00+02:00,25.7,3.6,135.0,0.0
2023-09-08 15:00:00+02:00,25.2,3.2,134.0,0.0
2023-09-08 16:00:00+02:00,25.4,3.0,127.0,0.0
2023-09-08 17:00:00+02:00,24.5,3.5,135.0,0.0
2023-09-08 18:00:00+02:00,23.5,2.6,123.0,0.0
2023-09-08 19:00:00+02:00,21.4,2.5,110.0,0.0
2023-09-08 20:00:00+02:00,19.2,1.7,122.0,0.0
2023-09-08 21:00:00+02:00,18.1,1.6,113.0,0.0
2023-09-08 22:00:00+02:00,18.0,2.3,116.0,0.0
2023-09-08 23:00:00+02:00,17.8,2.2,122.0,0.0
2023-09-09 00:00:00+02:00,17.3,1.6,121.0,0.0
2023-09-09 01:00:00+02:00,17.4,1.3,130.0,0.0
2023-09-09 02:00:00+02:00,17.6,1.4,132.0,0.0
2023-09-09 03:00:00+02:00,17.4,1.7,127.0,0.0
2023-09-09 04:00:00+02:00,17.2,1.3,142.0,0.0
2023-09-09 05:00:00+02:00,17.0,1.9,138.0,0.0
2023-09-09 06:00:00+02:00,16.7,1.9,138.0,0.0
2023-09-09 07:00:00+02:00,16.9,1.3,142.0,0.0
2023-09-09 08:00:00+02:00,18.4,1.8,135.0,0.0
2023-09-09 09:00:00+02:00,20.3,1.7,120.0,0.0
2023-09-09 10:00:00+02:00,22.2,2.6,123.0,0.0
2023-09-09 11:00:00+02:00,23.6,2.7,139.0,0.0
2023-09-09 12:00:00+02:00,24.9,2.8,137.0,0.0
2023-09-09 13:00:00+02:00,25.8,2.7,142.0,0.0
2023-09-09 14:00:00+02:00,25.8,3.3,142.0,0.0
2023-09-09 15:00:00+02:00,26.1,2.8,147.0,
2023-09-09 16:00:00+02:00,26.3,2.0,152.0,0.0
2023-09-09 17:00:00+02:00,26.0,2.2,144.0,0.0
2023-09-09 18:00:00+02:00,24.3,2.1,127.0,0.0
2023-09-09 19:00:00+02:00,22.2,2.2,134.0,0.0
2023-09-09 20:00:00+02:00,19.5,1.0,144.0,0.0
2023-09-09 21:00:00+02:00,18.9,1.0,156.0,0.0
2023-09-09 22:00:00+02:00,17.9,1.4,137.0,0.0
2023-09-09 23:00:00+02:00,17.8,1.1,146.0,0.0
2023-09-10 00:00:00+02:00,17.7,1.6,147.0,0.0
2023-09-10 01:00:00+02:00,16.5,0.0,0.0,0.0
2023-09-10 02:00:00+02:00,14.8,0.0,0.0,0.0
2023-09-10 03:00:00+02:00,14.2,0.0,0.0,0.0
2023-09-10 04:00:00+02:00,13.3,0.0,0.0,0.0
2023-09-10 05:00:00+02:00,13.0,0.0,0.0,0.0
2023-09-10 06:00:00+02:00,13.4,0.6,188.0,0.0
2023-09-10 07:00:00+02:00,13.4,0.0,0.0,0.0
2023-09-10 08:00:00+02:00,16.1,0.0,0.0,0.0
2023-09-10 09:00:00+02:00,20.7,0.7,224.0,0.0
2023-09-10 10:00:00+02:00,22.7,1.5,277.0,0.0
2023-09-10 11:00:00+02:00,24.4,1.2,296.0,0.0
2023-09-10 12:00:00+02:00,25.5,1.9,319.0,0.0
2023-09-10 13:00:00+02:00,25.6,1.8,324.0,0.0
2023-09-10 14:00:00+02:00,26.3,2.5,319.0,0.0
2023-09-10 15:00:00+02:00,24.4,3.0,324.0,0.0
2023-09-10 16:00:00+02:00,23.2,2.2,328.0,0.0
2023-09-10 17:00:00+02:00,21.4,3.2,325.0,0.0
2023-09-10 18:00:00+02:00,20.1,1.8,340.0,0.0
2023-09-10 19:00:00+02:00,18.2,2.5,323.0,0.0
2023-09-10 20:00:00+02:00,17.6,2.1,337.0,0.0
2023-09-10 21:00:00+02:00,17.1,1.5,339.0,0.0
2023-09-10 22:00:00+02:00,16.0,0.0,0.0,0.0
2023-09-10 23:00:00+02:00,15.1,0.6,340.0,0.0
2023-09-11 00:00:00+02:00,16.3,0.0,0.0,0.0
2023-09-11 01:00:00+02:00,16.3,0.6,347.0,0.0
2023-09-11 02:00:00+02:00,16.0,0.6,25.0,0.0
2023-09-11 03:00:00+02:00,15.9,0.5,43.0,0.0
2023-09-11 04:00:00+02:00,15.5,0.6,51.0,0.0
2023-09-11 05:00:00+02:00,15.5,0.6,57.0,0.0
2023-09-11 06:00:00+02:00,15.0,0.9,90.0,0.0
2023-09-11 07:00:00+02:00,14.6,0.6,108.0,0.0
2023-09-11 08:00:00+02:00,14.9,0.0,0.0,0.0
2023-09-11 09:00:00+02:00,14.9,0.0,0.0,0.0
2023-09-11 10:00:00+02:00,15.0,1.2,147.0,0.0
2023-09-11 11:00:00+02:00,15.9,1.2,149.0,0.0
2023-09-11 12:00:00+02:00,16.4,1.5,157.0,0.0
2023-09-11 13:00:00+02:00,18.0,1.2,175.0,0.0
2023-09-11 14:00:00+02:00,20.9,1.5,215.0,0.0
2023-09-11 15:00:00+02:00,21.9,1.2,204.0,0.0
2023-09-11 16:00:00+02:00,21.8,1.7,176.0,0.0
2023-09-11 17:00:00+02:00,20.9,1.8,162.0,0.0
2023-09-11 18:00:00+02:00,20.2,1.2,167.0,0.0
2023-09-11 19:00:00+02:00,18.9,0.9,176.0,0.0
2023-09-11 20:00:00+02:00,17.3,0.8,140.0,0.0
2023-09-11 21:00:00+02:00,16.3,0.8,137.0,0.0
2023-09-11 22:00:00+02:00,15.9,0.9,133.0,0.0
2023-09-11 23:00:00+02:00,16.3,1.3,144.0,0.0
2023-09-12 00:00:00+02:00,16.7,1.7,141.0,0.0
2023-09-12 01:00:00+02:00,17.3,1.3,141.0,0.0
2023-09-12 02:00:00+02:00,17.2,1.2,123.0,0.0
2023-09-12 03:00:00+02:00,17.1,0.6,121.0,0.0
2023-09-12 04:00:00+02:00,16.4,0.6,96.0,0.0
2023-09-12 05:00:00+02:00,17.6,0.5,170.0,0.0
2023-09-12 06:00:00+02:00,17.7,0.0,0.0,0.0
2023-09-12 07:00:00+02:00,17.8,0.0,0.0,0.0
2023-09-12 08:00:00+02:00,18.3,1.3,302.0,0.0
2023-09-12 09:00:00+02:00,18.1,2.2,322.0,
2023-09-12 10:00:00+02:00,18.7,1.6,324.0,
2023-09-12 11:00:00+02:00,20.0,1.2,310.0,
2023-09-12 12:00:00+02:00,20.4,0.6,307.0,
2023-09-12 13:00:00+02:00,20.1,1.7,250.0,
2023-09-12 14:00:00+02:00,22.0,3.0,267.0,
2023-09-12 15:00:00+02:00,21.6,1.7,250.0,
2023-09-12 16:00:00+02:00,22.3,2.0,265.0,
2023-09-12 17:00:00+02:00,21.9,1.7,266.0,
2023-09-12 18:00:00+02:00,21.4,1.2,266.0,
2023-09-12 19:00:00+02:00,20.7,0.6,205.0,
2023-09-12 20:00:00+02:00,19.9,0.5,196.0,
2023-09-12 21:00:00+02:00,19.0,0.0,0.0,
2023-09-12 22:00:00+02:00,19.2,2.0,258.0,
2023-09-12 23:00:00+02:00,17.8,1.4,319.0,
2023-09-13 00:00:00+02:00,17.6,2.0,330.0,
2023-09-13 01:00:00+02:00,16.3,0.7,351.0,
2023-09-13 02:00:00+02:00,16.7,1.4,340.0,
2023-09-13 03:00:00+02:00,16.1,1.1,342.0,
2023-09-13 04:00:00+02:00,15.3,0.8,342.0,
2023-09-13 05:00:00+02:00,15.5,0.0,0.0,
2023-09-13 06:00:00+02:00,15.9,1.0,344.0,
2023-09-13 07:00:00+02:00,15.7,0.7,12.0,
2023-09-13 08:00:00+02:00,15.5,0.0,0.0,
2023-09-13 09:00:00+02:00,15.7,0.0,0.0,0.0
2023-09-13 10:00:00+02:00,15.9,0.5,351.0,0.0
2023-09-13 11:00:00+02:00,15.9,1.1,339.0,0.3
2023-09-13 12:00:00+02:00,16.2,1.4,336.0,0.0
2023-09-13 13:00:00+02:00,18.9,2.3,345.0,0.0
2023-09-13 14:00:00+02:00,18.9,2.9,335.0,0.0
2023-09-13 15:00:00+02:00,18.5,3.9,319.0,0.0
2023-09-13 16:00:00+02:00,19.1,3.4,313.0,0.0
2023-09-13 17:00:00+02:00,18.3,3.7,325.0,0.0
2023-09-13 18:00:00+02:00,17.3,4.4,317.0,0.0
2023-09-13 19:00:00+02:00,16.9,3.7,327.0,0.0
2023-09-13 20:00:00+02:00,16.1,3.2,333.0,0.0
2023-09-13 21:00:00+02:00,15.6,3.3,331.0,0.0
2023-09-13 22:00:00+02:00,14.5,2.5,329.0,0.0
2023-09-13 23:00:00+02:00,14.7,3.3,319.0,0.0
2023-09-14 00:00:00+02:00,14.4,2.5,331.0,0.0
2023-09-14 01:00:00+02:00,14.1,1.5,319.0,0.0
2023-09-14 02:00:00+02:00,12.7,0.0,0.0,0.0
2023-09-14 03:00:00+02:00,10.5,0.0,0.0,0.0
2023-09-14 04:00:00+02:00,9.8,0.0,0.0,0.0
2023-09-14 05:00:00+02:00,8.7,0.0,0.0,0.0
2023-09-14 06:00:00+02:00,8.7,0.0,0.0,0.0
2023-09-14 07:00:00+02:00,8.1,0.0,0.0,0.0
2023-09-14 08:00:00+02:00,11.0,0.0,0.0,0.0
2023-09-14 09:00:00+02:00,13.3,0.0,0.0,0.0
2023-09-14 10:00:00+02:00,17.1,1.5,316.0,0.0
2023-09-14 11:00:00+02:00,17.9,2.0,309.0,0.0
2023-09-14 12:00:00+02:00,18.1,1.2,299.0,0.0
2023-09-14 13:00:00+02:00,17.6,1.6,303.0,0.0
2023-09-14 14:00:00+02:00,19.1,2.3,260.0,0.0
2023-09-14 15:00:00+02:00,18.2,2.6,260.0,0.0
2023-09-14 16:00:00+02:00,18.5,1.4,239.0,0.0
2023-09-14 17:00:00+02:00,17.7,2.9,254.0,0.0
2023-09-14 18:00:00+02:00,17.6,0.9,260.0,0.0
2023-09-14 19:00:00+02:00,15.3,0.8,244.0,0.0
2023-09-14 20:00:00+02:00,12.3,0.0,0.0,0.0
2023-09-14 21:00:00+02:00,10.7,0.0,0.0,0.0
2023-09-14 22:00:00+02:00,10.8,0.0,0.0,0.0
2023-09-14 23:00:00+02:00,10.6,0.0,0.0,0.0
2023-09-15 00:00:00+02:00,10.9,0.0,0.0,0.0
2023-09-15 01:00:00+02:00,10.4,0.0,0.0,0.0
2023-09-15 02:00:00+02:00,9.7,0.0,0.0,0.0
2023-09-15 03:00:00+02:00,8.8,0.0,0.0,0.0
2023-09-15 04:00:00+02:00,8.8,0.0,0.0,0.0
2023-09-15 05:00:00+02:00,9.1,0.0,0.0,0.0
2023-09-15 06:00:00+02:00,8.9,0.5,141.0,0.0
2023-09-15 07:00:00+02:00,8.9,0.7,149.0,0.0
2023-09-15 08:00:00+02:00,12.5,0.0,0.0,0.0
2023-09-15 09:00:00+02:00,15.9,1.3,118.0,0.0
2023-09-15 10:00:00+02:00,17.6,1.5,167.0,0.0
2023-09-15 11:00:00+02:00,17.3,1.6,162.0,0.0
2023-09-15 12:00:00+02:00,18.2,1.9,164.0,0.0
2023-09-15 13:00:00+02:00,19.2,1.6,160.0,0.0
2023-09-15 14:00:00+02:00,19.2,1.9,143.0,0.0
2023-09-15 15:00:00+02:00,20.0,1.3,194.0,0.0
2023-09-15 16:00:00+02:00,18.9,2.0,145.0,0.0
2023-09-15 17:00:00+02:00,18.5,2.5,141.0,0.0
2023-09-15 18:00:00+02:00,17.6,2.8,122.0,0.0
2023-09-15 19:00:00+02:00,16.1,2.0,123.0,0.0
2023-09-15 20:00:00+02:00,13.8,1.7,107.0,0.0
2023-09-15 21:00:00+02:00,12.7,1.3,104.0,0.0
2023-09-15 22:00:00+02:00,12.8,1.5,104.0,0.0
2023-09-15 23:00:00+02:00,12.5,1.3,101.0,0.0
2023-09-16 00:00:00+02:00,11.7,0.5,88.0,0.0
2023-09-16 01:00:00+02:00,12.1,0.9,103.0,0.0
2023-09-16 02:00:00+02:00,14.1,1.8,117.0,0.0
2023-09-16 03:00:00+02:00,15.9,1.9,130.0,0.0
2023-09-16 04:00:00+02:00,15.9,1.6,133.0,0.0
2023-09-16 05:00:00+02:00,14.6,0.8,114.0,0.0
2023-09-16 06:00:00+02:00,15.2,2.2,117.0,0.0
2023-09-16 07:00:00+02:00,15.5,1.9,119.0,0.0
2023-09-16 08:00:00+02:00,16.7,2.5,118.0,0.0
2023-09-16 09:00:00+02:00,17.9,3.2,124.0,0.0
2023-09-16 10:00:00+02:00,19.0,4.5,132.0,0.0
2023-09-16 11:00:00+02:00,18.7,3.6,125.0,0.0
2023-09-16 12:00:00+02:00,19.6,3.3,124.0,0.0
2023-09-16 13:00:00+02:00,20.3,4.2,124.0,0.0
2023-09-16 14:00:00+02:00,20.3,4.6,118.0,0.0
2023-09-16 15:00:00+02:00,20.7,4.5,121.0,0.0
2023-09-16 16:00:00+02:00,20.7,4.4,132.0,0.0
2023-09-16 17:00:00+02:00,19.5,3.3,135.0,0.0
2023-09-16 18:00:00+02:00,18.5,3.9,132.0,0.0
2023-09-16 19:00:00+02:00,17.5,3.0,128.0,0.0
2023-09-16 20:00:00+02:00,16.4,2.1,128.0,0.0
2023-09-16 21:00:00+02:00,15.6,1.6,124.0,0.0
2023-09-16 22:00:00+02:00,15.4,1.4,119.0,0.0
2023-09-16 23:00:00+02:00,15.9,1.5,131.0,0.0
2023-09-17 00:00:00+02:00,15.2,0.7,157.0,0.0
2023-09-17 01:00:00+02:00,14.8,1.0,133.0,0.0
2023-09-17 02:00:00+02:00,14.0,0.6,120.0,0.0
2023-09-17 03:00:00+02:00,12.7,0.0,0.0,0.0
2023-09-17 04:00:00+02:00,12.2,0.0,0.0,0.0
2023-09-17 05:00:00+02:00,13.0,0.0,0.0,0.0
2023-09-17 06:00:00+02:00,13.2,0.0,0.0,0.0
2023-09-17 07:00:00+02:00,13.0,0.5,73.0,0.0
2023-09-17 08:00:00+02:00,14.8,0.0,0.0,0.0
2023-09-17 09:00:00+02:00,16.5,0.0,0.0,0.0
2023-09-17 10:00:00+02:00,18.7,1.0,79.0,0.0
2023-09-17 11:00:00+02:00,21.4,1.9,116.0,0.0
2023-09-17 12:00:00+02:00,22.3,3.0,124.0,0.0
2023-09-17 13:00:00+02:00,23.2,2.2,128.0,0.0
2023-09-17 14:00:00+02:00,23.2,2.7,108.0,0.0
2023-09-17 15:00:00+02:00,22.7,3.7,122.0,0.0
2023-09-17 16:00:00+02:00,22.3,4.2,111.0,0.0
2023-09-17 17:00:00+02:00,21.7,4.2,109.0,0.0
2023-09-17 18:00:00+02:00,20.2,1.5,99.0,0.0
2023-09-17 19:00:00+02:00,18.2,3.1,108.0,0.0
2023-09-17 20:00:00+02:00,16.6,2.1,104.0,0.0
2023-09-17 21:00:00+02:00,16.1,2.1,103.0,0.0
2023-09-17 22:00:00+02:00,16.0,3.3,102.0,0.0
2023-09-17 23:00:00+02:00,15.8,3.5,106.0,0.0
2023-09-18 00:00:00+02:00,16.0,3.6,104.0,0.0
2023-09-18 01:00:00+02:00,16.5,4.6,103.0,0.0
2023-09-18 02:00:00+02:00,16.8,5.0,102.0,0.0
2023-09-18 03:00:00+02:00,16.8,5.6,105.0,0.0
2023-09-18 04:00:00+02:00,17.2,6.1,108.0,0.0
2023-09-18 05:00:00+02:00,17.5,5.9,110.0,0.0
2023-09-18 06:00:00+02:00,17.6,5.8,109.0,0.0
2023-09-18 07:00:00+02:00,17.7,6.1,111.0,0.0
2023-09-18 08:00:00+02:00,17.9,6.5,108.0,0.0
2023-09-18 09:00:00+02:00,18.7,7.2,111.0,
2023-09-18 10:00:00+02:00,19.8,5.7,110.0,
2023-09-18 11:00:00+02:00,21.0,6.4,115.0,
2023-09-18 12:00:00+02:00,21.8,6.7,118.0,
2023-09-18 13:00:00+02:00,23.1,6.4,124.0,
2023-09-18 14:00:00+02:00,22.2,6.4,130.0,
2023-09-18 15:00:00+02:00,22.4,6.7,127.0,
2023-09-18 16:00:00+02:00,23.0,5.9,131.0,
2023-09-18 17:00:00+02:00,21.4,4.4,141.0,
2023-09-18 18:00:00+02:00,19.3,2.6,130.0,
2023-09-18 19:00:00+02:00,19.3,1.1,168.0,
2023-09-18 20:00:00+02:00,18.9,0.8,155.0,
2023-09-18 21:00:00+02:00,18.3,0.0,0.0,
2023-09-18 22:00:00+02:00,18.7,0.7,167.0,
2023-09-18 23:00:00+02:00,19.0,1.6,185.0,
2023-09-19 00:00:00+02:00,18.6,1.5,195.0,
2023-09-19 01:00:00+02:00,18.2,2.0,186.0,
2023-09-19 02:00:00+02:00,17.9,1.5,189.0,
2023-09-19 03:00:00+02:00,18.2,2.5,193.0,
2023-09-19 04:00:00+02:00,18.0,1.9,215.0,
2023-09-19 05:00:00+02:00,17.4,2.6,241.0,
2023-09-19 06:00:00+02:00,17.1,2.6,245.0,
2023-09-19 07:00:00+02:00,16.7,2.9,244.0,
2023-09-19 08:00:00+02:00,16.9,2.8,244.0,
2023-09-19 09:00:00+02:00,15.5,4.4,255.0,0.0
2023-09-19 10:00:00+02:00,16.8,4.0,251.0,0.0
2023-09-19 11:00:00+02:00,14.5,6.3,260.0,0.0
2023-09-19 12:00:00+02:00,16.0,3.2,246.0,0.0
2023-09-19 13:00:00+02:00,17.4,3.9,245.0,0.0
2023-09-19 14:00:00+02:00,17.2,5.0,249.0,0.0
2023-09-19 15:00:00+02:00,16.6,3.6,243.0,0.0
2023-09-19 16:00:00+02:00,15.1,2.6,250.0,0.0
2023-09-19 17:00:00+02:00,16.3,2.5,248.0,0.1
2023-09-19 18:00:00+02:00,16.6,2.7,243.0,0.0
2023-09-19 19:00:00+02:00,16.8,3.7,201.0,0.0
2023-09-19 20:00:00+02:00,17.3,4.7,204.0,0.0
2023-09-19 21:00:00+02:00,17.4,3.5,213.0,0.0
2023-09-19 22:00:00+02:00,17.5,3.5,221.0,0.0
2023-09-19 23:00:00+02:00,17.5,4.1,247.0,0.0
2023-09-20 00:00:00+02:00,17.7,4.6,248.0,0.0
2023-09-20 01:00:00+02:00,17.8,3.9,244.0,0.0
2023-09-20 02:00:00+02:00,17.8,4.5,246.0,0.0
2023-09-20 03:00:00+02:00,17.6,3.1,242.0,0.0
2023-09-20 04:00:00+02:00,17.5,2.9,237.0,0.0
2023-09-20 05:00:00+02:00,17.0,3.1,240.0,0.0
2023-09-20 06:00:00+02:00,16.3,2.7,244.0,0.0
2023-09-20 07:00:00+02:00,16.7,2.5,240.0,0.0
2023-09-20 08:00:00+02:00,17.1,2.6,235.0,0.0
2023-09-20 09:00:00+02:00,17.5,2.9,231.0,0.0
2023-09-20 10:00:00+02:00,16.7,2.6,244.0,0.1
2023-09-20 11:00:00+02:00,18.0,3.2,240.0,0.0
2023-09-20 12:00:00+02:00,18.1,2.6,234.0,0.0
2023-09-20 13:00:00+02:00,18.9,2.3,228.0,0.0
2023-09-20 14:00:00+02:00,19.4,1.8,226.0,0.0
2023-09-20 15:00:00+02:00,19.7,2.2,222.0,0.0
2023-09-20 16:00:00+02:00,19.8,2.0,198.0,0.0
2023-09-20 17:00:00+02:00,19.2,1.9,204.0,0.0
2023-09-20 18:00:00+02:00,19.0,1.7,209.0,0.0
2023-09-20 19:00:00+02:00,18.8,2.1,196.0,0.0
2023-09-20 20:00:00+02:00,18.1,1.2,154.0,0.0
2023-09-20 21:00:00+02:00,17.5,1.2,161.0,0.0
2023-09-20 22:00:00+02:00,17.0,2.0,145.0,0.0
2023-09-20 23:00:00+02:00,17.6,1.8,144.0,0.0
2023-09-21 00:00:00+02:00,17.7,1.8,172.0,0.0
2023-09-21 01:00:00+02:00,17.5,1.3,166.0,0.0
2023-09-21 02:00:00+02:00,17.0,1.1,169.0,0.0
2023-09-21 03:00:00+02:00,16.9,1.5,153.0,0.0
2023-09-21 04:00:00+02:00,16.8,1.6,151.0,0.0
2023-09-21 05:00:00+02:00,16.4,1.2,157.0,0.0
2023-09-21 06:00:00+02:00,16.1,1.6,152.0,0.0
2023-09-21 07:00:00+02:00,16.0,2.3,144.0,0.0
2023-09-21 08:00:00+02:00,17.1,1.9,150.0,0.0
2023-09-21 09:00:00+02:00,19.1,2.3,146.0,0.0
2023-09-21 10:00:00+02:00,20.6,3.3,154.0,0.0
2023-09-21 11:00:00+02:00,21.9,3.4,156.0,0.0
2023-09-21 12:00:00+02:00,23.0,3.4,157.0,0.0
2023-09-21 13:00:00+02:00,23.6,3.4,155.0,0.0
2023-09-21 14:00:00+02:00,23.8,3.8,146.0,0.0
2023-09-21 15:00:00+02:00,23.8,4.4,141.0,0.0
2023-09-21 16:00:00+02:00,23.1,4.4,144.0,0.0
2023-09-21 17:00:00+02:00,22.1,3.7,139.0,0.0
2023-09-21 18:00:00+02:00,20.7,3.5,135.0,0.0
2023-09-21 19:00:00+02:00,19.9,4.4,131.0,0.0
2023-09-21 20:00:00+02:00,19.7,3.3,133.0,0.0
2023-09-21 21:00:00+02:00,18.7,3.3,128.0,0.0
2023-09-21 22:00:00+02:00,19.1,4.0,122.0,0.0
2023-09-21 23:00:00+02:00,19.3,3.3,126.0,0.0
2023-09-22 00:00:00+02:00,19.6,3.5,131.0,0.0
2023-09-22 01:00:00+02:00,19.5,3.7,131.0,0.0
2023-09-22 02:00:00+02:00,19.0,3.2,127.0,0.0
2023-09-22 03:00:00+02:00,19.0,3.7,134.0,0.0
2023-09-22 04:00:00+02:00,18.5,3.1,137.0,0.0
2023-09-22 05:00:00+02:00,18.6,3.6,143.0,0.0
2023-09-22 06:00:00+02:00,18.4,2.2,156.0,0.0
2023-09-22 07:00:00+02:00,18.2,2.0,192.0,0.0
2023-09-22 08:00:00+02:00,17.5,1.1,189.0,0.0
2023-09-22 09:00:00+02:00,17.2,1.4,214.0,0.6
2023-09-22 10:00:00+02:00,17.1,1.7,202.0,0.0
2023-09-22 11:00:00+02:00,17.2,2.3,231.0,0.0
2023-09-22 12:00:00+02:00,18.2,2.2,232.0,0.0
2023-09-22 13:00:00+02:00,17.5,3.4,250.0,0.0
2023-09-22 14:00:00+02:00,17.8,3.4,247.0,0.0
2023-09-22 15:00:00+02:00,17.7,2.0,249.0,0.0
2023-09-22 16:00:00+02:00,17.8,2.1,244.0,0.0
2023-09-22 17:00:00+02:00,17.5,2.1,219.0,0.0
2023-09-22 18:00:00+02:00,16.9,1.6,219.0,0.0
2023-09-22 19:00:00+02:00,16.4,1.5,206.0,0.0
2023-09-22 20:00:00+02:00,15.6,1.1,203.0,0.0
2023-09-22 21:00:00+02:00,15.3,1.2,199.0,0.0
2023-09-22 22:00:00+02:00,15.0,1.4,200.0,0.0
2023-09-22 23:00:00+02:00,14.9,1.1,203.0,0.0
2023-09-23 00:00:00+02:00,13.4,0.5,176.0,0.0
2023-09-23 01:00:00+02:00,14.0,0.8,202.0,0.0
2023-09-23 02:00:00+02:00,14.1,0.8,193.0,0.0
2023-09-23 03:00:00+02:00,13.0,0.6,179.0,0.0
2023-09-23 04:00:00+02:00,12.6,0.0,0.0,0.0
2023-09-23 05:00:00+02:00,12.0,0.0,0.0,0.0
2023-09-23 06:00:00+02:00,11.2,0.0,0.0,0.0
2023-09-23 07:00:00+02:00,11.5,0.6,168.0,0.0
2023-09-23 08:00:00+02:00,12.8,0.7,176.0,0.0
2023-09-23 09:00:00+02:00,16.0,0.7,172.0,0.0
2023-09-23 10:00:00+02:00,16.7,1.8,150.0,0.0
2023-09-23 11:00:00+02:00,18.3,2.1,152.0,0.0
2023-09-23 12:00:00+02:00,13.1,1.1,248.0,2.7
2023-09-23 13:00:00+02:00,15.3,0.9,247.0,1.1
2023-09-23 14:00:00+02:00,15.5,2.4,255.0,1.0
2023-09-23 15:00:00+02:00,14.8,2.8,246.0,0.1
2023-09-23 16:00:00+02:00,16.7,4.0,261.0,0.0
2023-09-23 17:00:00+02:00,14.9,3.3,283.0,1.9
2023-09-23 18:00:00+02:00,15.4,3.3,287.0,0.0
2023-09-23 19:00:00+02:00,14.8,1.3,257.0,0.0
2023-09-23 20:00:00+02:00,12.8,0.5,242.0,0.0
2023-09-23 21:00:00+02:00,12.4,0.8,251.0,0.0
2023-09-23 22:00:00+02:00,14.2,2.9,264.0,0.0
2023-09-23 23:00:00+02:00,14.1,2.1,260.0,0.0
2023-09-24 00:00:00+02:00,14.1,3.2,271.0,0.0
2023-09-24 01:00:00+02:00,13.0,2.1,280.0,0.0
2023-09-24 02:00:00+02:00,13.1,2.5,283.0,0.0
2023-09-24 03:00:00+02:00,12.7,2.6,282.0,0.0
2023-09-24 04:00:00+02:00,11.9,2.0,274.0,0.0
2023-09-24 05:00:00+02:00,12.2,2.4,279.0,0.0
2023-09-24 06:00:00+02:00,12.1,2.3,269.0,0.0
2023-09-24 07:00:00+02:00,11.9,1.6,274.0,0.0
2023-09-24 08:00:00+02:00,13.1,2.3,275.0,0.0
2023-09-24 09:00:00+02:00,14.4,3.1,265.0,0.0
2023-09-24 10:00:00+02:00,15.4,3.7,274.0,0.0
2023-09-24 11:00:00+02:00,16.0,3.7,267.0,0.0
2023-09-24 12:00:00+02:00,16.7,2.8,264.0,0.0
2023-09-24 13:00:00+02:00,17.7,3.0,269.0,0.0
2023-09-24 14:00:00+02:00,17.8,2.8,248.0,0.0
2023-09-24 15:00:00+02:00,16.4,2.6,259.0,0.0
2023-09-24 16:00:00+02:00,17.7,2.2,250.0,0.0
2023-09-24 17:00:00+02:00,17.3,1.9,236.0,0.0
2023-09-24 18:00:00+02:00,16.6,0.9,214.0,0.0
2023-09-24 19:00:00+02:00,13.5,0.7,181.0,0.0
2023-09-24 20:00:00+02:00,12.0,0.6,189.0,0.0
2023-09-24 21:00:00+02:00,11.3,0.6,177.0,0.0
2023-09-24 22:00:00+02:00,10.8,0.0,0.0,0.0
2023-09-24 23:00:00+02:00,9.9,0.6,128.0,0.0
2023-09-25 00:00:00+02:00,10.2,0.8,128.0,0.0
2023-09-25 01:00:00+02:00,11.8,1.3,150.0,0.0
2023-09-25 02:00:00+02:00,11.7,0.8,144.0,0.0
2023-09-25 03:00:00+02:00,11.6,1.0,148.0,0.0
2023-09-25 04:00:00+02:00,11.2,0.6,127.0,0.0
2023-09-25 05:00:00+02:00,12.0,1.0,157.0,0.0
2023-09-25 06:00:00+02:00,12.6,1.3,164.0,0.0
2023-09-25 07:00:00+02:00,12.5,0.7,167.0,0.0
2023-09-25 08:00:00+02:00,14.2,0.9,162.0,0.0
2023-09-25 09:00:00+02:00,16.2,2.3,173.0,0.0
2023-09-25 10:00:00+02:00,16.6,3.1,176.0,0.0
2023-09-25 11:00:00+02:00,17.3,2.5,163.0,0.0
2023-09-25 12:00:00+02:00,17.7,2.8,180.0,0.0
2023-09-25 13:00:00+02:00,17.4,3.3,185.0,0.0
2023-09-25 14:00:00+02:00,17.4,3.0,174.0,0.0
2023-09-25 15:00:00+02:00,17.8,3.9,163.0,0.0
2023-09-25 16:00:00+02:00,18.2,2.8,166.0,0.0
2023-09-25 17:00:00+02:00,17.5,2.7,152.0,0.0
2023-09-25 18:00:00+02:00,16.4,2.1,143.0,0.0
2023-09-25 19:00:00+02:00,15.6,2.1,146.0,0.0
2023-09-25 20:00:00+02:00,14.7,1.9,146.0,0.0
2023-09-25 21:00:00+02:00,14.5,1.2,160.0,0.0
2023-09-25 22:00:00+02:00,14.3,1.8,142.0,0.0
2023-09-25 23:00:00+02:00,13.7,1.1,156.0,0.0
2023-09-26 00:00:00+02:00,13.5,1.3,145.0,0.0
2023-09-26 01:00:00+02:00,13.3,1.1,139.0,0.0
2023-09-26 02:00:00+02:00,11.7,0.0,0.0,0.0
2023-09-26 03:00:00+02:00,11.2,0.0,0.0,0.0
2023-09-26 04:00:00+02:00,11.8,0.8,148.0,0.0
2023-09-26 05:00:00+02:00,11.5,1.0,147.0,0.0
2023-09-26 06:00:00+02:00,9.6,0.6,133.0,0.0
2023-09-26 07:00:00+02:00,11.5,1.5,138.0,0.0
2023-09-26 08:00:00+02:00,12.3,0.0,0.0,0.0
2023-09-26 09:00:00+02:00,14.4,1.2,108.0,0.0
2023-09-26 10:00:00+02:00,16.9,1.4,122.0,0.0
2023-09-26 11:00:00+02:00,18.5,2.9,134.0,0.0
2023-09-26 12:00:00+02:00,20.0,2.3,148.0,0.0
2023-09-26 13:00:00+02:00,20.7,1.5,157.0,0.0
2023-09-26 14:00:00+02:00,19.9,2.5,148.0,0.0
2023-09-26 15:00:00+02:00,19.5,2.3,137.0,0.0
2023-09-26 16:00:00+02:00,19.4,2.4,128.0,0.0
2023-09-26 17:00:00+02:00,18.9,2.2,131.0,0.0
2023-09-26 18:00:00+02:00,17.8,2.2,126.0,0.0
2023-09-26 19:00:00+02:00,16.7,0.9,114.0,0.0
2023-09-26 20:00:00+02:00,16.0,2.1,116.0,0.0
2023-09-26 21:00:00+02:00,15.9,1.8,117.0,0.0
2023-09-26 22:00:00+02:00,15.5,1.4,128.0,0.0
2023-09-26 23:00:00+02:00,14.0,0.0,0.0,0.0
2023-09-27 00:00:00+02:00,13.9,0.6,145.0,0.0
2023-09-27 01:00:00+02:00,12.9,0.7,125.0,0.0
2023-09-27 02:00:00+02:00,14.9,1.4,140.0,0.0
2023-09-27 03:00:00+02:00,14.5,0.9,140.0,0.0
2023-09-27 04:00:00+02:00,13.9,0.7,132.0,0.0
2023-09-27 05:00:00+02:00,13.2,0.5,131.0,0.0
2023-09-27 06:00:00+02:00,12.3,0.0,0.0,0.0
2023-09-27 07:00:00+02:00,12.2,0.7,108.0,0.0
2023-09-27 08:00:00+02:00,13.9,1.3,145.0,0.0
2023-09-27 09:00:00+02:00,16.3,1.0,154.0,0.0
2023-09-27 10:00:00+02:00,18.3,1.3,183.0,0.0
2023-09-27 11:00:00+02:00,20.0,1.9,187.0,0.0
2023-09-27 12:00:00+02:00,21.3,1.6,206.0,0.0
2023-09-27 13:00:00+02:00,22.1,2.0,258.0,0.0
2023-09-27 14:00:00+02:00,22.4,1.8,163.0,0.0
2023-09-27 15:00:00+02:00,22.6,1.5,244.0,0.0
2023-09-27 16:00:00+02:00,21.9,0.7,229.0,0.0
2023-09-27 17:00:00+02:00,20.5,1.4,177.0,0.0
2023-09-27 18:00:00+02:00,18.9,1.2,153.0,0.0
2023-09-27 19:00:00+02:00,17.3,1.3,144.0,0.0
2023-09-27 20:00:00+02:00,15.4,0.0,0.0,0.0
2023-09-27 21:00:00+02:00,15.7,1.8,139.0,0.0
2023-09-27 22:00:00+02:00,15.5,1.1,128.0,0.0
2023-09-27 23:00:00+02:00,14.3,0.0,0.0,0.0
2023-09-28 00:00:00+02:00,14.1,0.7,122.0,0.0
2023-09-28 01:00:00+02:00,14.9,1.6,116.0,0.0
2023-09-28 02:00:00+02:00,15.4,2.6,119.0,0.0
2023-09-28 03:00:00+02:00,15.9,2.9,119.0,0.0
2023-09-28 04:00:00+02:00,16.1,3.5,112.0,0.0
2023-09-28 05:00:00+02:00,16.6,3.1,117.0,0.0
2023-09-28 06:00:00+02:00,16.6,3.4,117.0,0.0
2023-09-28 07:00:00+02:00,16.5,1.8,122.0,0.0
2023-09-28 08:00:00+02:00,17.1,2.1,135.0,0.0
2023-09-28 09:00:00+02:00,18.9,2.3,135.0,0.0
2023-09-28 10:00:00+02:00,19.4,2.3,148.0,0.0
2023-09-28 11:00:00+02:00,20.7,1.8,170.0,0.0
2023-09-28 12:00:00+02:00,20.6,2.6,172.0,0.0
2023-09-28 13:00:00+02:00,20.1,2.0,200.0,0.0
2023-09-28 14:00:00+02:00,21.4,1.7,201.0,0.0
2023-09-28 15:00:00+02:00,22.1,1.5,237.0,0.0
2023-09-28 16:00:00+02:00,21.2,1.6,225.0,0.0
2023-09-28 17:00:00+02:00,20.3,1.5,227.0,0.0
2023-09-28 18:00:00+02:00,18.7,1.7,250.0,0.0
2023-09-28 19:00:00+02:00,17.7,1.6,246.0,0.0
2023-09-28 20:00:00+02:00,16.9,0.6,234.0,0.0
2023-09-28 21:00:00+02:00,15.7,0.5,195.0,0.0
2023-09-28 22:00:00+02:00,15.1,0.0,0.0,0.0
2023-09-28 23:00:00+02:00,14.1,0.5,138.0,0.0
2023-09-29 00:00:00+02:00,13.3,0.0,0.0,0.0
2023-09-29 01:00:00+02:00,13.0,0.0,0.0,0.0
2023-09-29 02:00:00+02:00,13.2,0.9,146.0,0.0
2023-09-29 03:00:00+02:00,13.4,0.0,0.0,0.0
2023-09-29 04:00:00+02:00,13.4,0.6,109.0,0.0
2023-09-29 05:00:00+02:00,14.2,0.0,0.0,0.0
2023-09-29 06:00:00+02:00,14.5,0.8,125.0,0.0
2023-09-29 07:00:00+02:00,15.4,1.1,142.0,0.0
2023-09-29 08:00:00+02:00,16.7,1.7,162.0,0.0
2023-09-29 09:00:00+02:00,17.1,1.5,189.0,
2023-09-29 10:00:00+02:00,17.4,0.6,210.0,
2023-09-29 11:00:00+02:00,17.7,0.8,195.0,
2023-09-29 12:00:00+02:00,18.8,1.0,242.0,
2023-09-29 13:00:00+02:00,20.0,1.0,194.0,
2023-09-29 14:00:00+02:00,20.3,1.2,187.0,
2023-09-29 15:00:00+02:00,18.6,2.5,187.0,
2023-09-29 16:00:00+02:00,18.1,2.2,179.0,
2023-09-29 17:00:00+02:00,17.9,2.6,191.0,
2023-09-29 18:00:00+02:00,17.3,1.7,203.0,
2023-09-29 19:00:00+02:00,16.8,1.3,205.0,
2023-09-29 20:00:00+02:00,16.8,1.6,200.0,
2023-09-29 21:00:00+02:00,17.2,1.3,246.0,
2023-09-29 22:00:00+02:00,16.3,4.2,288.0,
2023-09-29 23:00:00+02:00,15.0,4.3,308.0,
2023-09-30 00:00:00+02:00,14.7,4.3,294.0,
2023-09-30 01:00:00+02:00,13.8,3.5,290.0,
2023-09-30 02:00:00+02:00,13.5,2.8,284.0,
2023-09-30 03:00:00+02:00,13.5,2.7,269.0,
2023-09-30 04:00:00+02:00,13.9,4.1,268.0,
2023-09-30 05:00:00+02:00,13.8,4.4,267.0,
2023-09-30 06:00:00+02:00,14.2,4.2,267.0,
2023-09-30 07:00:00+02:00,14.2,3.1,260.0,
2023-09-30 08:00:00+02:00,14.0,2.9,262.0,
2023-09-30 09:00:00+02:00,15.1,4.1,266.0,0.0
2023-09-30 10:00:00+02:00,15.8,4.6,270.0,0.0
2023-09-30 11:00:00+02:00,16.1,4.5,277.0,0.0
2023-09-30 12:00:00+02:00,16.9,5.0,288.0,0.0
2023-09-30 13:00:00+02:00,17.5,4.9,293.0,0.0
2023-09-30 14:00:00+02:00,17.1,5.9,293.0,0.0
2023-09-30 15:00:00+02:00,17.0,5.9,294.0,0.0
2023-09-30 16:00:00+02:00,16.9,6.2,286.0,0.0
2023-09-30 17:00:00+02:00,16.9,4.4,290.0,0.0
2023-09-30 18:00:00+02:00,15.9,5.4,294.0,0.0
2023-09-30 19:00:00+02:00,15.3,4.4,286.0,0.0
2023-09-30 20:00:00+02:00,14.9,4.0,284.0,0.0
2023-09-30 21:00:00+02:00,14.2,2.9,283.0,0.0
2023-09-30 22:00:00+02:00,14.6,4.1,281.0,0.0
2023-09-30 23:00:00+02:00,14.2,3.8,285.0,0.0
2023-10-01 00:00:00+02:00,13.6,2.8,284.0,0.0
2023-10-01 01:00:00+02:00,13.3,2.5,280.0,0.0
2023-10-01 02:00:00+02:00,13.3,3.6,271.0,0.0
2023-10-01 03:00:00+02:00,13.0,3.2,265.0,0.0
2023-10-01 04:00:00+02:00,13.4,3.7,265.0,0.0
2023-10-01 05:00:00+02:00,13.5,3.2,270.0,0.0
2023-10-01 06:00:00+02:00,13.3,3.5,274.0,0.0
2023-10-01 07:00:00+02:00,13.0,3.1,282.0,0.0
2023-10-01 08:00:00+02:00,13.7,2.3,273.0,0.0
2023-10-01 09:00:00+02:00,14.3,3.7,277.0,0.0
2023-10-01 10:00:00+02:00,15.1,3.3,278.0,0.0
2023-10-01 11:00:00+02:00,15.4,3.4,260.0,0.0
2023-10-01 12:00:00+02:00,16.4,2.5,270.0,0.0
2023-10-01 13:00:00+02:00,16.5,2.3,256.0,0.0
2023-10-01 14:00:00+02:00,16.2,2.9,265.0,0.0
2023-10-01 15:00:00+02:00,16.7,2.3,264.0,0.0
2023-10-01 16:00:00+02:00,16.2,1.1,243.0,0.0
2023-10-01 17:00:00+02:00,16.1,0.9,224.0,0.0
2023-10-01 18:00:00+02:00,15.8,1.4,248.0,0.0
2023-10-01 19:00:00+02:00,15.4,1.0,242.0,0.0
2023-10-01 20:00:00+02:00,15.3,0.7,251.0,0.0
2023-10-01 21:00:00+02:00,15.2,0.9,195.0,0.0
2023-10-01 22:00:00+02:00,15.0,1.2,189.0,0.0
2023-10-01 23:00:00+02:00,14.7,1.0,209.0,0.0
2023-10-02 00:00:00+02:00,14.9,1.1,213.0,0.0
2023-10-02 01:00:00+02:00,15.3,1.0,253.0,0.0
2023-10-02 02:00:00+02:00,15.4,0.6,214.0,0.0
2023-10-02 03:00:00+02:00,15.5,1.2,234.0,0.0
2023-10-02 04:00:00+02:00,15.6,0.0,0.0,0.0
2023-10-02 05:00:00+02:00,15.9,0.6,221.0,0.0
2023-10-02 06:00:00+02:00,16.1,0.7,231.0,0.1
2023-10-02 07:00:00+02:00,16.2,0.7,254.0,0.6
2023-10-02 08:00:00+02:00,16.3,1.4,239.0,0.2
2023-10-02 09:00:00+02:00,16.4,1.6,241.0,0.0
2023-10-02 10:00:00+02:00,16.6,1.5,248.0,0.0
2023-10-02 11:00:00+02:00,17.3,1.9,244.0,0.0
2023-10-02 12:00:00+02:00,17.5,1.7,248.0,0.0
2023-10-02 13:00:00+02:00,17.7,1.8,242.0,0.0
2023-10-02 14:00:00+02:00,18.3,1.0,241.0,0.0
2023-10-02 15:00:00+02:00,18.3,1.6,220.0,0.1
2023-10-02 16:00:00+02:00,18.4,1.3,242.0,0.0
2023-10-02 17:00:00+02:00,18.1,1.4,249.0,0.0
2023-10-02 18:00:00+02:00,17.8,1.6,247.0,0.0
2023-10-02 19:00:00+02:00,17.3,1.0,246.0,0.0
2023-10-02 20:00:00+02:00,17.0,0.9,230.0,0.0
2023-10-02 21:00:00+02:00,16.8,0.8,233.0,0.0
2023-10-02 22:00:00+02:00,16.6,1.1,244.0,0.0
2023-10-02 23:00:00+02:00,16.3,0.7,243.0,0.0
2023-10-03 00:00:00+02:00,15.6,0.0,0.0,0.0
2023-10-03 01:00:00+02:00,16.0,0.0,0.0,0.0
2023-10-03 02:00:00+02:00,16.3,0.6,168.0,0.0
2023-10-03 03:00:00+02:00,16.1,1.0,158.0,0.0
2023-10-03 04:00:00+02:00,16.2,1.3,194.0,0.0
2023-10-03 05:00:00+02:00,16.2,1.2,169.0,0.0
2023-10-03 06:00:00+02:00,16.0,1.1,166.0,0.0
2023-10-03 07:00:00+02:00,16.3,2.0,161.0,0.0
2023-10-03 08:00:00+02:00,16.5,1.7,171.0,0.0
2023-10-03 09:00:00+02:00,16.8,2.0,153.0,0.0
2023-10-03 10:00:00+02:00,17.7,4.0,150.0,0.0
2023-10-03 11:00:00+02:00,19.0,3.7,170.0,0.0
2023-10-03 12:00:00+02:00,18.5,4.5,201.0,0.0
2023-10-03 13:00:00+02:00,18.6,3.1,243.0,0.0
2023-10-03 14:00:00+02:00,18.5,3.4,240.0,0.0
2023-10-03 15:00:00+02:00,19.0,3.6,239.0,0.0
2023-10-03 16:00:00+02:00,18.2,3.7,248.0,0.0
2023-10-03 17:00:00+02:00,16.3,6.6,285.0,0.0
2023-10-03 18:00:00+02:00,13.3,8.1,300.0,0.0
2023-10-03 19:00:00+02:00,13.2,7.4,296.0,0.0
2023-10-03 20:00:00+02:00,13.1,6.2,289.0,0.0
2023-10-03 21:00:00+02:00,13.1,4.3,283.0,0.0
2023-10-03 22:00:00+02:00,13.5,4.8,277.0,0.0
2023-10-03 23:00:00+02:00,13.4,4.8,270.0,0.0
2023-10-04 00:00:00+02:00,13.3,5.3,270.0,0.0
2023-10-04 01:00:00+02:00,13.5,6.2,266.0,0.0
2023-10-04 02:00:00+02:00,13.3,5.5,267.0,0.0
2023-10-04 03:00:00+02:00,13.5,6.1,266.0,0.0
2023-10-04 04:00:00+02:00,13.5,6.4,266.0,0.0
2023-10-04 05:00:00+02:00,13.3,5.7,270.0,0.0
2023-10-04 06:00:00+02:00,13.4,6.0,270.0,0.0
2023-10-04 07:00:00+02:00,13.3,5.4,275.0,0.0
2023-10-04 08:00:00+02:00,13.2,5.0,276.0,0.0
2023-10-04 09:00:00+02:00,13.6,5.5,281.0,0.0
2023-10-04 10:00:00+02:00,14.2,6.2,282.0,0.0
2023-10-04 11:00:00+02:00,14.7,5.6,281.0,0.0
2023-10-04 12:00:00+02:00,15.6,7.2,280.0,0.0
2023-10-04 13:00:00+02:00,14.6,7.7,281.0,0.0
2023-10-04 14:00:00+02:00,15.6,6.1,281.0,0.0
2023-10-04 15:00:00+02:00,16.9,7.0,275.0,0.0
2023-10-04 16:00:00+02:00,15.9,5.6,270.0,0.0
2023-10-04 17:00:00+02:00,13.3,3.8,291.0,0.3
2023-10-04 18:00:00+02:00,14.1,3.6,261.0,0.0
2023-10-04 19:00:00+02:00,14.4,3.8,258.0,0.0
2023-10-04 20:00:00+02:00,14.5,3.3,253.0,0.0
2023-10-04 21:00:00+02:00,14.8,5.0,256.0,0.0
2023-10-04 22:00:00+02:00,14.5,3.8,253.0,0.0
2023-10-04 23:00:00+02:00,14.4,3.6,257.0,0.0
2023-10-05 00:00:00+02:00,14.4,3.3,251.0,0.0
2023-10-05 01:00:00+02:00,14.3,4.0,247.0,0.0
2023-10-05 02:00:00+02:00,14.3,3.6,248.0,0.0
2023-10-05 03:00:00+02:00,13.6,4.1,248.0,1.0
2023-10-05 04:00:00+02:00,13.6,3.4,247.0,0.8
2023-10-05 05:00:00+02:00,13.1,7.0,284.0,1.0
2023-10-05 06:00:00+02:00,12.2,4.1,267.0,0.9
2023-10-05 07:00:00+02:00,12.5,4.6,277.0,0.0
2023-10-05 08:00:00+02:00,12.6,4.8,280.0,0.0
2023-10-05 09:00:00+02:00,13.2,5.6,275.0,0.0
2023-10-05 10:00:00+02:00,14.0,6.4,287.0,0.0
2023-10-05 11:00:00+02:00,13.7,7.2,285.0,0.0
2023-10-05 12:00:00+02:00,14.7,6.5,292.0,0.0
2023-10-05 13:00:00+02:00,15.8,6.5,290.0,0.0
2023-10-05 14:00:00+02:00,14.6,6.8,309.0,0.0
2023-10-05 15:00:00+02:00,14.1,5.0,307.0,0.0
2023-10-05 16:00:00+02:00,15.0,4.9,327.0,0.0
2023-10-05 17:00:00+02:00,14.6,4.7,308.0,0.0
2023-10-05 18:00:00+02:00,13.6,3.9,303.0,0.0
2023-10-05 19:00:00+02:00,12.9,3.1,306.0,0.0
2023-10-05 20:00:00+02:00,11.9,2.1,305.0,0.0
2023-10-05 21:00:00+02:00,10.5,0.8,250.0,0.0
2023-10-05 22:00:00+02:00,9.5,0.6,207.0,0.0
2023-10-05 23:00:00+02:00,9.3,0.0,0.0,0.0
2023-10-06 00:00:00+02:00,10.1,0.0,0.0,0.0
2023-10-06 01:00:00+02:00,11.3,1.3,270.0,0.0
2023-10-06 02:00:00+02:00,11.3,0.9,258.0,0.0
2023-10-06 03:00:00+02:00,11.2,0.0,0.0,0.0
2023-10-06 04:00:00+02:00,11.7,0.0,0.0,0.0
2023-10-06 05:00:00+02:00,11.6,0.5,158.0,0.0
2023-10-06 06:00:00+02:00,11.9,2.4,202.0,0.6
2023-10-06 07:00:00+02:00,12.1,1.6,223.0,1.8
2023-10-06 08:00:00+02:00,13.7,1.6,222.0,0.1
2023-10-06 09:00:00+02:00,13.9,2.5,217.0,0.9
2023-10-06 10:00:00+02:00,13.9,2.1,230.0,0.5
2023-10-06 11:00:00+02:00,13.9,3.0,244.0,0.6
2023-10-06 12:00:00+02:00,14.1,3.7,247.0,0.1
2023-10-06 13:00:00+02:00,14.2,3.8,247.0,0.1
2023-10-06 14:00:00+02:00,14.5,3.3,244.0,0.0
2023-10-06 15:00:00+02:00,14.8,3.6,250.0,0.0
2023-10-06 16:00:00+02:00,15.2,4.5,249.0,0.0
2023-10-06 17:00:00+02:00,15.9,5.5,258.0,0.0
2023-10-06 18:00:00+02:00,15.6,4.2,253.0,0.0
2023-10-06 19:00:00+02:00,16.3,6.2,259.0,0.0
2023-10-06 20:00:00+02:00,16.3,5.3,257.0,0.0
2023-10-06 21:00:00+02:00,16.2,6.2,257.0,0.0
2023-10-06 22:00:00+02:00,16.5,7.7,266.0,0.0
2023-10-06 23:00:00+02:00,16.5,7.7,264.0,0.0
2023-10-07 00:00:00+02:00,16.4,8.0,265.0,0.0
2023-10-07 01:00:00+02:00,16.3,9.2,267.0,0.0
2023-10-07 02:00:00+02:00,15.6,9.7,281.0,0.0
2023-10-07 03:00:00+02:00,14.5,10.8,288.0,0.0
2023-10-07 04:00:00+02:00,14.0,9.3,294.0,0.0
2023-10-07 05:00:00+02:00,13.8,9.3,299.0,0.0
2023-10-07 06:00:00+02:00,13.5,7.5,299.0,0.0
2023-10-07 07:00:00+02:00,13.0,6.2,306.0,0.0
2023-10-07 08:00:00+02:00,12.7,5.0,322.0,0.0
2023-10-07 09:00:00+02:00,13.0,3.8,326.0,0.0
2023-10-07 10:00:00+02:00,14.8,2.7,321.0,0.0
2023-10-07 11:00:00+02:00,15.9,2.2,335.0,0.0
2023-10-07 12:00:00+02:00,13.8,0.8,360.0,0.0
2023-10-07 13:00:00+02:00,13.4,1.6,66.0,0.0
2023-10-07 14:00:00+02:00,13.0,0.8,64.0,0.0
2023-10-07 15:00:00+02:00,12.6,1.3,53.0,0.0
2023-10-07 16:00:00+02:00,12.5,1.1,351.0,0.0
2023-10-07 17:00:00+02:00,12.1,0.7,350.0,0.0
2023-10-07 18:00:00+02:00,10.9,1.6,324.0,0.0
2023-10-07 19:00:00+02:00,11.0,2.5,325.0,0.0
2023-10-07 20:00:00+02:00,10.4,1.2,354.0,0.0
2023-10-07 21:00:00+02:00,9.4,0.8,8.0,0.0
2023-10-07 22:00:00+02:00,8.8,0.6,345.0,0.0
2023-10-07 23:00:00+02:00,8.6,0.6,11.0,0.0
2023-10-08 00:00:00+02:00,7.5,0.0,0.0,0.0
2023-10-08 01:00:00+02:00,5.8,0.0,0.0,0.0
2023-10-08 02:00:00+02:00,5.2,0.0,0.0,0.0
2023-10-08 03:00:00+02:00,5.0,0.0,0.0,0.0
2023-10-08 04:00:00+02:00,4.5,0.5,192.0,0.0
2023-10-08 05:00:00+02:00,5.7,1.2,357.0,0.0
2023-10-08 06:00:00+02:00,6.3,1.3,339.0,0.0
2023-10-08 07:00:00+02:00,6.1,0.0,0.0,0.0
2023-10-08 08:00:00+02:00,4.4,0.0,0.0,0.0
2023-10-08 09:00:00+02:00,8.1,0.8,342.0,0.0
2023-10-08 10:00:00+02:00,10.4,1.7,349.0,0.0
2023-10-08 11:00:00+02:00,11.1,2.4,335.0,0.0
2023-10-08 12:00:00+02:00,11.3,1.7,351.0,0.0
2023-10-08 13:00:00+02:00,12.4,2.6,332.0,0.0
2023-10-08 14:00:00+02:00,12.2,3.3,331.0,0.0
2023-10-08 15:00:00+02:00,11.9,3.5,321.0,0.0
2023-10-08 16:00:00+02:00,10.6,2.4,329.0,0.0
2023-10-08 17:00:00+02:00,9.8,2.7,316.0,0.0
2023-10-08 18:00:00+02:00,9.1,2.1,307.0,0.0
2023-10-08 19:00:00+02:00,6.9,0.6,276.0,0.0
2023-10-08 20:00:00+02:00,5.0,0.0,0.0,0.0
2023-10-08 21:00:00+02:00,4.6,0.0,0.0,0.0
2023-10-08 22:00:00+02:00,4.4,0.5,183.0,0.0
2023-10-08 23:00:00+02:00,4.5,0.0,0.0,0.0
2023-10-09 00:00:00+02:00,4.6,0.0,0.0,0.0
2023-10-09 01:00:00+02:00,5.5,0.0,0.0,0.0
2023-10-09 02:00:00+02:00,6.3,0.7,174.0,0.0
2023-10-09 03:00:00+02:00,7.1,0.5,161.0,0.0
2023-10-09 04:00:00+02:00,7.2,0.6,170.0,0.0
2023-10-09 05:00:00+02:00,7.1,0.0,0.0,0.0
2023-10-09 06:00:00+02:00,7.2,0.0,0.0,0.0
2023-10-09 07:00:00+02:00,7.8,0.0,0.0,0.0
2023-10-09 08:00:00+02:00,8.2,0.0,0.0,0.0
2023-10-09 09:00:00+02:00,9.4,0.0,0.0,0.0
2023-10-09 10:00:00+02:00,11.2,1.3,307.0,0.0
2023-10-09 11:00:00+02:00,12.2,1.4,300.0,0.0
2023-10-09 12:00:00+02:00,12.5,1.1,267.0,0.0
2023-10-09 13:00:00+02:00,13.9,0.9,317.0,0.0
2023-10-09 14:00:00+02:00,13.9,1.5,246.0,0.0
2023-10-09 15:00:00+02:00,12.9,1.4,238.0,0.0
2023-10-09 16:00:00+02:00,12.1,1.4,261.0,0.0
2023-10-09 17:00:00+02:00,11.4,0.7,218.0,0.0
2023-10-09 18:00:00+02:00,11.1,0.7,257.0,0.0
2023-10-09 19:00:00+02:00,10.5,0.0,0.0,0.0
2023-10-09 20:00:00+02:00,9.9,0.0,0.0,0.0
2023-10-09 21:00:00+02:00,9.6,0.0,0.0,0.0
2023-10-09 22:00:00+02:00,8.9,0.0,0.0,0.0
2023-10-09 23:00:00+02:00,9.1,0.0,0.0,0.0
2023-10-10 00:00:00+02:00,9.6,0.0,0.0,0.0
2023-10-10 01:00:00+02:00,9.6,0.0,0.0,0.0
2023-10-10 02:00:00+02:00,9.7,0.0,0.0,0.0
2023-10-10 03:00:00+02:00,10.0,0.0,0.0,0.0
2023-10-10 04:00:00+02:00,10.5,0.0,0.0,0.0
2023-10-10 05:00:00+02:00,10.2,0.0,0.0,0.0
2023-10-10 06:00:00+02:00,9.3,0.0,0.0,0.0
2023-10-10 07:00:00+02:00,9.9,0.0,0.0,0.0
2023-10-10 08:00:00+02:00,10.7,0.0,0.0,0.0
2023-10-10 09:00:00+02:00,11.9,0.9,253.0,0.0
2023-10-10 10:00:00+02:00,12.6,1.9,253.0,0.0
2023-10-10 11:00:00+02:00,13.4,1.3,258.0,0.0
2023-10-10 12:00:00+02:00,13.9,1.8,249.0,0.0
2023-10-10 13:00:00+02:00,14.3,2.2,249.0,0.0
2023-10-10 14:00:00+02:00,14.3,2.2,239.0,0.0
2023-10-10 15:00:00+02:00,15.2,2.1,215.0,0.0
2023-10-10 16:00:00+02:00,14.0,2.5,216.0,0.0
2023-10-10 17:00:00+02:00,13.8,2.2,196.0,0.0
2023-10-10 18:00:00+02:00,13.6,3.0,193.0,0.0
2023-10-10 19:00:00+02:00,13.4,2.9,196.0,0.0
2023-10-10 20:00:00+02:00,13.5,2.4,191.0,0.0
2023-10-10 21:00:00+02:00,14.0,3.1,195.0,0.3
2023-10-10 22:00:00+02:00,14.5,2.3,202.0,0.0
2023-10-10 23:00:00+02:00,14.9,1.7,231.0,0.0
2023-10-11 00:00:00+02:00,15.0,1.8,200.0,0.0
2023-10-11 01:00:00+02:00,15.0,2.0,210.0,0.0
2023-10-11 02:00:00+02:00,15.1,1.8,208.0,0.0
2023-10-11 03:00:00+02:00,15.3,2.1,211.0,0.0
2023-10-11 04:00:00+02:00,15.4,2.6,221.0,0.0
2023-10-11 05:00:00+02:00,15.2,2.1,248.0,0.0
2023-10-11 06:00:00+02:00,15.0,1.8,235.0,0.0
2023-10-11 07:00:00+02:00,14.9,2.5,244.0,0.0
2023-10-11 08:00:00+02:00,14.9,2.8,245.0,0.0
2023-10-11 09:00:00+02:00,15.3,2.8,244.0,0.0
2023-10-11 10:00:00+02:00,15.8,2.4,247.0,0.0
2023-10-11 11:00:00+02:00,15.9,3.1,239.0,0.0
2023-10-11 12:00:00+02:00,16.7,2.7,238.0,0.0
2023-10-11 13:00:00+02:00,16.8,3.6,240.0,0.0
2023-10-11 14:00:00+02:00,16.9,3.6,248.0,0.0
2023-10-11 15:00:00+02:00,17.4,3.1,247.0,0.0
2023-10-11 16:00:00+02:00,16.3,3.4,245.0,0.0
2023-10-11 17:00:00+02:00,14.8,4.0,279.0,1.1
2023-10-11 18:00:00+02:00,14.7,4.3,284.0,0.0
2023-10-11 19:00:00+02:00,14.1,2.9,276.0,0.2
2023-10-11 20:00:00+02:00,13.6,5.0,290.0,0.2
2023-10-11 21:00:00+02:00,13.3,6.0,286.0,0.0
2023-10-11 22:00:00+02:00,12.9,4.2,268.0,0.0
2023-10-11 23:00:00+02:00,12.9,4.8,272.0,0.0
2023-10-12 00:00:00+02:00,12.7,4.8,268.0,0.0
2023-10-12 01:00:00+02:00,12.5,4.8,269.0,0.0
2023-10-12 02:00:00+02:00,12.4,4.7,272.0,0.0
2023-10-12 03:00:00+02:00,12.1,4.7,276.0,0.0
2023-10-12 04:00:00+02:00,11.6,4.0,270.0,0.0
2023-10-12 05:00:00+02:00,11.4,4.8,274.0,0.0
2023-10-12 06:00:00+02:00,11.6,4.4,276.0,0.0
2023-10-12 07:00:00+02:00,11.7,4.2,272.0,0.0
2023-10-12 08:00:00+02:00,11.6,4.7,266.0,0.0
2023-10-12 09:00:00+02:00,12.1,4.7,271.0,0.0
2023-10-12 10:00:00+02:00,12.9,5.3,282.0,0.0
2023-10-12 11:00:00+02:00,13.7,6.0,285.0,0.0
2023-10-12 12:00:00+02:00,13.6,7.9,289.0,0.0
2023-10-12 13:00:00+02:00,13.6,8.4,287.0,0.0
2023-10-12 14:00:00+02:00,14.7,7.9,292.0,0.0
2023-10-12 15:00:00+02:00,14.4,8.1,294.0,0.0
2023-10-12 16:00:00+02:00,13.8,7.3,296.0,0.0
2023-10-12 17:00:00+02:00,13.0,6.9,295.0,0.0
2023-10-12 18:00:00+02:00,12.0,5.6,291.0,0.0
2023-10-12 19:00:00+02:00,11.5,4.0,284.0,0.0
2023-10-12 20:00:00+02:00,11.0,3.5,291.0,0.0
2023-10-12 21:00:00+02:00,11.0,3.0,290.0,0.0
2023-10-12 22:00:00+02:00,10.2,1.2,256.0,0.0
2023-10-12 23:00:00+02:00,8.1,1.3,267.0,0.0
2023-10-13 00:00:00+02:00,7.0,0.8,253.0,0.0
2023-10-13 01:00:00+02:00,6.4,0.8,249.0,0.0
2023-10-13 02:00:00+02:00,5.4,0.0,0.0,0.0
2023-10-13 03:00:00+02:00,4.6,0.0,0.0,0.0
2023-10-13 04:00:00+02:00,4.2,0.0,0.0,0.0
2023-10-13 05:00:00+02:00,4.4,0.0,0.0,0.0
2023-10-13 06:00:00+02:00,5.1,0.6,135.0,0.0
2023-10-13 07:00:00+02:00,6.9,0.9,149.0,0.0
2023-10-13 08:00:00+02:00,9.0,2.1,123.0,0.0
2023-10-13 09:00:00+02:00,10.9,2.6,143.0,0.0
2023-10-13 10:00:00+02:00,11.3,3.9,142.0,0.0
2023-10-13 11:00:00+02:00,12.3,3.0,153.0,1.1
2023-10-13 12:00:00+02:00,13.3,2.8,172.0,0.5
2023-10-13 13:00:00+02:00,14.1,3.5,178.0,0.7
2023-10-13 14:00:00+02:00,14.6,5.1,188.0,1.8
2023-10-13 15:00:00+02:00,15.0,4.5,193.0,1.7
2023-10-13 16:00:00+02:00,15.2,3.5,212.0,0.3
2023-10-13 17:00:00+02:00,15.7,3.5,200.0,0.6
2023-10-13 18:00:00+02:00,16.8,4.3,202.0,0.0
2023-10-13 19:00:00+02:00,17.1,2.9,234.0,0.0
2023-10-13 20:00:00+02:00,17.7,4.4,238.0,0.0
2023-10-13 21:00:00+02:00,17.2,3.2,242.0,0.0
2023-10-13 22:00:00+02:00,17.3,4.1,249.0,0.0
2023-10-13 23:00:00+02:00,17.0,3.3,242.0,0.0
2023-10-14 00:00:00+02:00,15.9,4.9,265.0,1.9
2023-10-14 01:00:00+02:00,15.0,2.0,247.0,0.5
2023-10-14 02:00:00+02:00,14.8,1.4,257.0,1.9
2023-10-14 03:00:00+02:00,14.5,4.7,277.0,3.5
2023-10-14 04:00:00+02:00,12.9,3.4,294.0,0.2
2023-10-14 05:00:00+02:00,12.3,4.6,290.0,0.1
2023-10-14 06:00:00+02:00,11.1,3.7,283.0,0.6
2023-10-14 07:00:00+02:00,11.2,4.3,279.0,0.0
2023-10-14 08:00:00+02:00,11.4,5.4,270.0,0.0
2023-10-14 09:00:00+02:00,11.9,7.0,268.0,0.0
2023-10-14 10:00:00+02:00,12.3,6.9,267.0,0.0
2023-10-14 11:00:00+02:00,12.8,6.6,271.0,0.0
2023-10-14 12:00:00+02:00,13.1,7.2,269.0,0.0
2023-10-14 13:00:00+02:00,13.5,7.6,272.0,0.0
2023-10-14 14:00:00+02:00,13.2,9.0,266.0,0.0
2023-10-14 15:00:00+02:00,13.0,8.5,273.0,0.0
2023-10-14 16:00:00+02:00,11.9,7.2,277.0,0.0
2023-10-14 17:00:00+02:00,11.7,8.5,268.0,0.0
2023-10-14 18:00:00+02:00,11.5,7.4,268.0,0.0
2023-10-14 19:00:00+02:00,10.7,7.4,268.0,0.0
2023-10-14 20:00:00+02:00,10.5,6.3,269.0,0.0
2023-10-14 21:00:00+02:00,10.1,7.2,263.0,0.0
2023-10-14 22:00:00+02:00,10.2,7.2,265.0,0.0
2023-10-14 23:00:00+02:00,10.0,7.7,268.0,0.0
2023-10-15 00:00:00+02:00,9.9,8.2,268.0,0.0
2023-10-15 01:00:00+02:00,9.8,8.0,266.0,0.0
2023-10-15 02:00:00+02:00,9.5,7.8,273.0,0.0
2023-10-15 03:00:00+02:00,9.4,8.1,274.0,0.0
2023-10-15 04:00:00+02:00,9.3,8.3,276.0,0.0
2023-10-15 05:00:00+02:00,9.0,9.0,278.0,0.0
2023-10-15 06:00:00+02:00,8.8,9.1,278.0,0.0
2023-10-15 07:00:00+02:00,8.7,7.1,285.0,0.0
2023-10-15 08:00:00+02:00,8.7,6.8,277.0,0.0
2023-10-15 09:00:00+02:00,9.0,7.8,283.0,0.0
2023-10-15 10:00:00+02:00,9.5,7.6,281.0,0.0
2023-10-15 11:00:00+02:00,10.3,7.1,282.0,0.0
2023-10-15 12:00:00+02:00,10.6,8.0,288.0,0.0
2023-10-15 13:00:00+02:00,11.0,8.0,285.0,0.0
2023-10-15 14:00:00+02:00,11.6,6.9,287.0,0.0
2023-10-15 15:00:00+02:00,12.1,5.3,288.0,0.0
2023-10-15 16:00:00+02:00,11.9,7.3,298.0,0.0
2023-10-15 17:00:00+02:00,11.3,6.4,305.0,0.0
2023-10-15 18:00:00+02:00,9.6,2.0,334.0,0.0
2023-10-15 19:00:00+02:00,10.1,5.2,298.0,0.0
2023-10-15 20:00:00+02:00,9.9,4.7,292.0,0.0
2023-10-15 21:00:00+02:00,9.6,6.7,297.0,0.0
2023-10-15 22:00:00+02:00,9.0,5.6,299.0,0.0
2023-10-15 23:00:00+02:00,9.3,4.9,292.0,0.0
2023-10-16 00:00:00+02:00,8.9,5.3,289.0,0.0
2023-10-16 01:00:00+02:00,8.5,4.5,290.0,0.0
2023-10-16 02:00:00+02:00,8.3,4.6,286.0,0.0
2023-10-16 03:00:00+02:00,8.0,4.5,287.0,0.0
2023-10-16 04:00:00+02:00,7.8,3.8,281.0,0.0
2023-10-16 05:00:00+02:00,7.3,3.2,276.0,0.0
2023-10-16 06:00:00+02:00,7.6,4.3,287.0,0.0
2023-10-16 07:00:00+02:00,7.7,4.7,288.0,0.0
2023-10-16 08:00:00+02:00,7.7,4.6,297.0,0.0
2023-10-16 09:00:00+02:00,8.6,4.6,296.0,0.0
2023-10-16 10:00:00+02:00,9.8,4.4,296.0,0.0
2023-10-16 11:00:00+02:00,10.4,4.5,288.0,
2023-10-16 12:00:00+02:00,11.6,4.6,296.0,0.0
2023-10-16 13:00:00+02:00,12.3,3.6,326.0,0.0
2023-10-16 14:00:00+02:00,11.6,3.3,325.0,0.0
2023-10-16 15:00:00+02:00,11.2,3.4,309.0,0.0
2023-10-16 16:00:00+02:00,10.8,3.0,291.0,0.0
2023-10-16 17:00:00+02:00,9.6,2.7,316.0,0.0
2023-10-16 18:00:00+02:00,8.9,2.9,306.0,0.0
2023-10-16 19:00:00+02:00,8.1,3.7,303.0,0.0
2023-10-16 20:00:00+02:00,7.4,2.9,304.0,0.0
2023-10-16 21:00:00+02:00,7.1,2.6,291.0,0.0
2023-10-16 22:00:00+02:00,5.1,1.2,273.0,0.0
2023-10-16 23:00:00+02:00,3.7,1.6,267.0,0.0
2023-10-17 00:00:00+02:00,3.4,1.4,272.0,0.0
2023-10-17 01:00:00+02:00,4.3,1.5,271.0,0.0
2023-10-17 02:00:00+02:00,2.8,0.6,247.0,0.0
2023-10-17 03:00:00+02:00,2.3,0.0,0.0,0.0
2023-10-17 04:00:00+02:00,2.5,0.0,0.0,0.0
2023-10-17 05:00:00+02:00,3.7,0.8,213.0,0.0
2023-10-17 06:00:00+02:00,3.8,0.7,255.0,0.0
2023-10-17 07:00:00+02:00,7.4,1.8,278.0,0.0
2023-10-17 08:00:00+02:00,7.6,2.4,279.0,0.0
2023-10-17 09:00:00+02:00,,,,0.0
2023-10-17 10:00:00+02:00,10.4,,,0.0
2023-10-17 11:00:00+02:00,10.9,4.7,285.0,0.0
2023-10-17 12:00:00+02:00,11.9,4.7,287.0,0.0
2023-10-17 13:00:00+02:00,11.8,4.9,277.0,0.0
2023-10-17 14:00:00+02:00,11.4,4.8,272.0,0.0
2023-10-17 15:00:00+02:00,11.8,3.9,265.0,0.0
2023-10-17 16:00:00+02:00,11.9,4.1,288.0,0.0
2023-10-17 17:00:00+02:00,11.9,3.8,288.0,0.0
2023-10-17 18:00:00+02:00,11.1,4.9,288.0,0.0
2023-10-17 19:00:00+02:00,10.3,2.6,267.0,0.0
2023-10-17 20:00:00+02:00,10.8,3.5,263.0,0.0
2023-10-17 21:00:00+02:00,10.4,4.3,284.0,0.0
2023-10-17 22:00:00+02:00,9.5,2.1,283.0,0.0
2023-10-17 23:00:00+02:00,9.6,2.5,282.0,0.0
2023-10-18 00:00:00+02:00,9.0,2.6,279.0,0.0
2023-10-18 01:00:00+02:00,9.6,3.0,273.0,0.0
2023-10-18 02:00:00+02:00,9.8,3.7,279.0,0.0
2023-10-18 03:00:00+02:00,10.0,5.0,285.0,0.0
2023-10-18 04:00:00+02:00,9.5,3.1,280.0,0.0
2023-10-18 05:00:00+02:00,9.9,3.2,283.0,0.0
2023-10-18 06:00:00+02:00,9.2,3.2,287.0,0.0
2023-10-18 07:00:00+02:00,9.5,3.0,286.0,0.0
2023-10-18 08:00:00+02:00,8.7,2.9,285.0,0.0
2023-10-18 09:00:00+02:00,9.9,2.7,284.0,0.0
2023-10-18 10:00:00+02:00,11.1,3.3,290.0,0.0
2023-10-18 11:00:00+02:00,12.0,2.5,293.0,0.0
2023-10-18 12:00:00+02:00,12.8,2.4,301.0,0.0
2023-10-18 13:00:00+02:00,12.8,1.0,315.0,0.0
2023-10-18 14:00:00+02:00,13.7,1.3,263.0,0.0
2023-10-18 15:00:00+02:00,13.4,0.0,0.0,0.0
2023-10-18 16:00:00+02:00,13.4,1.1,95.0,0.0
2023-10-18 17:00:00+02:00,12.0,0.6,100.0,0.0
2023-10-18 18:00:00+02:00,10.0,0.0,0.0,0.0
2023-10-18 19:00:00+02:00,7.5,0.0,0.0,0.0
2023-10-18 20:00:00+02:00,8.3,3.7,111.0,0.0
2023-10-18 21:00:00+02:00,7.7,4.1,108.0,0.0
2023-10-18 22:00:00+02:00,7.3,4.0,107.0,0.0
2023-10-18 23:00:00+02:00,6.5,3.6,102.0,0.0
2023-10-19 00:00:00+02:00,6.5,3.1,93.0,0.0
2023-10-19 01:00:00+02:00,6.2,3.2,80.0,0.0
2023-10-19 02:00:00+02:00,6.0,2.2,86.0,0.0
2023-10-19 03:00:00+02:00,6.1,2.8,80.0,0.0
2023-10-19 04:00:00+02:00,6.3,3.8,87.0,0.0
2023-10-19 05:00:00+02:00,6.2,3.5,87.0,0.0
2023-10-19 06:00:00+02:00,6.2,4.1,80.0,0.0
2023-10-19 07:00:00+02:00,6.3,2.9,91.0,0.0
2023-10-19 08:00:00+02:00,6.5,3.0,84.0,0.0
2023-10-19 09:00:00+02:00,7.1,3.5,87.0,0.0
2023-10-19 10:00:00+02:00,7.5,4.8,85.0,0.0
2023-10-19 11:00:00+02:00,7.1,5.4,85.0,0.0
2023-10-19 12:00:00+02:00,6.2,4.7,89.0,0.0
2023-10-19 13:00:00+02:00,6.3,4.9,88.0,0.0
2023-10-19 14:00:00+02:00,6.3,5.2,85.0,0.0
2023-10-19 15:00:00+02:00,6.5,5.5,81.0,0.0
2023-10-19 16:00:00+02:00,6.1,5.5,81.0,0.0
2023-10-19 17:00:00+02:00,5.9,6.0,75.0,0.0
2023-10-19 18:00:00+02:00,5.7,5.6,79.0,0.0
2023-10-19 19:00:00+02:00,5.7,5.9,78.0,0.0
2023-10-19 20:00:00+02:00,5.8,7.0,77.0,0.0
2023-10-19 21:00:00+02:00,5.6,6.2,78.0,0.0
2023-10-19 22:00:00+02:00,4.8,5.7,76.0,0.0
2023-10-19 23:00:00+02:00,4.9,4.8,74.0,0.0
2023-10-20 00:00:00+02:00,4.4,4.5,69.0,0.0
2023-10-20 01:00:00+02:00,4.4,4.9,66.0,0.0
2023-10-20 02:00:00+02:00,4.1,4.5,70.0,0.0
2023-10-20 03:00:00+02:00,4.0,4.9,73.0,0.1
2023-10-20 04:00:00+02:00,4.4,4.7,76.0,0.1
2023-10-20 05:00:00+02:00,4.3,5.9,73.0,0.0
2023-10-20 06:00:00+02:00,4.2,6.2,70.0,0.0
2023-10-20 07:00:00+02:00,4.0,5.2,69.0,0.0
2023-10-20 08:00:00+02:00,4.0,5.0,72.0,0.0
2023-10-20 09:00:00+02:00,4.1,5.2,69.0,0.0
2023-10-20 10:00:00+02:00,5.2,5.0,72.0,0.0
2023-10-20 11:00:00+02:00,5.9,5.6,78.0,0.0
2023-10-20 12:00:00+02:00,5.9,5.7,79.0,0.0
2023-10-20 13:00:00+02:00,6.6,7.7,77.0,0.0
2023-10-20 14:00:00+02:00,5.9,7.0,81.0,0.0
2023-10-20 15:00:00+02:00,5.6,6.5,85.0,0.0
2023-10-20 16:00:00+02:00,6.0,8.6,79.0,0.0
2023-10-20 17:00:00+02:00,5.9,9.1,79.0,0.0
2023-10-20 18:00:00+02:00,6.0,8.5,82.0,0.0
2023-10-20 19:00:00+02:00,6.1,8.5,84.0,0.0
2023-10-20 20:00:00+02:00,6.1,8.6,88.0,0.0
2023-10-20 21:00:00+02:00,5.3,7.8,84.0,0.3
2023-10-20 22:00:00+02:00,5.1,6.6,81.0,0.6
2023-10-20 23:00:00+02:00,5.7,7.8,84.0,1.2
2023-10-21 00:00:00+02:00,5.6,7.9,82.0,2.7
2023-10-21 01:00:00+02:00,6.0,7.7,81.0,1.1
2023-10-21 02:00:00+02:00,6.3,7.7,87.0,0.4
2023-10-21 03:00:00+02:00,6.8,6.1,97.0,0.1
2023-10-21 04:00:00+02:00,7.5,7.4,96.0,0.9
2023-10-21 05:00:00+02:00,7.9,6.0,98.0,0.1
2023-10-21 06:00:00+02:00,7.9,7.3,109.0,0.2
2023-10-21 07:00:00+02:00,7.8,5.9,105.0,0.1
2023-10-21 08:00:00+02:00,7.7,6.2,109.0,0.0
2023-10-21 09:00:00+02:00,7.9,5.1,104.0,0.0
2023-10-21 10:00:00+02:00,8.0,4.8,109.0,0.0
2023-10-21 11:00:00+02:00,8.2,4.2,111.0,0.0
2023-10-21 12:00:00+02:00,8.3,3.6,103.0,0.0
2023-10-21 13:00:00+02:00,8.5,4.0,103.0,0.0
2023-10-21 14:00:00+02:00,8.7,3.3,96.0,0.0
2023-10-21 15:00:00+02:00,8.9,4.1,104.0,0.0
2023-10-21 16:00:00+02:00,9.2,3.1,104.0,0.0
2023-10-21 17:00:00+02:00,9.0,2.8,104.0,0.0
2023-10-21 18:00:00+02:00,8.8,2.6,96.0,0.0
2023-10-21 19:00:00+02:00,8.8,2.7,99.0,0.0
2023-10-21 20:00:00+02:00,8.8,2.1,95.0,0.0
2023-10-21 21:00:00+02:00,8.7,2.4,106.0,0.1
2023-10-21 22:00:00+02:00,8.6,1.7,94.0,0.1
2023-10-21 23:00:00+02:00,8.7,2.8,107.0,0.1
2023-10-22 00:00:00+02:00,9.0,2.9,113.0,0.0
2023-10-22 01:00:00+02:00,9.2,0.8,120.0,0.0
2023-10-22 02:00:00+02:00,9.6,0.9,140.0,0.0
2023-10-22 03:00:00+02:00,9.7,1.4,142.0,0.0
2023-10-22 04:00:00+02:00,9.8,2.1,119.0,0.0
2023-10-22 05:00:00+02:00,10.1,1.5,131.0,0.0
2023-10-22 06:00:00+02:00,10.0,2.0,128.0,0.0
2023-10-22 07:00:00+02:00,9.9,3.0,131.0,0.0
2023-10-22 08:00:00+02:00,9.7,3.6,131.0,0.0
2023-10-22 09:00:00+02:00,9.6,3.9,131.0,0.0
2023-10-22 10:00:00+02:00,10.3,4.0,129.0,0.0
2023-10-22 11:00:00+02:00,10.8,3.0,130.0,0.0
2023-10-22 12:00:00+02:00,12.4,3.0,136.0,0.0
2023-10-22 13:00:00+02:00,13.4,3.1,145.0,0.0
2023-10-22 14:00:00+02:00,14.1,3.7,140.0,0.0
2023-10-22 15:00:00+02:00,14.1,2.8,145.0,0.0
2023-10-22 16:00:00+02:00,13.6,2.4,172.0,0.0
2023-10-22 17:00:00+02:00,12.8,2.2,176.0,0.0
2023-10-22 18:00:00+02:00,12.2,1.9,184.0,0.0
2023-10-22 19:00:00+02:00,11.7,1.7,208.0,0.0
2023-10-22 20:00:00+02:00,11.3,2.2,250.0,0.0
2023-10-22 21:00:00+02:00,11.0,2.2,240.0,0.4
2023-10-22 22:00:00+02:00,11.0,1.6,245.0,0.4
2023-10-22 23:00:00+02:00,10.8,1.6,245.0,0.0
2023-10-23 00:00:00+02:00,10.7,2.3,244.0,0.0
2023-10-23 01:00:00+02:00,10.6,2.2,243.0,0.0
2023-10-23 02:00:00+02:00,10.6,2.0,250.0,0.0
2023-10-23 03:00:00+02:00,10.3,1.4,248.0,0.0
2023-10-23 04:00:00+02:00,9.7,2.0,251.0,0.0
2023-10-23 05:00:00+02:00,8.7,1.2,258.0,0.0
2023-10-23 06:00:00+02:00,8.2,0.8,233.0,0.0
2023-10-23 07:00:00+02:00,8.7,1.3,247.0,0.0
2023-10-23 08:00:00+02:00,8.6,0.9,243.0,0.0
2023-10-23 09:00:00+02:00,9.6,1.1,248.0,0.0
2023-10-23 10:00:00+02:00,10.9,2.2,256.0,0.0
2023-10-23 11:00:00+02:00,11.9,3.2,257.0,0.0
2023-10-23 12:00:00+02:00,12.1,3.8,260.0,0.0
2023-10-23 13:00:00+02:00,12.9,4.6,271.0,0.0
2023-10-23 14:00:00+02:00,12.6,4.7,265.0,0.0
2023-10-23 15:00:00+02:00,11.6,2.5,285.0,0.0
2023-10-23 16:00:00+02:00,12.0,2.9,265.0,0.0
2023-10-23 17:00:00+02:00,11.9,2.6,264.0,0.0
2023-10-23 18:00:00+02:00,11.3,1.9,259.0,0.0
2023-10-23 19:00:00+02:00,10.3,0.0,0.0,0.0
2023-10-23 20:00:00+02:00,9.8,0.6,207.0,0.0
2023-10-23 21:00:00+02:00,8.8,0.0,0.0,0.0
2023-10-23 22:00:00+02:00,7.0,0.0,0.0,0.0
2023-10-23 23:00:00+02:00,6.6,0.0,0.0,0.0
2023-10-24 00:00:00+02:00,6.2,0.0,0.0,0.0
2023-10-24 01:00:00+02:00,5.8,0.0,0.0,0.0
2023-10-24 02:00:00+02:00,5.0,0.0,0.0,0.0
2023-10-24 03:00:00+02:00,6.3,0.0,0.0,0.0
2023-10-24 04:00:00+02:00,5.7,0.6,143.0,0.0
2023-10-24 05:00:00+02:00,4.8,0.0,0.0,0.0
2023-10-24 06:00:00+02:00,5.4,0.0,0.0,0.0
2023-10-24 07:00:00+02:00,6.1,1.1,99.0,0.0
2023-10-24 08:00:00+02:00,7.2,1.5,96.0,0.0
2023-10-24 09:00:00+02:00,7.7,2.1,101.0,0.0
2023-10-24 10:00:00+02:00,8.7,2.6,94.0,0.0
2023-10-24 11:00:00+02:00,10.2,3.1,99.0,0.0
2023-10-24 12:00:00+02:00,10.8,5.8,105.0,0.0
2023-10-24 13:00:00+02:00,11.5,4.5,102.0,0.0
2023-10-24 14:00:00+02:00,11.7,4.8,107.0,0.0
2023-10-24 15:00:00+02:00,11.2,4.4,95.0,0.0
2023-10-24 16:00:00+02:00,10.9,5.7,99.0,0.0
2023-10-24 17:00:00+02:00,10.4,5.5,100.0,0.0
2023-10-24 18:00:00+02:00,10.1,5.0,88.0,0.0
2023-10-24 19:00:00+02:00,9.8,4.6,89.0,0.0
2023-10-24 20:00:00+02:00,9.8,5.2,90.0,0.0
2023-10-24 21:00:00+02:00,9.3,4.2,95.0,0.6
2023-10-24 22:00:00+02:00,9.3,5.3,95.0,0.8
2023-10-24 23:00:00+02:00,8.6,4.0,85.0,1.8
2023-10-25 00:00:00+02:00,8.5,3.6,84.0,1.8
2023-10-25 01:00:00+02:00,8.4,5.0,86.0,1.3
2023-10-25 02:00:00+02:00,8.5,4.7,90.0,0.6
2023-10-25 03:00:00+02:00,8.8,4.5,88.0,1.0
2023-10-25 04:00:00+02:00,9.0,3.9,91.0,0.5
2023-10-25 05:00:00+02:00,9.0,4.6,96.0,0.2
2023-10-25 06:00:00+02:00,9.0,4.8,100.0,0.1
2023-10-25 07:00:00+02:00,9.1,3.7,100.0,0.5
2023-10-25 08:00:00+02:00,9.2,3.1,96.0,0.3
2023-10-25 09:00:00+02:00,9.2,3.7,95.0,0.3
2023-10-25 10:00:00+02:00,9.3,2.9,89.0,0.3
2023-10-25 11:00:00+02:00,9.4,3.2,97.0,0.2
2023-10-25 12:00:00+02:00,9.5,3.9,96.0,0.0
2023-10-25 13:00:00+02:00,9.4,4.0,100.0,0.0
2023-10-25 14:00:00+02:00,9.5,3.6,96.0,0.1
2023-10-25 15:00:00+02:00,9.3,3.6,87.0,0.0
2023-10-25 16:00:00+02:00,9.4,3.9,87.0,0.0
2023-10-25 17:00:00+02:00,9.1,3.6,83.0,0.0
2023-10-25 18:00:00+02:00,8.5,3.4,76.0,0.0
2023-10-25 19:00:00+02:00,8.3,3.9,79.0,0.0
2023-10-25 20:00:00+02:00,8.3,4.3,76.0,0.0
2023-10-25 21:00:00+02:00,8.1,4.0,76.0,0.0
2023-10-25 22:00:00+02:00,8.0,4.3,73.0,0.2
2023-10-25 23:00:00+02:00,7.9,4.2,76.0,0.0
2023-10-26 00:00:00+02:00,7.8,4.9,78.0,0.0
2023-10-26 01:00:00+02:00,7.7,4.5,83.0,0.0
2023-10-26 02:00:00+02:00,7.6,4.6,76.0,0.0
2023-10-26 03:00:00+02:00,7.5,4.4,77.0,0.0
2023-10-26 04:00:00+02:00,7.4,3.7,77.0,0.0
2023-10-26 05:00:00+02:00,7.1,4.1,71.0,0.0
2023-10-26 06:00:00+02:00,7.2,4.0,74.0,0.0
2023-10-26 07:00:00+02:00,7.2,3.9,73.0,0.0
2023-10-26 08:00:00+02:00,7.3,3.4,73.0,0.0
2023-10-26 09:00:00+02:00,7.2,3.6,78.0,0.0
2023-10-26 10:00:00+02:00,7.3,3.6,71.0,0.0
2023-10-26 11:00:00+02:00,7.3,3.6,68.0,0.0
2023-10-26 12:00:00+02:00,7.4,3.9,72.0,0.0
2023-10-26 13:00:00+02:00,7.5,4.2,73.0,0.0
2023-10-26 14:00:00+02:00,7.7,2.7,72.0,0.0
2023-10-26 15:00:00+02:00,7.3,3.5,72.0,0.0
2023-10-26 16:00:00+02:00,7.2,2.5,71.0,0.0
2023-10-26 17:00:00+02:00,7.2,1.6,67.0,0.0
2023-10-26 18:00:00+02:00,7.0,1.9,62.0,0.0
2023-10-26 19:00:00+02:00,6.8,1.4,58.0,0.0
2023-10-26 20:00:00+02:00,6.7,1.4,49.0,0.0
2023-10-26 21:00:00+02:00,6.6,1.9,64.0,0.0
2023-10-26 22:00:00+02:00,6.4,2.2,62.0,0.0
2023-10-26 23:00:00+02:00,6.4,1.6,74.0,0.0
2023-10-27 00:00:00+02:00,6.3,1.0,41.0,0.0
2023-10-27 01:00:00+02:00,6.1,2.0,62.0,0.0
2023-10-27 02:00:00+02:00,5.9,1.6,53.0,0.0
2023-10-27 03:00:00+02:00,5.7,1.4,46.0,0.0
2023-10-27 04:00:00+02:00,5.8,1.9,61.0,0.0
2023-10-27 05:00:00+02:00,5.8,3.1,64.0,0.0
2023-10-27 06:00:00+02:00,5.7,2.1,62.0,0.0
2023-10-27 07:00:00+02:00,5.6,1.7,54.0,0.0
2023-10-27 08:00:00+02:00,5.6,1.8,61.0,0.0
2023-10-27 09:00:00+02:00,5.9,1.4,74.0,0.0
2023-10-27 10:00:00+02:00,6.8,2.6,77.0,0.0
2023-10-27 11:00:00+02:00,7.0,3.2,74.0,0.0
2023-10-27 12:00:00+02:00,6.9,3.3,69.0,0.0
2023-10-27 13:00:00+02:00,6.9,3.3,63.0,0.0
2023-10-27 14:00:00+02:00,7.2,2.3,79.0,0.0
2023-10-27 15:00:00+02:00,7.0,2.7,74.0,0.0
2023-10-27 16:00:00+02:00,7.2,2.6,73.0,0.0
2023-10-27 17:00:00+02:00,6.4,2.3,64.0,0.0
2023-10-27 18:00:00+02:00,5.6,2.8,65.0,0.0
2023-10-27 19:00:00+02:00,5.4,2.1,56.0,0.0
2023-10-27 20:00:00+02:00,5.3,2.0,54.0,0.0
2023-10-27 21:00:00+02:00,5.3,2.5,67.0,0.0
2023-10-27 22:00:00+02:00,5.3,1.9,59.0,0.0
2023-10-27 23:00:00+02:00,5.2,2.1,55.0,0.0
2023-10-28 00:00:00+02:00,5.2,2.4,67.0,0.0
2023-10-28 01:00:00+02:00,5.2,2.6,69.0,0.0
2023-10-28 02:00:00+02:00,5.1,2.4,72.0,0.0
2023-10-28 03:00:00+02:00,5.1,2.7,71.0,0.0
2023-10-28 04:00:00+02:00,5.0,2.1,78.0,0.0
2023-10-28 05:00:00+02:00,4.9,2.0,76.0,0.0
2023-10-28 06:00:00+02:00,4.8,1.9,75.0,0.0
2023-10-28 07:00:00+02:00,4.8,2.0,95.0,0.0
2023-10-28 08:00:00+02:00,4.9,1.3,93.0,0.0
2023-10-28 09:00:00+02:00,5.3,2.1,91.0,0.0
2023-10-28 10:00:00+02:00,5.5,2.9,95.0,0.0
2023-10-28 11:00:00+02:00,5.9,2.7,85.0,0.0
2023-10-28 12:00:00+02:00,6.5,2.7,94.0,0.0
2023-10-28 13:00:00+02:00,7.0,3.8,96.0,0.0
2023-10-28 14:00:00+02:00,6.8,2.9,100.0,0.0
2023-10-28 15:00:00+02:00,7.1,2.9,94.0,0.0
2023-10-28 16:00:00+02:00,7.3,3.1,99.0,0.0
2023-10-28 17:00:00+02:00,7.1,2.4,102.0,0.0
2023-10-28 18:00:00+02:00,6.8,3.0,98.0,0.0
2023-10-28 19:00:00+02:00,6.8,2.3,96.0,0.0
2023-10-28 20:00:00+02:00,6.6,1.9,92.0,0.0
2023-10-28 21:00:00+02:00,6.7,2.5,97.0,0.0
2023-10-28 22:00:00+02:00,7.0,4.2,111.0,0.0
2023-10-28 23:00:00+02:00,7.2,4.8,112.0,0.0
2023-10-29 00:00:00+02:00,7.4,4.8,107.0,0.0
2023-10-29 01:00:00+02:00,7.4,3.3,107.0,0.0
2023-10-29 02:00:00+02:00,7.5,4.5,109.0,0.0
2023-10-29 02:00:00+01:00,7.2,4.9,108.0,0.0
2023-10-29 03:00:00+01:00,7.3,4.0,114.0,0.0
2023-10-29 04:00:00+01:00,7.9,5.5,114.0,0.0
2023-10-29 05:00:00+01:00,7.9,6.9,117.0,0.0
2023-10-29 06:00:00+01:00,7.6,5.9,109.0,0.0
2023-10-29 07:00:00+01:00,8.0,6.5,111.0,0.0
2023-10-29 08:00:00+01:00,8.4,6.7,114.0,0.0
2023-10-29 09:00:00+01:00,8.9,6.9,117.0,0.9
2023-10-29 10:00:00+01:00,9.1,6.6,111.0,1.2
2023-10-29 11:00:00+01:00,9.5,8.5,117.0,2.5
2023-10-29 12:00:00+01:00,9.7,6.7,126.0,4.6
2023-10-29 13:00:00+01:00,10.7,2.3,167.0,1.3
2023-10-29 14:00:00+01:00,11.9,3.4,196.0,0.0
2023-10-29 15:00:00+01:00,12.6,3.1,198.0,0.0
2023-10-29 16:00:00+01:00,12.4,2.5,218.0,0.0
2023-10-29 17:00:00+01:00,11.3,1.7,220.0,0.0
2023-10-29 18:00:00+01:00,11.2,0.9,223.0,0.0
2023-10-29 19:00:00+01:00,10.4,1.6,185.0,0.0
2023-10-29 20:00:00+01:00,10.5,1.5,178.0,0.0
2023-10-29 21:00:00+01:00,10.9,1.4,172.0,0.0
2023-10-29 22:00:00+01:00,11.3,1.8,178.0,0.0
2023-10-29 23:00:00+01:00,9.3,2.8,268.0,5.1
2023-10-30 00:00:00+01:00,9.7,1.7,255.0,4.2
2023-10-30 01:00:00+01:00,10.0,1.8,208.0,0.4
2023-10-30 02:00:00+01:00,9.5,1.5,229.0,0.0
2023-10-30 03:00:00+01:00,10.1,1.6,230.0,0.8
2023-10-30 04:00:00+01:00,10.1,2.0,235.0,0.0
2023-10-30 05:00:00+01:00,10.1,2.4,234.0,0.0
2023-10-30 06:00:00+01:00,10.3,2.6,239.0,0.1
2023-10-30 07:00:00+01:00,10.1,3.1,246.0,0.7
2023-10-30 08:00:00+01:00,10.3,2.6,243.0,0.0
2023-10-30 09:00:00+01:00,10.7,3.2,243.0,0.0
2023-10-30 10:00:00+01:00,12.0,2.3,233.0,0.0
2023-10-30 11:00:00+01:00,12.3,3.1,233.0,0.0
2023-10-30 12:00:00+01:00,13.0,2.9,232.0,0.0
2023-10-30 13:00:00+01:00,13.2,2.8,234.0,0.0
2023-10-30 14:00:00+01:00,13.2,2.2,220.0,0.0
2023-10-30 15:00:00+01:00,12.4,3.0,198.0,0.0
2023-10-30 16:00:00+01:00,11.4,2.9,197.0,0.0
2023-10-30 17:00:00+01:00,10.8,2.4,197.0,0.0
2023-10-30 18:00:00+01:00,10.9,2.4,194.0,0.0
2023-10-30 19:00:00+01:00,10.6,2.0,191.0,0.0
2023-10-30 20:00:00+01:00,10.2,2.2,183.0,0.0
2023-10-30 21:00:00+01:00,10.2,1.5,171.0,0.0
2023-10-30 22:00:00+01:00,9.7,1.3,175.0,0.0
2023-10-30 23:00:00+01:00,9.1,0.7,169.0,0.0
2023-10-31 00:00:00+01:00,9.0,0.8,180.0,0.0
2023-10-31 01:00:00+01:00,8.5,0.5,160.0,0.0
2023-10-31 02:00:00+01:00,8.4,0.0,0.0,0.0
2023-10-31 03:00:00+01:00,8.6,0.0,0.0,0.0
2023-10-31 04:00:00+01:00,9.5,1.3,123.0,0.3
2023-10-31 05:00:00+01:00,9.6,0.5,114.0,1.5
2023-10-31 06:00:00+01:00,9.8,1.0,97.0,1.4
2023-10-31 07:00:00+01:00,9.8,0.7,65.0,1.6
2023-10-31 08:00:00+01:00,9.8,0.0,0.0,2.3
2023-10-31 09:00:00+01:00,9.8,0.9,61.0,1.4
2023-10-31 10:00:00+01:00,10.0,0.9,52.0,1.2
2023-10-31 11:00:00+01:00,10.4,1.2,59.0,0.8
2023-10-31 12:00:00+01:00,10.6,0.7,11.0,0.3
2023-10-31 13:00:00+01:00,10.2,1.0,353.0,2.3
2023-10-31 14:00:00+01:00,9.6,3.6,334.0,1.4
2023-10-31 15:00:00+01:00,8.4,5.5,320.0,2.2
2023-10-31 16:00:00+01:00,7.2,7.3,315.0,2.0
2023-10-31 17:00:00+01:00,6.7,7.9,310.0,3.1
2023-10-31 18:00:00+01:00,6.1,6.5,309.0,2.6
2023-10-31 19:00:00+01:00,5.8,7.2,308.0,0.2
2023-10-31 20:00:00+01:00,5.9,6.0,304.0,0.0
2023-10-31 21:00:00+01:00,6.2,4.8,301.0,0.0
2023-10-31 22:00:00+01:00,6.0,5.6,300.0,0.0
2023-10-31 23:00:00+01:00,6.1,5.5,296.0,0.0
2023-11-01 00:00:00+01:00,5.3,4.5,284.0,0.0
2023-11-01 01:00:00+01:00,5.2,4.1,292.0,0.0
2023-11-01 02:00:00+01:00,4.7,4.6,282.0,0.0
2023-11-01 03:00:00+01:00,4.7,4.0,284.0,0.0
2023-11-01 04:00:00+01:00,4.4,3.4,283.0,0.0
2023-11-01 05:00:00+01:00,4.0,3.0,284.0,0.0
2023-11-01 06:00:00+01:00,3.7,2.3,282.0,0.0
2023-11-01 07:00:00+01:00,3.8,2.9,289.0,0.0
2023-11-01 08:00:00+01:00,3.7,1.4,266.0,0.0
2023-11-01 09:00:00+01:00,5.3,1.9,261.0,0.0
2023-11-01 10:00:00+01:00,6.7,1.0,252.0,0.0
2023-11-01 11:00:00+01:00,7.4,0.8,198.0,0.0
2023-11-01 12:00:00+01:00,7.7,1.5,193.0,0.0
2023-11-01 13:00:00+01:00,6.9,2.5,148.0,0.0
2023-11-01 14:00:00+01:00,6.8,3.4,155.0,0.0
2023-11-01 15:00:00+01:00,6.6,3.0,137.0,0.0
2023-11-01 16:00:00+01:00,6.5,3.3,120.0,0.0
2023-11-01 17:00:00+01:00,6.9,4.4,131.0,0.0
2023-11-01 18:00:00+01:00,7.0,5.3,132.0,0.0
2023-11-01 19:00:00+01:00,7.8,4.8,133.0,0.0
2023-11-01 20:00:00+01:00,8.3,4.6,135.0,0.7
2023-11-01 21:00:00+01:00,8.8,4.7,143.0,0.9
2023-11-01 22:00:00+01:00,9.4,3.5,151.0,0.4
2023-11-01 23:00:00+01:00,9.4,3.1,147.0,0.0
2023-11-02 00:00:00+01:00,9.5,3.0,148.0,0.0
2023-11-02 01:00:00+01:00,9.6,2.7,153.0,0.0
2023-11-02 02:00:00+01:00,9.6,3.2,147.0,0.0
2023-11-02 03:00:00+01:00,9.5,1.7,153.0,0.0
2023-11-02 04:00:00+01:00,9.3,3.1,141.0,0.0
2023-11-02 05:00:00+01:00,9.4,3.2,141.0,0.0
2023-11-02 06:00:00+01:00,9.4,2.6,144.0,0.0
2023-11-02 07:00:00+01:00,9.6,2.7,137.0,0.0
2023-11-02 08:00:00+01:00,9.5,3.0,139.0,0.0
2023-11-02 09:00:00+01:00,10.4,3.8,147.0,0.0
2023-11-02 10:00:00+01:00,10.9,4.8,146.0,0.0
2023-11-02 11:00:00+01:00,11.5,5.5,131.0,0.0
2023-11-02 12:00:00+01:00,11.3,5.3,134.0,0.0
2023-11-02 13:00:00+01:00,11.5,6.0,133.0,0.0
2023-11-02 14:00:00+01:00,11.2,5.6,129.0,0.0
2023-11-02 15:00:00+01:00,10.8,5.6,121.0,0.0
2023-11-02 16:00:00+01:00,11.2,5.9,119.0,0.0
2023-11-02 17:00:00+01:00,11.3,5.9,124.0,0.0
2023-11-02 18:00:00+01:00,11.1,6.6,122.0,0.0
2023-11-02 19:00:00+01:00,11.4,7.6,139.0,0.0
2023-11-02 20:00:00+01:00,10.9,6.0,133.0,0.3
2023-11-02 21:00:00+01:00,10.5,4.7,146.0,1.7
2023-11-02 22:00:00+01:00,10.4,4.1,131.0,2.6
2023-11-02 23:00:00+01:00,10.4,3.8,133.0,0.8
2023-11-03 00:00:00+01:00,10.3,3.9,118.0,0.7
2023-11-03 01:00:00+01:00,10.3,3.9,129.0,0.5
2023-11-03 02:00:00+01:00,10.3,3.9,128.0,0.5
2023-11-03 03:00:00+01:00,10.3,4.0,140.0,1.7
2023-11-03 04:00:00+01:00,10.4,4.4,153.0,1.6
2023-11-03 05:00:00+01:00,10.1,2.9,126.0,1.8
2023-11-03 06:00:00+01:00,9.9,2.7,138.0,0.1
2023-11-03 07:00:00+01:00,10.0,4.0,147.0,0.0
2023-11-03 08:00:00+01:00,10.2,3.2,151.0,0.0
2023-11-03 09:00:00+01:00,10.3,2.6,155.0,0.0
2023-11-03 10:00:00+01:00,10.5,2.9,162.0,0.0
2023-11-03 11:00:00+01:00,11.5,2.5,179.0,0.0
2023-11-03 12:00:00+01:00,11.8,3.6,188.0,0.0
2023-11-03 13:00:00+01:00,11.3,3.5,189.0,0.0
2023-11-03 14:00:00+01:00,10.9,3.3,184.0,0.0
2023-11-03 15:00:00+01:00,10.5,2.5,183.0,0.0
2023-11-03 16:00:00+01:00,10.0,1.9,179.0,0.0
2023-11-03 17:00:00+01:00,9.7,1.4,151.0,0.0
2023-11-03 18:00:00+01:00,9.5,0.7,162.0,0.0
2023-11-03 19:00:00+01:00,9.4,0.7,146.0,0.0
2023-11-03 20:00:00+01:00,9.2,1.0,160.0,0.0
2023-11-03 21:00:00+01:00,9.2,0.9,175.0,0.0
2023-11-03 22:00:00+01:00,9.3,0.7,173.0,0.0
2023-11-03 23:00:00+01:00,9.4,0.7,151.0,0.0
2023-11-04 00:00:00+01:00,9.2,0.8,181.0,0.0
2023-11-04 01:00:00+01:00,9.0,0.6,226.0,0.0
2023-11-04 02:00:00+01:00,8.8,0.6,228.0,0.0
2023-11-04 03:00:00+01:00,8.4,0.9,230.0,0.0
2023-11-04 04:00:00+01:00,8.1,0.9,237.0,0.0
2023-11-04 05:00:00+01:00,8.2,1.5,234.0,0.0
2023-11-04 06:00:00+01:00,8.0,1.7,242.0,0.0
2023-11-04 07:00:00+01:00,8.0,2.1,251.0,0.0
2023-11-04 08:00:00+01:00,8.3,2.7,247.0,0.0
2023-11-04 09:00:00+01:00,8.5,2.6,247.0,0.0
2023-11-04 10:00:00+01:00,8.9,1.3,243.0,0.0
2023-11-04 11:00:00+01:00,8.8,2.5,219.0,0.0
2023-11-04 12:00:00+01:00,8.9,2.3,228.0,0.0
2023-11-04 13:00:00+01:00,9.3,3.2,193.0,0.0
2023-11-04 14:00:00+01:00,9.2,2.6,193.0,0.0
2023-11-04 15:00:00+01:00,8.9,2.3,182.0,0.0
2023-11-04 16:00:00+01:00,8.8,2.5,154.0,0.0
2023-11-04 17:00:00+01:00,8.9,3.0,153.0,0.0
2023-11-04 18:00:00+01:00,9.1,3.4,154.0,0.0
2023-11-04 19:00:00+01:00,9.2,3.6,155.0,0.0
2023-11-04 20:00:00+01:00,8.9,3.6,145.0,0.0
2023-11-04 21:00:00+01:00,9.0,3.9,142.0,0.0
2023-11-04 22:00:00+01:00,9.2,4.4,145.0,0.0
2023-11-04 23:00:00+01:00,8.9,4.4,140.0,0.0
2023-11-05 00:00:00+01:00,8.8,4.6,136.0,0.0
2023-11-05 01:00:00+01:00,8.6,4.0,144.0,0.0
2023-11-05 02:00:00+01:00,8.5,3.7,131.0,0.0
2023-11-05 03:00:00+01:00,8.7,4.4,137.0,0.0
2023-11-05 04:00:00+01:00,8.2,4.1,122.0,0.1
2023-11-05 05:00:00+01:00,8.5,4.7,131.0,0.0
2023-11-05 06:00:00+01:00,8.6,4.9,134.0,0.0
2023-11-05 07:00:00+01:00,8.5,3.4,128.0,0.0
2023-11-05 08:00:00+01:00,8.5,3.6,135.0,0.0
2023-11-05 09:00:00+01:00,8.4,2.4,145.0,0.5
2023-11-05 10:00:00+01:00,8.7,3.0,142.0,0.6
2023-11-05 11:00:00+01:00,9.2,2.1,162.0,0.2
2023-11-05 12:00:00+01:00,9.6,2.6,159.0,0.0
2023-11-05 13:00:00+01:00,9.7,2.0,157.0,0.0
2023-11-05 14:00:00+01:00,9.9,1.4,146.0,0.0
2023-11-05 15:00:00+01:00,9.8,2.3,139.0,0.0
2023-11-05 16:00:00+01:00,9.7,1.9,136.0,0.0
2023-11-05 17:00:00+01:00,9.3,1.3,118.0,0.0
2023-11-05 18:00:00+01:00,9.4,1.2,133.0,0.0
2023-11-05 19:00:00+01:00,9.3,0.8,119.0,0.0
2023-11-05 20:00:00+01:00,9.2,0.0,0.0,0.5
2023-11-05 21:00:00+01:00,9.2,0.0,0.0,0.2
2023-11-05 22:00:00+01:00,9.1,0.0,0.0,0.0
2023-11-05 23:00:00+01:00,8.4,0.0,0.0,0.1
2023-11-06 00:00:00+01:00,8.3,0.0,0.0,0.0
2023-11-06 01:00:00+01:00,8.5,0.8,277.0,0.0
2023-11-06 02:00:00+01:00,9.0,1.0,266.0,0.1
2023-11-06 03:00:00+01:00,9.0,0.0,0.0,0.3
2023-11-06 04:00:00+01:00,8.8,0.0,0.0,0.0
2023-11-06 05:00:00+01:00,8.8,0.0,0.0,0.0
2023-11-06 06:00:00+01:00,9.1,0.0,0.0,0.0
2023-11-06 07:00:00+01:00,9.3,0.6,241.0,0.0
2023-11-06 08:00:00+01:00,9.6,1.5,248.0,0.0
2023-11-06 09:00:00+01:00,9.7,2.1,247.0,0.0
2023-11-06 10:00:00+01:00,10.3,3.8,259.0,0.0
2023-11-06 11:00:00+01:00,10.9,4.4,256.0,0.0
2023-11-06 12:00:00+01:00,11.1,3.6,252.0,0.0
2023-11-06 13:00:00+01:00,11.2,4.5,250.0,0.0
2023-11-06 14:00:00+01:00,11.0,4.2,252.0,0.0
2023-11-06 15:00:00+01:00,11.0,4.7,251.0,0.0
2023-11-06 16:00:00+01:00,10.0,3.4,247.0,0.0
2023-11-06 17:00:00+01:00,9.5,2.2,241.0,0.0
2023-11-06 18:00:00+01:00,9.7,2.2,241.0,0.0
2023-11-06 19:00:00+01:00,9.2,2.0,238.0,0.0
2023-11-06 20:00:00+01:00,9.6,2.4,240.0,0.0
2023-11-06 21:00:00+01:00,9.6,2.0,233.0,0.0
2023-11-06 22:00:00+01:00,9.3,2.0,226.0,0.1
2023-11-06 23:00:00+01:00,9.5,2.3,236.0,0.0
2023-11-07 00:00:00+01:00,9.5,2.5,237.0,0.0
2023-11-07 01:00:00+01:00,9.2,2.5,236.0,0.3
2023-11-07 02:00:00+01:00,9.2,2.2,243.0,0.1
2023-11-07 03:00:00+01:00,8.9,2.5,246.0,0.0
2023-11-07 04:00:00+01:00,8.6,2.7,241.0,0.0
2023-11-07 05:00:00+01:00,9.0,2.8,238.0,0.0
2023-11-07 06:00:00+01:00,8.9,2.3,243.0,0.0
2023-11-07 07:00:00+01:00,9.1,3.1,246.0,0.0
2023-11-07 08:00:00+01:00,9.4,2.7,245.0,0.0
2023-11-07 09:00:00+01:00,9.6,3.1,236.0,0.0
2023-11-07 10:00:00+01:00,9.8,3.3,243.0,0.0
2023-11-07 11:00:00+01:00,10.0,3.0,240.0,0.0
2023-11-07 12:00:00+01:00,10.0,3.1,244.0,0.0
2023-11-07 13:00:00+01:00,9.9,3.5,245.0,0.1
2023-11-07 14:00:00+01:00,10.0,3.0,240.0,0.0
2023-11-07 15:00:00+01:00,10.0,2.5,245.0,0.0
2023-11-07 16:00:00+01:00,9.6,2.4,241.0,0.4
2023-11-07 17:00:00+01:00,9.1,1.5,235.0,0.4
2023-11-07 18:00:00+01:00,8.7,1.9,237.0,0.0
2023-11-07 19:00:00+01:00,9.0,2.2,235.0,0.0
2023-11-07 20:00:00+01:00,9.1,1.7,239.0,0.0
2023-11-07 21:00:00+01:00,9.0,1.7,229.0,0.0
2023-11-07 22:00:00+01:00,9.1,1.8,227.0,0.0
2023-11-07 23:00:00+01:00,9.1,1.6,234.0,0.0
2023-11-08 00:00:00+01:00,9.0,1.2,238.0,0.0
2023-11-08 01:00:00+01:00,8.7,1.9,226.0,0.0
2023-11-08 02:00:00+01:00,8.9,1.9,228.0,0.0
2023-11-08 03:00:00+01:00,8.5,1.7,230.0,0.0
2023-11-08 04:00:00+01:00,8.7,1.7,232.0,0.0
2023-11-08 05:00:00+01:00,8.6,1.9,227.0,0.0
2023-11-08 06:00:00+01:00,8.6,1.9,231.0,0.0
2023-11-08 07:00:00+01:00,8.4,1.9,234.0,0.1
2023-11-08 08:00:00+01:00,8.7,2.1,237.0,0.0
2023-11-08 09:00:00+01:00,8.6,2.5,237.0,0.3
2023-11-08 10:00:00+01:00,8.9,2.4,240.0,1.4
2023-11-08 11:00:00+01:00,9.4,2.4,249.0,0.0
2023-11-08 12:00:00+01:00,10.1,4.1,250.0,0.0
2023-11-08 13:00:00+01:00,10.4,3.8,253.0,0.0
2023-11-08 14:00:00+01:00,10.6,3.7,246.0,0.0
2023-11-08 15:00:00+01:00,10.2,4.3,250.0,0.1
2023-11-08 16:00:00+01:00,9.5,3.2,246.0,0.0
2023-11-08 17:00:00+01:00,9.1,3.0,244.0,0.0
2023-11-08 18:00:00+01:00,9.1,3.0,247.0,0.0
2023-11-08 19:00:00+01:00,9.3,2.7,239.0,0.0
2023-11-08 20:00:00+01:00,8.8,1.8,236.0,0.0
2023-11-08 21:00:00+01:00,8.8,2.0,220.0,0.0
2023-11-08 22:00:00+01:00,8.3,1.7,218.0,0.0
2023-11-08 23:00:00+01:00,8.6,2.4,191.0,0.0
2023-11-09 00:00:00+01:00,8.8,2.7,192.0,0.0
2023-11-09 01:00:00+01:00,9.0,3.0,192.0,0.0
2023-11-09 02:00:00+01:00,9.0,2.7,195.0,0.1
2023-11-09 03:00:00+01:00,9.1,3.1,192.0,0.0
2023-11-09 04:00:00+01:00,8.9,2.7,193.0,0.0
2023-11-09 05:00:00+01:00,8.7,3.7,198.0,0.0
2023-11-09 06:00:00+01:00,8.4,3.6,188.0,0.0
2023-11-09 07:00:00+01:00,8.4,3.4,181.0,0.1
2023-11-09 08:00:00+01:00,8.5,3.6,189.0,0.0
2023-11-09 09:00:00+01:00,8.6,3.7,188.0,1.4
2023-11-09 10:00:00+01:00,8.9,3.9,191.0,1.7
2023-11-09 11:00:00+01:00,9.1,3.8,195.0,0.5
2023-11-09 12:00:00+01:00,9.1,3.5,193.0,0.8
2023-11-09 13:00:00+01:00,9.1,3.2,199.0,0.7
2023-11-09 14:00:00+01:00,9.2,3.9,205.0,0.3
2023-11-09 15:00:00+01:00,9.3,3.2,206.0,0.2
2023-11-09 16:00:00+01:00,9.4,3.0,208.0,0.0
2023-11-09 17:00:00+01:00,9.6,3.0,202.0,0.0
2023-11-09 18:00:00+01:00,9.6,3.5,202.0,0.0
2023-11-09 19:00:00+01:00,9.5,3.5,202.0,0.4
2023-11-09 20:00:00+01:00,9.3,1.8,230.0,0.3
2023-11-09 21:00:00+01:00,8.7,2.5,245.0,0.1
2023-11-09 22:00:00+01:00,8.0,1.5,242.0,0.0
2023-11-09 23:00:00+01:00,8.7,1.0,235.0,0.0
2023-11-10 00:00:00+01:00,8.6,1.3,219.0,0.0
2023-11-10 01:00:00+01:00,8.3,1.9,201.0,0.0
2023-11-10 02:00:00+01:00,7.7,0.7,186.0,0.0
2023-11-10 03:00:00+01:00,7.1,0.8,168.0,0.0
2023-11-10 04:00:00+01:00,6.4,1.1,162.0,0.0
2023-11-10 05:00:00+01:00,7.0,1.1,163.0,0.0
2023-11-10 06:00:00+01:00,8.2,2.5,152.0,0.0
2023-11-10 07:00:00+01:00,8.4,2.8,171.0,0.2
2023-11-10 08:00:00+01:00,7.9,3.6,212.0,0.2
2023-11-10 09:00:00+01:00,7.6,2.1,216.0,0.0
2023-11-10 10:00:00+01:00,8.3,2.2,219.0,0.0
2023-11-10 11:00:00+01:00,9.3,2.6,226.0,0.0
2023-11-10 12:00:00+01:00,9.7,3.2,221.0,0.0
2023-11-10 13:00:00+01:00,8.8,3.3,217.0,0.0
2023-11-10 14:00:00+01:00,8.3,3.0,208.0,0.1
2023-11-10 15:00:00+01:00,8.3,2.3,234.0,0.0
2023-11-10 16:00:00+01:00,7.8,2.0,226.0,0.0
2023-11-10 17:00:00+01:00,6.9,1.3,201.0,0.0
2023-11-10 18:00:00+01:00,7.2,1.6,197.0,0.0
2023-11-10 19:00:00+01:00,7.9,1.7,197.0,0.0
2023-11-10 20:00:00+01:00,8.0,1.4,202.0,0.0
2023-11-10 21:00:00+01:00,8.2,1.2,223.0,0.0
2023-11-10 22:00:00+01:00,8.3,1.2,214.0,0.0
2023-11-10 23:00:00+01:00,7.3,0.9,194.0,0.0
2023-11-11 00:00:00+01:00,6.1,0.0,0.0,0.0
2023-11-11 01:00:00+01:00,7.2,1.2,158.0,0.0
2023-11-11 02:00:00+01:00,7.4,1.0,171.0,0.0
2023-11-11 03:00:00+01:00,7.6,1.5,144.0,0.0
2023-11-11 04:00:00+01:00,7.4,1.5,138.0,0.0
2023-11-11 05:00:00+01:00,7.4,1.4,127.0,0.0
2023-11-11 06:00:00+01:00,7.2,1.9,118.0,0.0
2023-11-11 07:00:00+01:00,6.9,1.8,129.0,0.0
2023-11-11 08:00:00+01:00,7.0,1.3,112.0,0.0
2023-11-11 09:00:00+01:00,7.5,1.2,131.0,0.0
2023-11-11 10:00:00+01:00,8.5,1.8,136.0,0.0
2023-11-11 11:00:00+01:00,8.8,2.2,135.0,0.0
2023-11-11 12:00:00+01:00,9.2,2.2,152.0,0.0
2023-11-11 13:00:00+01:00,9.6,2.4,166.0,0.0
2023-11-11 14:00:00+01:00,9.2,1.6,158.0,0.0
2023-11-11 15:00:00+01:00,9.0,1.0,148.0,0.0
2023-11-11 16:00:00+01:00,8.7,0.9,168.0,0.0
2023-11-11 17:00:00+01:00,8.1,0.0,0.0,0.0
2023-11-11 18:00:00+01:00,7.7,1.1,115.0,0.0
2023-11-11 19:00:00+01:00,7.5,0.9,128.0,0.0
2023-11-11 20:00:00+01:00,7.3,1.2,114.0,0.0
2023-11-11 21:00:00+01:00,6.9,0.0,0.0,0.0
2023-11-11 22:00:00+01:00,6.7,1.1,104.0,0.0
2023-11-11 23:00:00+01:00,6.7,0.0,0.0,0.0
2023-11-12 00:00:00+01:00,6.0,0.0,0.0,0.0
2023-11-12 01:00:00+01:00,6.4,0.7,103.0,0.0
2023-11-12 02:00:00+01:00,6.2,0.0,0.0,0.0
2023-11-12 03:00:00+01:00,6.1,0.9,113.0,0.0
2023-11-12 04:00:00+01:00,6.1,0.6,93.0,0.0
2023-11-12 05:00:00+01:00,6.2,0.0,0.0,0.0
2023-11-12 06:00:00+01:00,6.0,0.9,81.0,0.0
2023-11-12 07:00:00+01:00,4.7,0.7,94.0,0.0
2023-11-12 08:00:00+01:00,4.5,0.0,0.0,0.0
2023-11-12 09:00:00+01:00,5.8,0.0,0.0,0.0
2023-11-12 10:00:00+01:00,6.6,0.6,114.0,0.0
2023-11-12 11:00:00+01:00,7.4,0.8,109.0,0.0
2023-11-12 12:00:00+01:00,8.2,1.7,144.0,0.0
2023-11-12 13:00:00+01:00,8.7,0.6,150.0,0.0
2023-11-12 14:00:00+01:00,8.5,0.9,265.0,0.0
2023-11-12 15:00:00+01:00,8.0,1.2,250.0,0.0
2023-11-12 16:00:00+01:00,7.5,0.0,0.0,0.0
2023-11-12 17:00:00+01:00,6.9,0.0,0.0,0.0
2023-11-12 18:00:00+01:00,5.9,1.5,60.0,0.0
2023-11-12 19:00:00+01:00,5.1,0.6,64.0,0.0
2023-11-12 20:00:00+01:00,5.4,1.5,108.0,0.0
2023-11-12 21:00:00+01:00,5.0,0.6,81.0,0.0
2023-11-12 22:00:00+01:00,5.3,0.7,144.0,0.0
2023-11-12 23:00:00+01:00,4.7,0.0,0.0,0.0
2023-11-13 00:00:00+01:00,3.7,0.0,0.0,0.0
2023-11-13 01:00:00+01:00,3.2,0.0,0.0,0.0
2023-11-13 02:00:00+01:00,1.9,0.0,0.0,0.0
2023-11-13 03:00:00+01:00,1.3,0.0,0.0,0.0
2023-11-13 04:00:00+01:00,2.0,0.0,0.0,0.0
2023-11-13 05:00:00+01:00,2.7,0.0,0.0,0.0
2023-11-13 06:00:00+01:00,1.2,0.0,0.0,0.0
2023-11-13 07:00:00+01:00,0.3,0.0,0.0,0.0
2023-11-13 08:00:00+01:00,0.1,0.0,0.0,0.0
2023-11-13 09:00:00+01:00,2.8,0.0,0.0,0.0
2023-11-13 10:00:00+01:00,4.5,0.0,0.0,0.0
2023-11-13 11:00:00+01:00,6.1,1.4,117.0,0.0
2023-11-13 12:00:00+01:00,7.9,2.4,109.0,0.0
2023-11-13 13:00:00+01:00,8.1,3.2,119.0,0.0
2023-11-13 14:00:00+01:00,7.6,3.0,138.0,0.0
2023-11-13 15:00:00+01:00,7.2,3.6,129.0,0.0
2023-11-13 16:00:00+01:00,6.6,3.8,115.0,0.0
2023-11-13 17:00:00+01:00,6.6,3.8,120.0,0.0
2023-11-13 18:00:00+01:00,6.4,3.3,119.0,0.0
2023-11-13 19:00:00+01:00,6.8,2.7,130.0,0.0
2023-11-13 20:00:00+01:00,7.0,3.8,124.0,0.0
2023-11-13 21:00:00+01:00,7.3,4.5,122.0,0.0
2023-11-13 22:00:00+01:00,7.4,5.8,119.0,0.0
2023-11-13 23:00:00+01:00,6.0,5.1,144.0,0.7
2023-11-14 00:00:00+01:00,5.4,5.3,124.0,0.4
2023-11-14 01:00:00+01:00,5.4,6.2,117.0,0.4
2023-11-14 02:00:00+01:00,5.4,5.8,107.0,0.0
2023-11-14 03:00:00+01:00,5.5,5.6,108.0,0.0
2023-11-14 04:00:00+01:00,5.5,5.2,102.0,0.8
2023-11-14 05:00:00+01:00,5.8,5.7,104.0,1.1
2023-11-14 06:00:00+01:00,5.9,6.2,106.0,1.2
2023-11-14 07:00:00+01:00,5.7,5.2,99.0,1.0
2023-11-14 08:00:00+01:00,5.7,5.1,97.0,0.8
2023-11-14 09:00:00+01:00,5.8,5.6,99.0,0.5
2023-11-14 10:00:00+01:00,6.0,5.2,98.0,0.3
2023-11-14 11:00:00+01:00,6.2,4.7,89.0,0.2
2023-11-14 12:00:00+01:00,6.9,4.7,79.0,0.0
2023-11-14 13:00:00+01:00,7.3,4.9,79.0,0.0
2023-11-14 14:00:00+01:00,7.3,4.9,76.0,0.0
2023-11-14 15:00:00+01:00,7.4,4.2,73.0,0.0
2023-11-14 16:00:00+01:00,6.9,4.8,74.0,0.0
2023-11-14 17:00:00+01:00,6.6,3.4,70.0,0.0
2023-11-14 18:00:00+01:00,6.2,3.6,63.0,0.0
2023-11-14 19:00:00+01:00,5.5,3.6,61.0,0.1
2023-11-14 20:00:00+01:00,5.2,3.4,63.0,0.1
2023-11-14 21:00:00+01:00,5.3,2.6,55.0,0.0
2023-11-14 22:00:00+01:00,5.2,2.9,56.0,0.0
2023-11-14 23:00:00+01:00,5.0,2.6,53.0,0.2
2023-11-15 00:00:00+01:00,5.0,2.6,58.0,0.3
2023-11-15 01:00:00+01:00,5.1,3.4,61.0,0.3
2023-11-15 02:00:00+01:00,4.8,2.6,54.0,1.2
2023-11-15 03:00:00+01:00,4.6,1.7,42.0,0.1
2023-11-15 04:00:00+01:00,4.1,1.8,41.0,0.0
2023-11-15 05:00:00+01:00,3.9,2.4,40.0,0.0
2023-11-15 06:00:00+01:00,3.4,1.8,46.0,0.0
2023-11-15 07:00:00+01:00,2.9,1.1,32.0,0.0
2023-11-15 08:00:00+01:00,2.6,0.9,14.0,0.0
2023-11-15 09:00:00+01:00,3.9,0.9,11.0,0.0
2023-11-15 10:00:00+01:00,4.7,2.0,32.0,0.0
2023-11-15 11:00:00+01:00,4.7,2.6,56.0,0.0
2023-11-15 12:00:00+01:00,5.5,1.7,73.0,0.0
2023-11-15 13:00:00+01:00,5.6,1.0,95.0,0.0
2023-11-15 14:00:00+01:00,6.1,0.7,253.0,0.0
2023-11-15 15:00:00+01:00,5.8,0.6,301.0,0.0
2023-11-15 16:00:00+01:00,5.6,0.7,212.0,0.0
2023-11-15 17:00:00+01:00,5.4,0.9,175.0,0.0
2023-11-15 18:00:00+01:00,5.2,0.5,110.0,0.0
2023-11-15 19:00:00+01:00,4.8,1.5,102.0,0.0
2023-11-15 20:00:00+01:00,4.5,1.7,90.0,0.0
2023-11-15 21:00:00+01:00,4.5,3.0,111.0,0.0
2023-11-15 22:00:00+01:00,4.3,3.3,107.0,0.1
2023-11-15 23:00:00+01:00,4.4,4.3,105.0,0.5
2023-11-16 00:00:00+01:00,4.6,3.8,98.0,0.5
2023-11-16 01:00:00+01:00,4.6,4.8,102.0,1.8
2023-11-16 02:00:00+01:00,4.3,6.0,103.0,4.8
2023-11-16 03:00:00+01:00,4.4,6.1,96.0,6.1
2023-11-16 04:00:00+01:00,4.5,6.3,101.0,6.1
2023-11-16 05:00:00+01:00,4.5,7.1,97.0,5.5
2023-11-16 06:00:00+01:00,4.3,8.4,99.0,8.4
2023-11-16 07:00:00+01:00,4.9,5.2,90.0,6.8
2023-11-16 08:00:00+01:00,5.1,3.6,86.0,0.9
2023-11-16 09:00:00+01:00,5.5,4.3,85.0,2.1
2023-11-16 10:00:00+01:00,5.6,4.4,85.0,2.4
2023-11-16 11:00:00+01:00,5.8,4.5,79.0,1.4
2023-11-16 12:00:00+01:00,6.2,3.7,71.0,0.4
2023-11-16 13:00:00+01:00,7.3,1.9,99.0,0.4
2023-11-16 14:00:00+01:00,7.5,3.8,101.0,0.0
2023-11-16 15:00:00+01:00,6.5,2.1,88.0,0.0
2023-11-16 16:00:00+01:00,6.5,3.0,85.0,0.0
2023-11-16 17:00:00+01:00,6.1,3.0,69.0,0.0
2023-11-16 18:00:00+01:00,5.9,3.8,65.0,0.0
2023-11-16 19:00:00+01:00,5.3,3.4,68.0,0.0
2023-11-16 20:00:00+01:00,5.4,2.7,60.0,0.0
2023-11-16 21:00:00+01:00,5.3,3.4,61.0,0.1
2023-11-16 22:00:00+01:00,4.8,1.9,47.0,0.0
2023-11-16 23:00:00+01:00,4.4,1.8,34.0,0.0
2023-11-17 00:00:00+01:00,4.2,1.8,43.0,0.0
2023-11-17 01:00:00+01:00,4.5,2.7,46.0,0.0
2023-11-17 02:00:00+01:00,4.3,1.5,21.0,0.1
2023-11-17 03:00:00+01:00,3.7,1.3,38.0,0.0
2023-11-17 04:00:00+01:00,3.9,2.3,44.0,0.1
2023-11-17 05:00:00+01:00,3.6,3.1,36.0,0.0
2023-11-17 06:00:00+01:00,3.7,3.3,53.0,0.0
2023-11-17 07:00:00+01:00,3.4,2.9,58.0,0.0
2023-11-17 08:00:00+01:00,3.4,3.1,63.0,0.0
2023-11-17 09:00:00+01:00,3.7,3.3,58.0,0.0
2023-11-17 10:00:00+01:00,4.9,4.8,61.0,0.0
2023-11-17 11:00:00+01:00,5.0,4.8,65.0,0.0
2023-11-17 12:00:00+01:00,4.9,4.9,60.0,0.0
2023-11-17 13:00:00+01:00,5.0,3.7,55.0,0.0
2023-11-17 14:00:00+01:00,4.6,2.2,38.0,0.0
2023-11-17 15:00:00+01:00,4.7,3.9,61.0,0.0
2023-11-17 16:00:00+01:00,4.0,2.0,42.0,0.0
2023-11-17 17:00:00+01:00,3.6,3.1,60.0,0.0
2023-11-17 18:00:00+01:00,3.3,1.8,34.0,0.0
2023-11-17 19:00:00+01:00,2.7,1.2,15.0,0.0
2023-11-17 20:00:00+01:00,2.7,1.2,35.0,0.0
2023-11-17 21:00:00+01:00,2.2,0.9,13.0,0.0
2023-11-17 22:00:00+01:00,1.7,0.8,3.0,0.0
2023-11-17 23:00:00+01:00,1.7,1.0,10.0,0.0
2023-11-18 00:00:00+01:00,0.3,0.8,23.0,0.0
2023-11-18 01:00:00+01:00,-0.8,0.0,0.0,0.0
2023-11-18 02:00:00+01:00,-1.3,0.0,0.0,0.0
2023-11-18 03:00:00+01:00,-1.6,0.6,331.0,0.0
2023-11-18 04:00:00+01:00,-2.3,0.0,0.0,0.0
2023-11-18 05:00:00+01:00,-2.9,0.0,0.0,0.0
2023-11-18 06:00:00+01:00,-3.0,0.0,0.0,0.0
2023-11-18 07:00:00+01:00,-3.7,0.0,0.0,0.0
2023-11-18 08:00:00+01:00,-3.8,0.0,0.0,0.0
2023-11-18 09:00:00+01:00,-1.8,0.0,0.0,0.0
2023-11-18 10:00:00+01:00,0.3,0.8,71.0,0.0
2023-11-18 11:00:00+01:00,1.5,1.0,74.0,0.0
2023-11-18 12:00:00+01:00,2.3,1.0,82.0,0.0
2023-11-18 13:00:00+01:00,2.8,1.4,75.0,0.0
2023-11-18 14:00:00+01:00,3.1,1.0,83.0,0.0
2023-11-18 15:00:00+01:00,2.6,0.6,94.0,0.0
2023-11-18 16:00:00+01:00,-0.1,1.3,97.0,0.0
2023-11-18 17:00:00+01:00,-0.9,1.0,126.0,0.0
2023-11-18 18:00:00+01:00,-1.4,0.9,101.0,0.0
2023-11-18 19:00:00+01:00,-0.3,1.9,100.0,0.0
2023-11-18 20:00:00+01:00,0.5,2.4,108.0,0.0
2023-11-18 21:00:00+01:00,0.8,2.5,111.0,0.0
2023-11-18 22:00:00+01:00,1.1,1.6,116.0,0.0
2023-11-18 23:00:00+01:00,1.6,2.2,107.0,0.0
2023-11-19 00:00:00+01:00,2.4,2.2,115.0,0.0
2023-11-19 01:00:00+01:00,3.9,2.9,135.0,0.0
2023-11-19 02:00:00+01:00,4.3,3.2,135.0,0.0
2023-11-19 03:00:00+01:00,4.8,4.1,146.0,0.0
2023-11-19 04:00:00+01:00,5.1,4.3,144.0,0.0
2023-11-19 05:00:00+01:00,5.1,4.4,134.0,0.0
2023-11-19 06:00:00+01:00,5.2,5.1,135.0,0.0
2023-11-19 07:00:00+01:00,5.1,5.1,133.0,0.0
2023-11-19 08:00:00+01:00,4.9,7.1,135.0,0.1
2023-11-19 09:00:00+01:00,4.8,6.1,131.0,0.2
2023-11-19 10:00:00+01:00,4.7,5.4,132.0,0.6
2023-11-19 11:00:00+01:00,4.5,6.3,135.0,0.4
2023-11-19 12:00:00+01:00,4.2,6.3,134.0,0.1
2023-11-19 13:00:00+01:00,4.3,5.7,128.0,0.0
2023-11-19 14:00:00+01:00,4.3,4.8,121.0,0.0
2023-11-19 15:00:00+01:00,4.4,4.5,112.0,0.0
2023-11-19 16:00:00+01:00,4.5,4.2,107.0,0.0
2023-11-19 17:00:00+01:00,4.3,3.2,99.0,0.0
2023-11-19 18:00:00+01:00,3.7,4.1,100.0,0.0
2023-11-19 19:00:00+01:00,3.7,4.9,104.0,0.0
2023-11-19 20:00:00+01:00,3.8,4.3,101.0,0.0
2023-11-19 21:00:00+01:00,4.0,4.1,100.0,0.0
2023-11-19 22:00:00+01:00,4.0,4.0,100.0,0.0
2023-11-19 23:00:00+01:00,4.1,4.1,105.0,0.0
2023-11-20 00:00:00+01:00,4.2,3.3,96.0,0.0
2023-11-20 01:00:00+01:00,4.3,3.0,94.0,0.0
2023-11-20 02:00:00+01:00,4.2,2.2,89.0,0.0
2023-11-20 03:00:00+01:00,4.4,3.3,101.0,0.0
2023-11-20 04:00:00+01:00,4.5,2.8,98.0,0.0
2023-11-20 05:00:00+01:00,4.5,2.8,98.0,0.0
2023-11-20 06:00:00+01:00,4.6,2.1,97.0,0.0
2023-11-20 07:00:00+01:00,4.6,1.7,83.0,0.0
2023-11-20 08:00:00+01:00,4.9,3.1,104.0,0.0
2023-11-20 09:00:00+01:00,4.9,1.9,97.0,0.0
2023-11-20 10:00:00+01:00,5.2,2.2,94.0,0.2
2023-11-20 11:00:00+01:00,5.8,1.3,84.0,0.0
2023-11-20 12:00:00+01:00,6.0,1.8,97.0,0.0
2023-11-20 13:00:00+01:00,5.7,1.8,61.0,0.0
2023-11-20 14:00:00+01:00,5.7,2.3,78.0,0.0
2023-11-20 15:00:00+01:00,5.5,2.6,68.0,0.0
2023-11-20 16:00:00+01:00,5.2,3.0,67.0,0.0
2023-11-20 17:00:00+01:00,5.1,2.8,62.0,0.0
2023-11-20 18:00:00+01:00,4.7,2.5,61.0,0.0
2023-11-20 19:00:00+01:00,4.5,1.7,55.0,0.0
2023-11-20 20:00:00+01:00,4.6,1.8,63.0,0.0
2023-11-20 21:00:00+01:00,4.5,2.3,61.0,0.0
2023-11-20 22:00:00+01:00,4.5,2.0,57.0,0.0
2023-11-20 23:00:00+01:00,4.3,1.5,49.0,0.0
2023-11-21 00:00:00+01:00,3.6,2.1,59.0,0.0
2023-11-21 01:00:00+01:00,3.3,2.7,61.0,0.0
2023-11-21 02:00:00+01:00,2.9,3.3,65.0,0.0
2023-11-21 03:00:00+01:00,3.0,2.7,57.0,0.0
2023-11-21 04:00:00+01:00,3.3,2.0,56.0,0.0
2023-11-21 05:00:00+01:00,3.4,1.5,41.0,0.0
2023-11-21 06:00:00+01:00,3.4,1.9,52.0,0.0
2023-11-21 07:00:00+01:00,3.5,2.2,64.0,0.0
2023-11-21 08:00:00+01:00,3.5,1.8,53.0,0.0
2023-11-21 09:00:00+01:00,3.5,4.2,65.0,0.0
2023-11-21 10:00:00+01:00,3.6,4.0,66.0,0.0
2023-11-21 11:00:00+01:00,3.2,3.4,74.0,0.0
2023-11-21 12:00:00+01:00,3.5,2.8,64.0,0.0
2023-11-21 13:00:00+01:00,2.9,3.7,77.0,0.0
2023-11-21 14:00:00+01:00,3.1,1.4,58.0,0.0
2023-11-21 15:00:00+01:00,3.6,2.7,63.0,0.0
2023-11-21 16:00:00+01:00,3.1,2.2,62.0,0.0
2023-11-21 17:00:00+01:00,1.9,1.6,69.0,0.0
2023-11-21 18:00:00+01:00,0.6,1.2,74.0,0.0
2023-11-21 19:00:00+01:00,0.6,0.6,56.0,0.0
2023-11-21 20:00:00+01:00,-0.6,0.0,0.0,0.0
2023-11-21 21:00:00+01:00,-1.4,0.0,0.0,0.0
2023-11-21 22:00:00+01:00,-2.0,0.0,0.0,0.0
2023-11-21 23:00:00+01:00,-1.8,0.0,0.0,0.0
2023-11-22 00:00:00+01:00,-2.2,0.0,0.0,0.0
2023-11-22 01:00:00+01:00,-2.5,0.8,312.0,0.0
2023-11-22 02:00:00+01:00,-3.3,0.7,331.0,0.0
2023-11-22 03:00:00+01:00,-3.7,0.0,0.0,0.0
2023-11-22 04:00:00+01:00,-4.1,0.0,0.0,0.0
2023-11-22 05:00:00+01:00,-4.4,0.0,0.0,0.0
2023-11-22 06:00:00+01:00,-4.4,0.0,0.0,0.0
2023-11-22 07:00:00+01:00,-4.0,0.0,0.0,0.0
2023-11-22 08:00:00+01:00,-3.2,0.0,0.0,0.0
2023-11-22 09:00:00+01:00,-1.2,0.7,175.0,0.0
2023-11-22 10:00:00+01:00,0.3,0.0,0.0,0.0
2023-11-22 11:00:00+01:00,1.7,1.2,225.0,0.0
2023-11-22 12:00:00+01:00,3.9,2.3,237.0,0.0
2023-11-22 13:00:00+01:00,4.5,3.1,237.0,0.0
2023-11-22 14:00:00+01:00,4.5,3.5,235.0,0.0
2023-11-22 15:00:00+01:00,4.4,4.8,240.0,0.0
2023-11-22 16:00:00+01:00,4.4,4.0,239.0,0.0
2023-11-22 17:00:00+01:00,4.4,6.6,245.0,0.0
2023-11-22 18:00:00+01:00,3.9,4.6,227.0,0.0
2023-11-22 19:00:00+01:00,4.5,4.3,228.0,0.0
2023-11-22 20:00:00+01:00,4.3,5.3,230.0,0.0
2023-11-22 21:00:00+01:00,4.1,5.4,223.0,0.0
2023-11-22 22:00:00+01:00,4.0,5.5,235.0,0.0
2023-11-22 23:00:00+01:00,4.4,6.0,242.0,0.0
2023-11-23 00:00:00+01:00,5.4,6.5,245.0,0.0
2023-11-23 01:00:00+01:00,6.0,6.0,250.0,0.0
2023-11-23 02:00:00+01:00,7.0,5.6,251.0,0.2
2023-11-23 03:00:00+01:00,8.5,6.4,255.0,0.0
2023-11-23 04:00:00+01:00,9.4,8.5,260.0,0.0
2023-11-23 05:00:00+01:00,9.9,8.0,259.0,0.1
2023-11-23 06:00:00+01:00,10.2,8.7,261.0,0.0
2023-11-23 07:00:00+01:00,10.5,7.9,263.0,0.0
2023-11-23 08:00:00+01:00,10.3,8.2,266.0,0.0
2023-11-23 09:00:00+01:00,9.8,5.9,284.0,1.7
2023-11-23 10:00:00+01:00,10.1,6.2,276.0,4.7
2023-11-23 11:00:00+01:00,9.9,9.3,285.0,0.8
2023-11-23 12:00:00+01:00,9.2,7.7,287.0,0.5
2023-11-23 13:00:00+01:00,8.8,5.7,288.0,1.6
2023-11-23 14:00:00+01:00,9.2,6.3,286.0,0.1
2023-11-23 15:00:00+01:00,9.4,9.0,291.0,0.0
2023-11-23 16:00:00+01:00,8.9,4.9,307.0,0.0
2023-11-23 17:00:00+01:00,5.8,6.2,303.0,0.4
2023-11-23 18:00:00+01:00,6.8,8.4,293.0,0.0
2023-11-23 19:00:00+01:00,7.1,10.1,292.0,0.0
2023-11-23 20:00:00+01:00,6.7,8.8,295.0,0.0
2023-11-23 21:00:00+01:00,6.1,8.8,290.0,0.0
2023-11-23 22:00:00+01:00,6.3,9.0,294.0,0.0
2023-11-23 23:00:00+01:00,6.0,10.0,301.0,0.0
2023-11-24 00:00:00+01:00,5.8,8.1,301.0,0.0
2023-11-24 01:00:00+01:00,5.3,9.9,303.0,0.0
2023-11-24 02:00:00+01:00,5.1,7.4,302.0,0.0
2023-11-24 03:00:00+01:00,4.5,6.1,314.0,0.1
2023-11-24 04:00:00+01:00,4.9,7.7,310.0,0.0
2023-11-24 05:00:00+01:00,4.8,7.7,309.0,0.0
2023-11-24 06:00:00+01:00,4.2,5.7,296.0,0.0
2023-11-24 07:00:00+01:00,4.0,6.4,293.0,0.0
2023-11-24 08:00:00+01:00,3.7,4.1,285.0,0.0
2023-11-24 09:00:00+01:00,4.2,4.2,282.0,0.0
2023-11-24 10:00:00+01:00,4.1,7.2,286.0,0.0
2023-11-24 11:00:00+01:00,4.8,6.6,288.0,0.0
2023-11-24 12:00:00+01:00,3.7,6.6,302.0,0.1
2023-11-24 13:00:00+01:00,3.5,2.5,7.0,0.1
2023-11-24 14:00:00+01:00,2.0,1.3,354.0,0.3
2023-11-24 15:00:00+01:00,3.0,2.3,320.0,0.0
2023-11-24 16:00:00+01:00,2.6,2.4,347.0,0.0
2023-11-24 17:00:00+01:00,1.4,2.3,353.0,0.0
2023-11-24 18:00:00+01:00,0.9,1.9,348.0,0.0
2023-11-24 19:00:00+01:00,1.5,3.5,347.0,0.0
2023-11-24 20:00:00+01:00,1.0,4.7,347.0,0.0
2023-11-24 21:00:00+01:00,0.9,3.7,342.0,0.0
2023-11-24 22:00:00+01:00,0.8,4.3,342.0,0.0
2023-11-24 23:00:00+01:00,1.3,4.2,340.0,0.0
2023-11-25 00:00:00+01:00,1.5,4.7,340.0,0.0
2023-11-25 01:00:00+01:00,1.1,2.4,353.0,0.0
2023-11-25 02:00:00+01:00,1.1,3.2,340.0,0.0
2023-11-25 03:00:00+01:00,1.0,1.8,327.0,0.0
2023-11-25 04:00:00+01:00,0.4,1.2,344.0,0.0
2023-11-25 05:00:00+01:00,-0.9,0.0,0.0,0.0
2023-11-25 06:00:00+01:00,-1.2,0.0,0.0,0.0
2023-11-25 07:00:00+01:00,0.7,1.3,344.0,0.0
2023-11-25 08:00:00+01:00,0.1,0.0,0.0,0.2
2023-11-25 09:00:00+01:00,0.8,0.7,360.0,0.0
2023-11-25 10:00:00+01:00,0.7,1.1,24.0,0.0
2023-11-25 11:00:00+01:00,1.2,2.2,33.0,0.0
2023-11-25 12:00:00+01:00,1.7,2.0,10.0,0.0
2023-11-25 13:00:00+01:00,1.0,2.9,11.0,0.0
2023-11-25 14:00:00+01:00,0.1,3.4,9.0,0.0
2023-11-25 15:00:00+01:00,-0.4,2.6,11.0,0.0
2023-11-25 16:00:00+01:00,-1.5,1.0,16.0,0.0
2023-11-25 17:00:00+01:00,-2.8,0.9,352.0,0.0
2023-11-25 18:00:00+01:00,-3.2,0.8,358.0,0.0
2023-11-25 19:00:00+01:00,-3.4,1.3,351.0,0.0
2023-11-25 20:00:00+01:00,-3.3,1.2,3.0,0.0
2023-11-25 21:00:00+01:00,-3.6,1.9,2.0,0.0
2023-11-25 22:00:00+01:00,-4.2,1.3,10.0,0.0
2023-11-25 23:00:00+01:00,-5.1,1.4,349.0,0.0
2023-11-26 00:00:00+01:00,-5.0,1.6,346.0,0.0
2023-11-26 01:00:00+01:00,-5.1,1.4,354.0,0.0
2023-11-26 02:00:00+01:00,-5.2,0.5,360.0,0.0
2023-11-26 03:00:00+01:00,-5.8,0.0,0.0,0.0
2023-11-26 04:00:00+01:00,-5.6,0.6,348.0,0.0
2023-11-26 05:00:00+01:00,-5.6,0.6,56.0,0.0
2023-11-26 06:00:00+01:00,-5.7,0.0,0.0,0.0
2023-11-26 07:00:00+01:00,-5.4,0.0,0.0,0.0
2023-11-26 08:00:00+01:00,-3.8,0.7,300.0,0.0
2023-11-26 09:00:00+01:00,-3.4,0.0,0.0,0.0
2023-11-26 10:00:00+01:00,-0.4,0.0,0.0,0.0
2023-11-26 11:00:00+01:00,1.8,2.4,332.0,0.0
2023-11-26 12:00:00+01:00,1.3,2.4,329.0,0.0
2023-11-26 13:00:00+01:00,1.9,2.1,337.0,0.0
2023-11-26 14:00:00+01:00,1.5,2.2,318.0,0.0
2023-11-26 15:00:00+01:00,0.6,0.9,26.0,0.0
2023-11-26 16:00:00+01:00,-1.9,0.0,0.0,0.0
2023-11-26 17:00:00+01:00,-3.3,0.0,0.0,0.0
2023-11-26 18:00:00+01:00,-3.1,0.0,0.0,0.0
2023-11-26 19:00:00+01:00,-3.4,0.0,0.0,0.0
2023-11-26 20:00:00+01:00,-4.3,0.6,34.0,0.0
2023-11-26 21:00:00+01:00,-5.0,0.0,0.0,0.0
2023-11-26 22:00:00+01:00,-5.7,0.0,0.0,0.0
2023-11-26 23:00:00+01:00,-6.5,0.0,0.0,0.0
2023-11-27 00:00:00+01:00,-6.8,0.0,0.0,0.0
2023-11-27 01:00:00+01:00,-7.3,0.0,0.0,0.0
2023-11-27 02:00:00+01:00,-7.5,0.0,0.0,0.0
2023-11-27 03:00:00+01:00,-7.8,0.0,0.0,0.0
2023-11-27 04:00:00+01:00,-7.4,0.0,0.0,0.0
2023-11-27 05:00:00+01:00,-7.6,0.0,0.0,0.0
2023-11-27 06:00:00+01:00,-8.2,0.0,0.0,0.0
2023-11-27 07:00:00+01:00,-8.4,0.0,0.0,0.0
2023-11-27 08:00:00+01:00,-7.9,0.0,0.0,0.0
2023-11-27 09:00:00+01:00,-6.2,1.0,57.0,0.0
2023-11-27 10:00:00+01:00,-5.6,2.3,65.0,0.0
2023-11-27 11:00:00+01:00,-5.2,1.7,53.0,0.2
2023-11-27 12:00:00+01:00,-4.6,1.8,59.0,0.0
2023-11-27 13:00:00+01:00,-3.7,1.4,44.0,0.0
2023-11-27 14:00:00+01:00,-3.0,2.5,74.0,0.0
2023-11-27 15:00:00+01:00,-3.7,3.3,70.0,0.0
2023-11-27 16:00:00+01:00,-4.4,3.5,64.0,0.0
2023-11-27 17:00:00+01:00,-3.8,3.6,69.0,0.0
2023-11-27 18:00:00+01:00,-3.2,3.5,78.0,0.0
2023-11-27 19:00:00+01:00,-3.4,1.5,44.0,0.0
2023-11-27 20:00:00+01:00,-3.3,2.3,54.0,0.0
2023-11-27 21:00:00+01:00,-3.3,2.3,55.0,0.0
2023-11-27 22:00:00+01:00,-2.9,4.7,61.0,0.0
2023-11-27 23:00:00+01:00,-3.8,2.7,57.0,0.0
2023-11-28 00:00:00+01:00,-4.2,2.9,56.0,0.0
2023-11-28 01:00:00+01:00,-4.7,2.7,49.0,0.0
2023-11-28 02:00:00+01:00,-5.1,2.5,44.0,0.0
2023-11-28 03:00:00+01:00,-5.2,3.3,56.0,0.0
2023-11-28 04:00:00+01:00,-5.6,2.1,36.0,0.0
2023-11-28 05:00:00+01:00,-6.3,3.7,57.0,0.0
2023-11-28 06:00:00+01:00,-6.9,2.5,31.0,0.0
2023-11-28 07:00:00+01:00,-7.7,2.0,35.0,0.0
2023-11-28 08:00:00+01:00,-8.4,1.3,15.0,0.0
2023-11-28 09:00:00+01:00,-7.9,1.5,12.0,0.0
2023-11-28 10:00:00+01:00,-6.6,1.8,14.0,0.0
2023-11-28 11:00:00+01:00,-5.3,1.7,343.0,0.0
2023-11-28 12:00:00+01:00,-4.6,3.1,343.0,0.0
2023-11-28 13:00:00+01:00,-3.8,2.4,332.0,0.0
2023-11-28 14:00:00+01:00,-3.4,3.6,327.0,0.0
2023-11-28 15:00:00+01:00,-4.5,2.2,355.0,0.0
2023-11-28 16:00:00+01:00,-5.2,1.3,11.0,0.0
2023-11-28 17:00:00+01:00,-5.8,1.2,12.0,0.0
2023-11-28 18:00:00+01:00,-6.9,0.0,0.0,0.0
2023-11-28 19:00:00+01:00,-5.9,0.0,0.0,0.0
2023-11-28 20:00:00+01:00,-4.6,0.0,0.0,0.5
2023-11-28 21:00:00+01:00,-4.4,0.0,0.0,1.4
2023-11-28 22:00:00+01:00,-4.9,0.0,0.0,1.7
2023-11-28 23:00:00+01:00,-6.0,0.7,119.0,0.0
2023-11-29 00:00:00+01:00,-8.4,0.0,0.0,0.0
2023-11-29 01:00:00+01:00,-9.8,0.0,0.0,0.0
2023-11-29 02:00:00+01:00,-10.6,0.0,0.0,0.0
2023-11-29 03:00:00+01:00,-10.3,0.0,0.0,0.0
2023-11-29 04:00:00+01:00,-12.1,0.0,0.0,0.0
2023-11-29 05:00:00+01:00,-10.1,0.0,0.0,0.0
2023-11-29 06:00:00+01:00,-7.1,0.0,0.0,0.0
2023-11-29 07:00:00+01:00,-6.6,0.0,0.0,0.0
2023-11-29 08:00:00+01:00,-5.6,0.6,61.0,0.2
2023-11-29 09:00:00+01:00,-4.3,1.8,68.0,0.1
2023-11-29 10:00:00+01:00,-4.0,2.6,66.0,0.0
2023-11-29 11:00:00+01:00,-3.6,3.2,67.0,0.0
2023-11-29 12:00:00+01:00,-3.0,2.7,62.0,0.0
2023-11-29 13:00:00+01:00,-2.3,3.0,64.0,0.0
2023-11-29 14:00:00+01:00,-1.8,3.3,69.0,0.0
2023-11-29 15:00:00+01:00,-2.1,2.4,55.0,0.0
2023-11-29 16:00:00+01:00,-2.4,2.6,61.0,0.0
2023-11-29 17:00:00+01:00,-2.5,1.7,52.0,0.0
2023-11-29 18:00:00+01:00,-2.3,1.2,34.0,0.3
2023-11-29 19:00:00+01:00,-2.1,1.9,61.0,0.0
2023-11-29 20:00:00+01:00,-1.8,0.9,50.0,0.0
2023-11-29 21:00:00+01:00,-1.4,1.5,62.0,0.0
2023-11-29 22:00:00+01:00,-1.6,0.9,54.0,0.0
2023-11-29 23:00:00+01:00,-1.1,1.3,51.0,0.0
2023-11-30 00:00:00+01:00,-0.5,2.5,64.0,0.4
2023-11-30 01:00:00+01:00,-0.4,2.4,68.0,0.2
2023-11-30 02:00:00+01:00,-0.5,1.8,61.0,0.0
2023-11-30 03:00:00+01:00,-0.5,2.4,62.0,0.0
2023-11-30 04:00:00+01:00,-0.6,2.1,66.0,0.0
2023-11-30 05:00:00+01:00,-0.1,2.0,73.0,0.5
2023-11-30 06:00:00+01:00,0.2,2.0,66.0,0.4
2023-11-30 07:00:00+01:00,0.2,3.3,72.0,0.1
2023-11-30 08:00:00+01:00,-0.1,3.9,70.0,0.0
2023-11-30 09:00:00+01:00,-1.2,4.1,64.0,0.2
2023-11-30 10:00:00+01:00,-1.7,4.6,64.0,0.0
2023-11-30 11:00:00+01:00,-1.7,3.1,74.0,0.0
2023-11-30 12:00:00+01:00,-1.2,4.2,64.0,0.0
2023-11-30 13:00:00+01:00,-1.6,3.2,61.0,0.1
2023-11-30 14:00:00+01:00,-1.6,3.1,59.0,0.1
2023-11-30 15:00:00+01:00,-1.7,2.0,50.0,0.0
2023-11-30 16:00:00+01:00,-2.0,2.3,66.0,0.0
2023-11-30 17:00:00+01:00,-2.7,2.2,52.0,0.0
2023-11-30 18:00:00+01:00,-4.3,1.8,42.0,0.0
2023-11-30 19:00:00+01:00,-3.1,3.1,64.0,0.0
2023-11-30 20:00:00+01:00,-4.2,1.4,41.0,0.0
2023-11-30 21:00:00+01:00,-5.9,1.3,57.0,0.0
2023-11-30 22:00:00+01:00,-7.5,0.0,0.0,0.0
2023-11-30 23:00:00+01:00,-8.7,0.9,302.0,0.0
2023-12-01 00:00:00+01:00,-10.4,0.0,0.0,0.0
2023-12-01 01:00:00+01:00,-8.2,0.0,0.0,0.0
2023-12-01 02:00:00+01:00,-9.3,0.0,0.0,0.0
2023-12-01 03:00:00+01:00,-9.7,0.0,0.0,0.0
2023-12-01 04:00:00+01:00,-10.3,0.0,0.0,0.0
2023-12-01 05:00:00+01:00,-10.5,0.6,340.0,0.0
2023-12-01 06:00:00+01:00,-10.8,0.0,0.0,0.0
2023-12-01 07:00:00+01:00,-9.9,0.0,0.0,0.0
2023-12-01 08:00:00+01:00,-7.0,0.0,0.0,0.0
2023-12-01 09:00:00+01:00,-5.1,0.0,0.0,0.0
2023-12-01 10:00:00+01:00,-3.7,0.6,51.0,0.0
2023-12-01 11:00:00+01:00,-2.8,0.9,19.0,0.0
2023-12-01 12:00:00+01:00,-1.3,1.5,42.0,0.0
2023-12-01 13:00:00+01:00,-1.8,1.0,14.0,0.1
2023-12-01 14:00:00+01:00,-1.9,1.4,354.0,0.0
2023-12-01 15:00:00+01:00,-2.1,1.2,7.0,0.0
2023-12-01 16:00:00+01:00,-2.7,0.6,6.0,0.0
2023-12-01 17:00:00+01:00,-2.7,0.9,358.0,0.0
2023-12-01 18:00:00+01:00,-3.7,0.5,355.0,0.0
2023-12-01 19:00:00+01:00,-2.9,0.6,5.0,0.0
2023-12-01 20:00:00+01:00,-2.5,0.0,0.0,0.0
2023-12-01 21:00:00+01:00,-2.4,0.7,23.0,0.0
2023-12-01 22:00:00+01:00,-2.4,0.6,44.0,0.0
2023-12-01 23:00:00+01:00,-2.6,0.9,360.0,0.0
2023-12-02 00:00:00+01:00,-2.4,0.7,8.0,0.0
2023-12-02 01:00:00+01:00,-2.4,0.8,11.0,0.0
2023-12-02 02:00:00+01:00,-2.4,0.7,6.0,0.0
2023-12-02 03:00:00+01:00,-2.4,1.0,3.0,0.0
2023-12-02 04:00:00+01:00,-2.4,1.2,11.0,0.0
2023-12-02 05:00:00+01:00,-2.5,1.0,18.0,0.0
2023-12-02 06:00:00+01:00,-2.7,1.4,8.0,0.0
2023-12-02 07:00:00+01:00,-4.0,0.0,0.0,0.0
2023-12-02 08:00:00+01:00,-4.7,0.0,0.0,0.0
2023-12-02 09:00:00+01:00,-4.9,0.5,3.0,0.0
2023-12-02 10:00:00+01:00,-4.0,0.7,1.0,0.0
2023-12-02 11:00:00+01:00,-3.7,1.2,354.0,0.0
2023-12-02 12:00:00+01:00,-3.1,1.1,13.0,0.0
2023-12-02 13:00:00+01:00,-2.6,1.5,356.0,0.0
2023-12-02 14:00:00+01:00,-3.3,1.8,343.0,0.0
2023-12-02 15:00:00+01:00,-4.3,0.9,356.0,0.0
2023-12-02 16:00:00+01:00,-5.5,0.5,353.0,0.0
2023-12-02 17:00:00+01:00,-6.5,0.9,347.0,0.0
2023-12-02 18:00:00+01:00,-7.4,0.0,0.0,0.0
2023-12-02 19:00:00+01:00,-9.3,0.0,0.0,0.0
2023-12-02 20:00:00+01:00,-7.4,0.0,0.0,0.0
2023-12-02 21:00:00+01:00,-5.7,1.0,11.0,0.0
2023-12-02 22:00:00+01:00,-5.1,1.3,347.0,0.0
2023-12-02 23:00:00+01:00,-4.4,0.7,346.0,0.0
2023-12-03 00:00:00+01:00,-2.9,1.8,345.0,0.0
2023-12-03 01:00:00+01:00,-2.9,2.4,343.0,0.0
2023-12-03 02:00:00+01:00,-2.8,1.4,355.0,0.0
2023-12-03 03:00:00+01:00,-2.9,2.0,358.0,0.0
2023-12-03 04:00:00+01:00,-2.6,2.7,336.0,0.0
2023-12-03 05:00:00+01:00,-3.4,1.9,343.0,0.0
2023-12-03 06:00:00+01:00,-3.5,1.6,344.0,0.0
2023-12-03 07:00:00+01:00,-2.9,1.8,342.0,0.0
2023-12-03 08:00:00+01:00,-3.7,0.7,345.0,0.0
2023-12-03 09:00:00+01:00,-3.6,1.0,354.0,0.0
2023-12-03 10:00:00+01:00,-3.0,0.9,12.0,0.0
2023-12-03 11:00:00+01:00,-2.7,0.6,31.0,0.0
2023-12-03 12:00:00+01:00,-2.5,0.7,29.0,0.0
2023-12-03 13:00:00+01:00,-2.2,0.6,5.0,0.0
2023-12-03 14:00:00+01:00,-2.1,0.5,347.0,0.0
2023-12-03 15:00:00+01:00,-2.1,0.0,0.0,0.0
2023-12-03 16:00:00+01:00,-2.5,0.0,0.0,0.0
2023-12-03 17:00:00+01:00,-2.5,0.0,0.0,0.0
2023-12-03 18:00:00+01:00,-2.5,0.0,0.0,0.0
2023-12-03 19:00:00+01:00,-2.4,0.0,0.0,0.0
2023-12-03 20:00:00+01:00,-2.4,0.0,0.0,0.0
2023-12-03 21:00:00+01:00,-2.4,0.7,125.0,0.0
2023-12-03 22:00:00+01:00,-2.3,0.0,0.0,0.0
2023-12-03 23:00:00+01:00,-2.3,0.0,0.0,0.0
2023-12-04 00:00:00+01:00,-2.2,0.0,0.0,0.0
2023-12-04 01:00:00+01:00,-2.0,0.0,0.0,0.0
2023-12-04 02:00:00+01:00,-1.8,0.0,0.0,0.0
2023-12-04 03:00:00+01:00,-1.6,0.8,112.0,0.0
2023-12-04 04:00:00+01:00,-1.2,0.0,0.0,0.0
2023-12-04 05:00:00+01:00,-0.1,1.3,183.0,0.0
2023-12-04 06:00:00+01:00,-0.3,0.0,0.0,0.0
2023-12-04 07:00:00+01:00,-0.4,1.2,138.0,0.0
2023-12-04 08:00:00+01:00,-0.3,0.7,193.0,0.0
2023-12-04 09:00:00+01:00,-0.2,1.3,137.0,0.0
2023-12-04 10:00:00+01:00,0.1,1.7,113.0,0.0
2023-12-04 11:00:00+01:00,1.1,1.6,181.0,0.0
2023-12-04 12:00:00+01:00,0.7,3.3,147.0,0.0
2023-12-04 13:00:00+01:00,0.4,2.7,144.0,0.0
2023-12-04 14:00:00+01:00,0.2,4.0,151.0,0.0
2023-12-04 15:00:00+01:00,-0.0,3.0,135.0,0.0
2023-12-04 16:00:00+01:00,-1.1,2.5,123.0,0.0
2023-12-04 17:00:00+01:00,-1.6,2.8,103.0,0.0
2023-12-04 18:00:00+01:00,-1.2,2.5,102.0,0.0
2023-12-04 19:00:00+01:00,-0.8,2.5,103.0,0.0
2023-12-04 20:00:00+01:00,-0.3,2.0,93.0,0.0
2023-12-04 21:00:00+01:00,0.4,3.2,102.0,0.0
2023-12-04 22:00:00+01:00,0.8,3.2,104.0,0.0
2023-12-04 23:00:00+01:00,0.7,2.3,101.0,0.0
2023-12-05 00:00:00+01:00,0.5,2.1,92.0,0.0
2023-12-05 01:00:00+01:00,0.2,1.5,85.0,0.0
2023-12-05 02:00:00+01:00,1.3,2.7,118.0,0.0
2023-12-05 03:00:00+01:00,-0.1,1.7,77.0,0.0
2023-12-05 04:00:00+01:00,-0.7,1.6,85.0,0.0
2023-12-05 05:00:00+01:00,-0.3,1.8,89.0,0.0
2023-12-05 06:00:00+01:00,1.6,4.8,118.0,0.0
2023-12-05 07:00:00+01:00,1.1,4.8,115.0,0.0
2023-12-05 08:00:00+01:00,1.2,4.9,115.0,0.0
2023-12-05 09:00:00+01:00,0.9,5.1,119.0,0.0
2023-12-05 10:00:00+01:00,1.5,4.8,119.0,0.0
2023-12-05 11:00:00+01:00,2.2,6.3,118.0,0.0
2023-12-05 12:00:00+01:00,2.0,6.0,115.0,0.0
2023-12-05 13:00:00+01:00,1.5,5.6,109.0,0.0
2023-12-05 14:00:00+01:00,0.8,5.3,104.0,0.0
2023-12-05 15:00:00+01:00,0.5,4.5,105.0,0.0
2023-12-05 16:00:00+01:00,0.6,3.7,96.0,0.0
2023-12-05 17:00:00+01:00,0.8,5.0,101.0,0.0
2023-12-05 18:00:00+01:00,1.3,5.7,104.0,0.0
2023-12-05 19:00:00+01:00,1.2,5.2,106.0,0.0
2023-12-05 20:00:00+01:00,1.3,6.7,109.0,0.0
2023-12-05 21:00:00+01:00,1.4,6.6,112.0,0.0
2023-12-05 22:00:00+01:00,1.4,6.9,115.0,0.0
2023-12-05 23:00:00+01:00,1.1,5.9,112.0,0.0
2023-12-06 00:00:00+01:00,1.3,6.4,108.0,0.0
2023-12-06 01:00:00+01:00,1.1,5.3,105.0,0.0
2023-12-06 02:00:00+01:00,1.1,4.8,99.0,0.0
2023-12-06 03:00:00+01:00,1.4,6.4,105.0,0.0
2023-12-06 04:00:00+01:00,1.5,6.1,102.0,0.0
2023-12-06 05:00:00+01:00,1.5,6.1,102.0,0.0
2023-12-06 06:00:00+01:00,1.2,6.3,115.0,0.0
2023-12-06 07:00:00+01:00,1.1,5.5,107.0,0.0
2023-12-06 08:00:00+01:00,1.3,7.1,105.0,0.0
2023-12-06 09:00:00+01:00,0.8,6.9,105.0,0.0
2023-12-06 10:00:00+01:00,0.8,5.9,98.0,0.0
2023-12-06 11:00:00+01:00,0.9,4.7,101.0,0.1
2023-12-06 12:00:00+01:00,1.0,5.8,108.0,0.1
2023-12-06 13:00:00+01:00,1.2,5.0,96.0,0.0
2023-12-06 14:00:00+01:00,1.6,5.9,103.0,0.0
2023-12-06 15:00:00+01:00,1.5,5.0,104.0,0.0
2023-12-06 16:00:00+01:00,1.3,5.3,104.0,0.0
2023-12-06 17:00:00+01:00,1.1,5.4,101.0,0.0
2023-12-06 18:00:00+01:00,0.7,4.1,99.0,0.1
2023-12-06 19:00:00+01:00,0.6,3.2,99.0,0.4
2023-12-06 20:00:00+01:00,0.6,3.1,99.0,0.2
2023-12-06 21:00:00+01:00,0.5,2.6,95.0,0.4
2023-12-06 22:00:00+01:00,0.7,2.9,97.0,0.1
2023-12-06 23:00:00+01:00,0.7,2.3,93.0,0.1
2023-12-07 00:00:00+01:00,0.5,1.8,79.0,0.2
2023-12-07 01:00:00+01:00,0.5,2.2,93.0,0.3
2023-12-07 02:00:00+01:00,0.2,2.0,89.0,0.1
2023-12-07 03:00:00+01:00,0.2,1.2,80.0,0.1
2023-12-07 04:00:00+01:00,0.2,1.1,56.0,0.2
2023-12-07 05:00:00+01:00,0.2,0.9,54.0,0.1
2023-12-07 06:00:00+01:00,0.2,1.0,75.0,0.0
2023-12-07 07:00:00+01:00,0.2,0.7,33.0,0.0
2023-12-07 08:00:00+01:00,0.1,1.0,90.0,0.0
2023-12-07 09:00:00+01:00,0.3,0.8,73.0,0.0
2023-12-07 10:00:00+01:00,0.4,1.0,90.0,0.0
2023-12-07 11:00:00+01:00,0.6,0.9,78.0,0.0
2023-12-07 12:00:00+01:00,0.9,0.0,0.0,0.0
2023-12-07 13:00:00+01:00,0.8,0.6,87.0,0.0
2023-12-07 14:00:00+01:00,0.9,0.0,0.0,0.0
2023-12-07 15:00:00+01:00,0.9,0.0,0.0,0.0
2023-12-07 16:00:00+01:00,0.8,0.7,120.0,0.0
2023-12-07 17:00:00+01:00,0.8,0.0,0.0,0.0
2023-12-07 18:00:00+01:00,0.7,0.0,0.0,0.0
2023-12-07 19:00:00+01:00,0.7,0.0,0.0,0.0
2023-12-07 20:00:00+01:00,0.6,0.0,0.0,0.0
2023-12-07 21:00:00+01:00,0.7,0.9,49.0,0.0
2023-12-07 22:00:00+01:00,0.6,1.1,70.0,0.0
2023-12-07 23:00:00+01:00,0.5,0.0,0.0,0.0
2023-12-08 00:00:00+01:00,0.6,0.7,69.0,0.0
2023-12-08 01:00:00+01:00,0.6,0.7,75.0,0.0
2023-12-08 02:00:00+01:00,0.8,0.0,0.0,0.0
2023-12-08 03:00:00+01:00,0.9,0.8,84.0,0.0
2023-12-08 04:00:00+01:00,0.8,0.0,0.0,0.0
2023-12-08 05:00:00+01:00,1.1,1.4,116.0,0.0
2023-12-08 06:00:00+01:00,1.1,1.4,106.0,0.0
2023-12-08 07:00:00+01:00,1.2,1.9,115.0,0.0
2023-12-08 08:00:00+01:00,1.5,2.6,109.0,0.0
2023-12-08 09:00:00+01:00,1.8,2.0,119.0,0.0
2023-12-08 10:00:00+01:00,2.0,2.2,124.0,0.0
2023-12-08 11:00:00+01:00,2.2,3.4,125.0,0.0
2023-12-08 12:00:00+01:00,2.3,3.4,120.0,0.0
2023-12-08 13:00:00+01:00,2.3,3.9,126.0,0.0
2023-12-08 14:00:00+01:00,2.0,3.6,122.0,0.0
2023-12-08 15:00:00+01:00,2.0,3.6,122.0,0.0
2023-12-08 16:00:00+01:00,2.2,4.1,123.0,0.0
2023-12-08 17:00:00+01:00,2.3,4.9,117.0,0.0
2023-12-08 18:00:00+01:00,2.3,3.5,119.0,0.0
2023-12-08 19:00:00+01:00,2.5,4.0,120.0,0.0
2023-12-08 20:00:00+01:00,2.4,3.5,135.0,0.0
2023-12-08 21:00:00+01:00,2.1,3.5,136.0,0.0
2023-12-08 22:00:00+01:00,2.1,3.5,138.0,0.0
2023-12-08 23:00:00+01:00,1.9,3.8,123.0,0.0
2023-12-09 00:00:00+01:00,2.0,2.8,133.0,0.0
2023-12-09 01:00:00+01:00,2.0,2.6,134.0,0.0
2023-12-09 02:00:00+01:00,1.4,2.8,152.0,0.0
2023-12-09 03:00:00+01:00,1.2,2.7,144.0,0.0
2023-12-09 04:00:00+01:00,1.3,2.3,135.0,0.0
2023-12-09 05:00:00+01:00,1.3,1.5,150.0,0.0
2023-12-09 06:00:00+01:00,1.2,1.6,110.0,0.2
2023-12-09 07:00:00+01:00,1.3,1.5,125.0,0.0
2023-12-09 08:00:00+01:00,1.3,2.0,125.0,0.0
2023-12-09 09:00:00+01:00,1.7,2.4,138.0,0.0
2023-12-09 10:00:00+01:00,2.0,2.5,147.0,0.0
2023-12-09 11:00:00+01:00,2.2,2.8,143.0,0.0
2023-12-09 12:00:00+01:00,2.4,3.3,136.0,0.1
2023-12-09 13:00:00+01:00,2.7,3.7,137.0,0.0
2023-12-09 14:00:00+01:00,3.0,4.5,134.0,0.0
2023-12-09 15:00:00+01:00,3.1,4.0,139.0,0.1
2023-12-09 16:00:00+01:00,3.1,3.8,132.0,0.2
2023-12-09 17:00:00+01:00,3.2,3.9,125.0,
2023-12-09 18:00:00+01:00,3.5,3.6,120.0,
2023-12-09 19:00:00+01:00,3.8,4.6,117.0,0.0
2023-12-09 20:00:00+01:00,3.9,4.2,126.0,0.0
2023-12-09 21:00:00+01:00,4.1,5.0,125.0,0.0
2023-12-09 22:00:00+01:00,4.1,5.6,117.0,0.2
2023-12-09 23:00:00+01:00,3.8,5.0,121.0,0.0
2023-12-10 00:00:00+01:00,3.6,5.2,110.0,0.0
2023-12-10 01:00:00+01:00,4.0,4.9,113.0,0.0
2023-12-10 02:00:00+01:00,4.1,5.0,104.0,0.0
2023-12-10 03:00:00+01:00,3.9,5.3,107.0,0.0
2023-12-10 04:00:00+01:00,3.7,5.9,107.0,0.0
2023-12-10 05:00:00+01:00,3.9,5.3,118.0,0.3
2023-12-10 06:00:00+01:00,4.1,5.0,127.0,0.6
2023-12-10 07:00:00+01:00,3.9,4.8,110.0,0.6
2023-12-10 08:00:00+01:00,3.9,4.4,111.0,1.1
2023-12-10 09:00:00+01:00,3.7,5.6,119.0,0.8
2023-12-10 10:00:00+01:00,3.5,5.9,115.0,0.2
2023-12-10 11:00:00+01:00,3.3,4.2,121.0,0.1
2023-12-10 12:00:00+01:00,3.2,5.0,116.0,0.2
2023-12-10 13:00:00+01:00,3.1,4.4,115.0,0.0
2023-12-10 14:00:00+01:00,3.2,4.1,107.0,0.0
2023-12-10 15:00:00+01:00,3.1,5.2,110.0,0.0
2023-12-10 16:00:00+01:00,2.7,3.4,104.0,0.0
2023-12-10 17:00:00+01:00,2.8,3.9,98.0,0.0
2023-12-10 18:00:00+01:00,2.9,4.0,99.0,0.0
2023-12-10 19:00:00+01:00,3.0,4.4,108.0,0.0
2023-12-10 20:00:00+01:00,3.0,4.3,107.0,0.0
2023-12-10 21:00:00+01:00,3.0,3.5,96.0,0.0
2023-12-10 22:00:00+01:00,3.0,3.8,100.0,0.0
2023-12-10 23:00:00+01:00,3.1,3.5,99.0,0.0
2023-12-11 00:00:00+01:00,3.4,3.6,103.0,0.0
2023-12-11 01:00:00+01:00,3.6,3.1,99.0,0.0
2023-12-11 02:00:00+01:00,3.8,2.2,100.0,0.4
2023-12-11 03:00:00+01:00,3.8,1.9,101.0,0.5
2023-12-11 04:00:00+01:00,3.7,1.1,92.0,0.6
2023-12-11 05:00:00+01:00,3.7,1.1,83.0,0.8
2023-12-11 06:00:00+01:00,3.7,1.1,89.0,0.6
2023-12-11 07:00:00+01:00,3.6,0.7,84.0,0.5
2023-12-11 08:00:00+01:00,3.7,1.1,76.0,0.3
2023-12-11 09:00:00+01:00,3.8,0.8,86.0,0.3
2023-12-11 10:00:00+01:00,3.9,0.9,81.0,0.0
2023-12-11 11:00:00+01:00,4.0,1.4,71.0,0.1
2023-12-11 12:00:00+01:00,4.1,1.9,70.0,0.0
2023-12-11 13:00:00+01:00,3.7,2.1,72.0,0.0
2023-12-11 14:00:00+01:00,3.6,2.8,60.0,0.0
2023-12-11 15:00:00+01:00,3.4,2.4,56.0,0.0
2023-12-11 16:00:00+01:00,2.9,2.3,58.0,0.0
2023-12-11 17:00:00+01:00,2.9,1.3,48.0,0.0
2023-12-11 18:00:00+01:00,2.8,1.2,41.0,0.0
2023-12-11 19:00:00+01:00,2.7,1.1,43.0,0.0
2023-12-11 20:00:00+01:00,2.5,1.9,48.0,0.0
2023-12-11 21:00:00+01:00,2.2,1.6,46.0,0.0
2023-12-11 22:00:00+01:00,2.1,1.3,32.0,0.0
2023-12-11 23:00:00+01:00,1.9,1.0,17.0,0.0
2023-12-12 00:00:00+01:00,1.9,1.1,29.0,0.0
2023-12-12 01:00:00+01:00,1.8,1.4,17.0,0.0
2023-12-12 02:00:00+01:00,1.6,0.8,9.0,0.0
2023-12-12 03:00:00+01:00,1.2,0.7,32.0,0.0
2023-12-12 04:00:00+01:00,1.4,0.9,28.0,0.0
2023-12-12 05:00:00+01:00,1.5,0.9,43.0,0.0
2023-12-12 06:00:00+01:00,1.5,0.7,20.0,0.0
2023-12-12 07:00:00+01:00,1.4,1.2,44.0,0.0
2023-12-12 08:00:00+01:00,1.2,2.2,62.0,0.0
2023-12-12 09:00:00+01:00,1.2,1.8,67.0,0.0
2023-12-12 10:00:00+01:00,1.3,1.6,65.0,0.0
2023-12-12 11:00:00+01:00,1.3,2.4,63.0,0.0
2023-12-12 12:00:00+01:00,1.5,2.1,71.0,0.0
2023-12-12 13:00:00+01:00,1.5,2.5,67.0,0.0
2023-12-12 14:00:00+01:00,1.5,2.1,71.0,0.0
2023-12-12 15:00:00+01:00,1.4,1.9,84.0,0.0
2023-12-12 16:00:00+01:00,1.2,1.9,66.0,0.0
2023-12-12 17:00:00+01:00,0.9,1.7,65.0,0.0
2023-12-12 18:00:00+01:00,0.8,2.0,75.0,0.0
2023-12-12 19:00:00+01:00,0.6,2.5,68.0,0.0
2023-12-12 20:00:00+01:00,0.5,2.4,73.0,0.0
2023-12-12 21:00:00+01:00,0.5,2.5,72.0,0.0
2023-12-12 22:00:00+01:00,0.5,2.4,74.0,0.0
2023-12-12 23:00:00+01:00,0.5,3.3,71.0,0.0
2023-12-13 00:00:00+01:00,0.5,3.8,72.0,0.0
2023-12-13 01:00:00+01:00,0.5,3.4,78.0,0.0
2023-12-13 02:00:00+01:00,0.6,3.5,75.0,0.0
2023-12-13 03:00:00+01:00,0.5,3.7,78.0,0.0
2023-12-13 04:00:00+01:00,0.4,3.9,75.0,0.0
2023-12-13 05:00:00+01:00,0.4,4.0,73.0,0.0
2023-12-13 06:00:00+01:00,0.4,3.9,77.0,0.0
2023-12-13 07:00:00+01:00,0.1,4.6,74.0,0.0
2023-12-13 08:00:00+01:00,-0.1,4.9,73.0,0.0
2023-12-13 09:00:00+01:00,-0.2,4.6,72.0,0.0
2023-12-13 10:00:00+01:00,0.0,5.0,74.0,0.0
2023-12-13 11:00:00+01:00,0.1,4.3,74.0,0.0
2023-12-13 12:00:00+01:00,0.0,4.5,65.0,0.0
2023-12-13 13:00:00+01:00,0.1,4.0,64.0,0.0
2023-12-13 14:00:00+01:00,-0.0,4.3,64.0,0.0
2023-12-13 15:00:00+01:00,-0.1,5.1,66.0,0.0
2023-12-13 16:00:00+01:00,-0.1,4.5,68.0,0.0
2023-12-13 17:00:00+01:00,-0.1,3.9,71.0,0.0
2023-12-13 18:00:00+01:00,0.0,4.1,71.0,0.0
2023-12-13 19:00:00+01:00,-0.1,4.0,71.0,0.0
2023-12-13 20:00:00+01:00,-0.1,3.4,69.0,0.0
2023-12-13 21:00:00+01:00,-0.2,3.1,63.0,0.0
2023-12-13 22:00:00+01:00,-0.5,2.3,56.0,0.0
2023-12-13 23:00:00+01:00,-0.5,2.8,60.0,0.0
2023-12-14 00:00:00+01:00,-0.6,2.5,54.0,0.0
2023-12-14 01:00:00+01:00,-0.6,2.7,61.0,0.0
2023-12-14 02:00:00+01:00,-0.7,2.3,56.0,0.0
2023-12-14 03:00:00+01:00,-1.1,2.2,60.0,0.0
2023-12-14 04:00:00+01:00,-1.6,1.6,59.0,0.0
2023-12-14 05:00:00+01:00,-1.7,2.3,56.0,0.0
2023-12-14 06:00:00+01:00,-2.3,1.8,71.0,0.0
2023-12-14 07:00:00+01:00,-2.6,1.4,55.0,0.0
2023-12-14 08:00:00+01:00,-3.3,1.0,54.0,0.0
2023-12-14 09:00:00+01:00,-3.9,0.5,54.0,0.0
2023-12-14 10:00:00+01:00,-2.7,1.5,98.0,0.0
2023-12-14 11:00:00+01:00,-0.5,1.6,86.0,0.0
2023-12-14 12:00:00+01:00,0.7,0.9,93.0,0.0
2023-12-14 13:00:00+01:00,1.7,1.9,111.0,0.0
2023-12-14 14:00:00+01:00,1.6,1.3,125.0,0.0
2023-12-14 15:00:00+01:00,1.6,0.0,0.0,0.0
2023-12-14 16:00:00+01:00,1.0,0.9,195.0,0.0
2023-12-14 17:00:00+01:00,0.5,0.7,238.0,0.0
2023-12-14 18:00:00+01:00,0.1,0.7,176.0,0.0
2023-12-14 19:00:00+01:00,-0.2,0.0,0.0,0.0
2023-12-14 20:00:00+01:00,0.1,1.1,189.0,0.0
2023-12-14 21:00:00+01:00,0.5,0.9,200.0,0.0
2023-12-14 22:00:00+01:00,2.0,4.1,286.0,0.0
2023-12-14 23:00:00+01:00,1.9,1.5,267.0,0.0
2023-12-15 00:00:00+01:00,2.0,1.9,290.0,0.0
2023-12-15 01:00:00+01:00,1.8,1.8,285.0,0.0
2023-12-15 02:00:00+01:00,2.4,1.7,267.0,
2023-12-15 03:00:00+01:00,2.5,1.0,251.0,
2023-12-15 04:00:00+01:00,2.5,1.4,237.0,0.0
2023-12-15 05:00:00+01:00,2.8,1.9,241.0,0.0
2023-12-15 06:00:00+01:00,3.1,2.2,245.0,0.0
2023-12-15 07:00:00+01:00,3.5,2.7,250.0,0.0
2023-12-15 08:00:00+01:00,3.6,1.3,231.0,0.0
2023-12-15 09:00:00+01:00,3.7,2.2,246.0,0.0
2023-12-15 10:00:00+01:00,4.5,3.1,256.0,0.4
2023-12-15 11:00:00+01:00,4.6,3.6,267.0,0.0
2023-12-15 12:00:00+01:00,4.8,3.6,283.0,0.0
2023-12-15 13:00:00+01:00,5.2,2.8,268.0,0.0
2023-12-15 14:00:00+01:00,5.5,3.4,261.0,0.0
2023-12-15 15:00:00+01:00,5.7,3.6,261.0,0.0
2023-12-15 16:00:00+01:00,5.6,2.3,283.0,0.0
2023-12-15 17:00:00+01:00,5.7,2.0,278.0,0.0
2023-12-15 18:00:00+01:00,5.8,3.2,282.0,0.0
2023-12-15 19:00:00+01:00,6.0,3.4,281.0,0.0
2023-12-15 20:00:00+01:00,6.2,2.9,272.0,0.0
2023-12-15 21:00:00+01:00,6.2,3.1,259.0,0.0
2023-12-15 22:00:00+01:00,5.4,4.0,261.0,0.0
2023-12-15 23:00:00+01:00,5.0,3.6,263.0,0.0
2023-12-16 00:00:00+01:00,5.0,3.6,275.0,0.0
2023-12-16 01:00:00+01:00,5.7,4.1,269.0,0.0
2023-12-16 02:00:00+01:00,5.8,4.1,263.0,0.0
2023-12-16 03:00:00+01:00,6.0,3.9,258.0,0.0
2023-12-16 04:00:00+01:00,6.1,4.1,260.0,0.0
2023-12-16 05:00:00+01:00,6.2,3.8,266.0,0.0
2023-12-16 06:00:00+01:00,6.3,4.8,260.0,0.0
2023-12-16 07:00:00+01:00,5.5,2.6,242.0,0.0
2023-12-16 08:00:00+01:00,6.4,4.4,257.0,0.0
2023-12-16 09:00:00+01:00,6.7,5.2,263.0,0.0
2023-12-16 10:00:00+01:00,7.1,5.9,257.0,0.0
2023-12-16 11:00:00+01:00,6.5,3.7,248.0,0.0
2023-12-16 12:00:00+01:00,6.6,3.7,250.0,0.0
2023-12-16 13:00:00+01:00,6.7,4.0,247.0,0.0
2023-12-16 14:00:00+01:00,6.5,3.3,247.0,0.0
2023-12-16 15:00:00+01:00,6.6,3.8,248.0,0.0
2023-12-16 16:00:00+01:00,7.0,4.1,246.0,0.0
2023-12-16 17:00:00+01:00,7.5,5.4,255.0,0.0
2023-12-16 18:00:00+01:00,6.9,3.9,246.0,0.0
2023-12-16 19:00:00+01:00,7.3,4.3,254.0,0.0
2023-12-16 20:00:00+01:00,8.0,6.6,267.0,0.0
2023-12-16 21:00:00+01:00,8.0,6.4,271.0,0.0
2023-12-16 22:00:00+01:00,8.6,7.7,270.0,0.0
2023-12-16 23:00:00+01:00,9.0,6.0,284.0,0.0
2023-12-17 00:00:00+01:00,9.1,6.0,280.0,0.0
2023-12-17 01:00:00+01:00,8.8,6.6,282.0,0.0
2023-12-17 02:00:00+01:00,8.7,6.3,267.0,0.0
2023-12-17 03:00:00+01:00,8.7,8.4,259.0,0.0
2023-12-17 04:00:00+01:00,8.6,6.7,256.0,0.0
2023-12-17 05:00:00+01:00,8.4,5.9,259.0,0.0
2023-12-17 06:00:00+01:00,8.5,6.3,265.0,0.0
2023-12-17 07:00:00+01:00,8.3,6.2,264.0,0.0
2023-12-17 08:00:00+01:00,8.5,5.7,254.0,
2023-12-17 09:00:00+01:00,7.6,2.5,235.0,
2023-12-17 10:00:00+01:00,7.6,2.5,243.0,
2023-12-17 11:00:00+01:00,7.7,2.6,238.0,
2023-12-17 12:00:00+01:00,7.6,2.8,230.0,
2023-12-17 13:00:00+01:00,8.1,4.6,259.0,
2023-12-17 14:00:00+01:00,8.4,6.1,256.0,
2023-12-17 15:00:00+01:00,8.1,6.5,256.0,
2023-12-17 16:00:00+01:00,8.2,7.9,259.0,
2023-12-17 17:00:00+01:00,8.1,8.0,260.0,
2023-12-17 18:00:00+01:00,8.0,6.8,265.0,
2023-12-17 19:00:00+01:00,8.1,6.2,267.0,
2023-12-17 20:00:00+01:00,8.1,7.3,262.0,
2023-12-17 21:00:00+01:00,8.0,7.2,263.0,
2023-12-17 22:00:00+01:00,7.7,6.4,262.0,
2023-12-17 23:00:00+01:00,7.5,5.6,270.0,
2023-12-18 00:00:00+01:00,7.5,5.7,264.0,
2023-12-18 01:00:00+01:00,7.4,6.4,264.0,
2023-12-18 02:00:00+01:00,7.4,6.1,261.0,
2023-12-18 03:00:00+01:00,7.5,5.2,262.0,
2023-12-18 04:00:00+01:00,7.6,4.9,269.0,
2023-12-18 05:00:00+01:00,7.6,4.7,263.0,
2023-12-18 06:00:00+01:00,7.8,5.8,263.0,
2023-12-18 07:00:00+01:00,8.0,5.8,261.0,
2023-12-18 08:00:00+01:00,8.1,5.6,258.0,0.0
2023-12-18 09:00:00+01:00,8.2,5.2,262.0,0.0
2023-12-18 10:00:00+01:00,8.3,4.6,270.0,0.0
2023-12-18 11:00:00+01:00,8.4,4.5,268.0,0.0
2023-12-18 12:00:00+01:00,8.5,5.0,266.0,0.0
2023-12-18 13:00:00+01:00,8.6,5.3,261.0,0.0
2023-12-18 14:00:00+01:00,8.3,2.8,245.0,0.0
2023-12-18 15:00:00+01:00,7.9,4.1,251.0,0.0
2023-12-18 16:00:00+01:00,7.6,3.7,248.0,0.0
2023-12-18 17:00:00+01:00,7.4,2.6,240.0,1.6
2023-12-18 18:00:00+01:00,7.2,2.4,230.0,1.2
2023-12-18 19:00:00+01:00,7.0,2.8,236.0,0.4
2023-12-18 20:00:00+01:00,7.1,4.3,243.0,0.4
2023-12-18 21:00:00+01:00,7.1,5.5,247.0,0.0
2023-12-18 22:00:00+01:00,7.2,4.4,245.0,0.0
2023-12-18 23:00:00+01:00,7.2,4.0,243.0,0.0
2023-12-19 00:00:00+01:00,7.3,3.3,239.0,0.0
2023-12-19 01:00:00+01:00,7.8,6.7,252.0,0.0
2023-12-19 02:00:00+01:00,7.7,5.1,246.0,0.0
2023-12-19 03:00:00+01:00,8.0,5.0,251.0,0.0
2023-12-19 04:00:00+01:00,8.2,3.7,253.0,0.1
2023-12-19 05:00:00+01:00,8.2,4.6,259.0,0.0
2023-12-19 06:00:00+01:00,8.3,4.7,264.0,0.0
2023-12-19 07:00:00+01:00,8.3,4.3,268.0,0.0
2023-12-19 08:00:00+01:00,8.3,3.1,255.0,0.0
2023-12-19 09:00:00+01:00,7.8,3.4,244.0,0.0
2023-12-19 10:00:00+01:00,7.6,3.3,247.0,0.2
2023-12-19 11:00:00+01:00,7.4,3.2,247.0,0.5
2023-12-19 12:00:00+01:00,7.6,2.9,251.0,0.9
2023-12-19 13:00:00+01:00,7.6,3.0,254.0,0.8
2023-12-19 14:00:00+01:00,6.3,2.6,296.0,1.8
2023-12-19 15:00:00+01:00,6.4,1.3,276.0,1.3
2023-12-19 16:00:00+01:00,5.7,1.0,337.0,1.5
2023-12-19 17:00:00+01:00,5.7,2.1,318.0,1.1
2023-12-19 18:00:00+01:00,5.5,2.0,287.0,1.0
2023-12-19 19:00:00+01:00,5.4,3.2,284.0,0.0
2023-12-19 20:00:00+01:00,5.1,3.4,283.0,0.0
2023-12-19 21:00:00+01:00,5.2,5.2,286.0,0.0
2023-12-19 22:00:00+01:00,4.4,3.4,286.0,0.0
2023-12-19 23:00:00+01:00,4.0,2.6,264.0,0.0
2023-12-20 00:00:00+01:00,4.2,3.8,261.0,0.0
2023-12-20 01:00:00+01:00,4.1,3.7,254.0,0.0
2023-12-20 02:00:00+01:00,4.0,1.7,240.0,
2023-12-20 03:00:00+01:00,4.4,2.8,250.0,
2023-12-20 04:00:00+01:00,4.5,3.9,245.0,0.0
2023-12-20 05:00:00+01:00,4.5,2.8,241.0,0.0
2023-12-20 06:00:00+01:00,4.9,3.8,245.0,0.0
2023-12-20 07:00:00+01:00,5.1,3.8,245.0,0.0
2023-12-20 08:00:00+01:00,5.1,4.0,255.0,0.0
2023-12-20 09:00:00+01:00,5.1,5.9,260.0,0.0
2023-12-20 10:00:00+01:00,4.2,3.7,244.0,0.1
2023-12-20 11:00:00+01:00,5.1,4.0,245.0,0.0
2023-12-20 12:00:00+01:00,5.0,4.9,257.0,0.3
2023-12-20 13:00:00+01:00,4.2,4.3,268.0,0.7
2023-12-20 14:00:00+01:00,4.7,5.4,284.0,0.0
2023-12-20 15:00:00+01:00,4.3,5.4,291.0,0.2
2023-12-20 16:00:00+01:00,4.1,5.1,284.0,0.0
2023-12-20 17:00:00+01:00,4.2,5.3,283.0,0.0
2023-12-20 18:00:00+01:00,4.0,4.7,275.0,0.0
2023-12-20 19:00:00+01:00,3.3,4.3,278.0,0.0
2023-12-20 20:00:00+01:00,3.5,5.1,277.0,0.0
2023-12-20 21:00:00+01:00,3.1,4.1,283.0,0.0
2023-12-20 22:00:00+01:00,3.5,4.2,267.0,0.0
2023-12-20 23:00:00+01:00,4.2,5.3,262.0,0.0
2023-12-21 00:00:00+01:00,4.3,5.5,262.0,0.0
2023-12-21 01:00:00+01:00,3.6,3.7,255.0,0.0
2023-12-21 02:00:00+01:00,4.2,4.8,263.0,0.0
2023-12-21 03:00:00+01:00,4.2,4.0,260.0,0.0
2023-12-21 04:00:00+01:00,4.3,4.2,259.0,0.0
2023-12-21 05:00:00+01:00,3.6,1.5,236.0,0.0
2023-12-21 06:00:00+01:00,4.1,2.0,232.0,0.0
2023-12-21 07:00:00+01:00,4.2,2.9,215.0,0.0
2023-12-21 08:00:00+01:00,4.6,4.0,199.0,
2023-12-21 09:00:00+01:00,5.0,4.3,195.0,
2023-12-21 10:00:00+01:00,6.0,5.1,199.0,
2023-12-21 11:00:00+01:00,6.5,3.4,232.0,
2023-12-21 12:00:00+01:00,6.8,3.3,239.0,
2023-12-21 13:00:00+01:00,6.9,4.9,248.0,
2023-12-21 14:00:00+01:00,7.3,4.1,267.0,
2023-12-21 15:00:00+01:00,7.4,6.4,285.0,
2023-12-21 16:00:00+01:00,6.8,5.3,270.0,
2023-12-21 17:00:00+01:00,5.8,6.8,286.0,
2023-12-21 18:00:00+01:00,5.8,7.3,263.0,
2023-12-21 19:00:00+01:00,5.4,8.2,256.0,
2023-12-21 20:00:00+01:00,4.4,9.3,262.0,
2023-12-21 21:00:00+01:00,4.0,12.1,305.0,
2023-12-21 22:00:00+01:00,4.9,9.8,311.0,
2023-12-21 23:00:00+01:00,2.7,7.0,319.0,
2023-12-22 00:00:00+01:00,3.2,8.1,307.0,
2023-12-22 01:00:00+01:00,3.1,12.1,298.0,
2023-12-22 02:00:00+01:00,4.1,11.8,299.0,
2023-12-22 03:00:00+01:00,3.6,10.4,300.0,
2023-12-22 04:00:00+01:00,3.3,11.8,293.0,
2023-12-22 05:00:00+01:00,3.3,12.0,295.0,
2023-12-22 06:00:00+01:00,3.6,11.8,296.0,
2023-12-22 07:00:00+01:00,3.2,11.3,306.0,
2023-12-22 08:00:00+01:00,3.0,13.1,310.0,
2023-12-22 09:00:00+01:00,2.6,11.2,311.0,
2023-12-22 10:00:00+01:00,3.8,11.8,317.0,
2023-12-22 11:00:00+01:00,4.3,11.0,315.0,
2023-12-22 12:00:00+01:00,3.3,9.9,310.0,
2023-12-22 13:00:00+01:00,2.9,6.0,319.0,
2023-12-22 14:00:00+01:00,3.8,9.0,301.0,
2023-12-22 15:00:00+01:00,3.6,9.9,307.0,
2023-12-22 16:00:00+01:00,3.3,9.8,302.0,
2023-12-22 17:00:00+01:00,2.7,8.3,304.0,
2023-12-22 18:00:00+01:00,2.9,9.9,300.0,
2023-12-22 19:00:00+01:00,1.6,7.7,295.0,
2023-12-22 20:00:00+01:00,2.3,7.4,302.0,0.0
2023-12-22 21:00:00+01:00,2.5,7.7,305.0,0.0
2023-12-22 22:00:00+01:00,1.6,5.8,315.0,1.4
2023-12-22 23:00:00+01:00,2.0,7.2,307.0,0.0
2023-12-23 00:00:00+01:00,1.8,8.1,303.0,0.0
2023-12-23 01:00:00+01:00,1.7,8.5,299.0,0.0
2023-12-23 02:00:00+01:00,1.7,8.8,304.0,0.0
2023-12-23 03:00:00+01:00,2.0,8.9,298.0,0.0
2023-12-23 04:00:00+01:00,1.8,8.6,289.0,0.0
2023-12-23 05:00:00+01:00,0.6,6.4,302.0,0.7
2023-12-23 06:00:00+01:00,1.1,6.9,303.0,0.0
2023-12-23 07:00:00+01:00,1.7,6.6,302.0,0.0
2023-12-23 08:00:00+01:00,1.9,5.7,302.0,0.0
2023-12-23 09:00:00+01:00,2.2,6.3,304.0,0.0
2023-12-23 10:00:00+01:00,2.5,5.8,299.0,0.0
2023-12-23 11:00:00+01:00,2.9,5.4,303.0,0.0
2023-12-23 12:00:00+01:00,3.0,5.3,306.0,0.0
2023-12-23 13:00:00+01:00,2.6,3.5,333.0,0.0
2023-12-23 14:00:00+01:00,3.5,7.0,298.0,0.0
2023-12-23 15:00:00+01:00,1.7,2.8,339.0,0.5
2023-12-23 16:00:00+01:00,0.6,3.6,310.0,2.1
2023-12-23 17:00:00+01:00,1.1,3.2,299.0,0.2
2023-12-23 18:00:00+01:00,1.0,3.8,310.0,0.0
2023-12-23 19:00:00+01:00,1.2,3.6,312.0,0.0
2023-12-23 20:00:00+01:00,0.9,3.1,291.0,0.0
2023-12-23 21:00:00+01:00,0.1,1.6,287.0,0.0
2023-12-23 22:00:00+01:00,-1.3,1.5,264.0,0.0
2023-12-23 23:00:00+01:00,-0.4,2.0,261.0,0.0
2023-12-24 00:00:00+01:00,-0.9,1.4,260.0,0.0
2023-12-24 01:00:00+01:00,-1.7,1.0,262.0,0.0
2023-12-24 02:00:00+01:00,-1.4,0.7,204.0,0.0
2023-12-24 03:00:00+01:00,-1.0,0.7,199.0,0.0
2023-12-24 04:00:00+01:00,-0.3,0.6,203.0,0.0
2023-12-24 05:00:00+01:00,0.3,0.6,231.0,0.0
2023-12-24 06:00:00+01:00,1.3,0.8,239.0,0.0
2023-12-24 07:00:00+01:00,1.4,1.4,236.0,0.0
2023-12-24 08:00:00+01:00,1.2,1.9,205.0,0.2
2023-12-24 09:00:00+01:00,1.3,1.8,183.0,0.3
2023-12-24 10:00:00+01:00,1.5,2.7,168.0,0.1
2023-12-24 11:00:00+01:00,1.7,3.8,155.0,0.0
2023-12-24 12:00:00+01:00,2.2,4.1,156.0,0.2
2023-12-24 13:00:00+01:00,2.9,3.0,170.0,0.3
2023-12-24 14:00:00+01:00,4.0,2.2,181.0,0.9
2023-12-24 15:00:00+01:00,6.9,3.5,228.0,0.3
2023-12-24 16:00:00+01:00,7.2,3.0,231.0,0.0
2023-12-24 17:00:00+01:00,7.6,3.2,225.0,0.2
2023-12-24 18:00:00+01:00,7.4,2.7,239.0,0.0
2023-12-24 19:00:00+01:00,7.5,3.0,244.0,1.5
2023-12-24 20:00:00+01:00,7.3,2.2,246.0,2.6
2023-12-24 21:00:00+01:00,7.7,7.0,286.0,1.9
2023-12-24 22:00:00+01:00,7.5,5.3,277.0,
2023-12-24 23:00:00+01:00,7.3,5.3,277.0,
2023-12-25 00:00:00+01:00,7.7,5.9,269.0,0.0
2023-12-25 01:00:00+01:00,7.6,6.9,261.0,0.0
2023-12-25 02:00:00+01:00,7.6,5.7,257.0,
2023-12-25 03:00:00+01:00,7.5,6.2,266.0,
2023-12-25 04:00:00+01:00,7.4,5.7,261.0,
2023-12-25 05:00:00+01:00,7.6,5.5,267.0,0.0
2023-12-25 06:00:00+01:00,7.1,6.6,284.0,0.0
2023-12-25 07:00:00+01:00,6.6,6.4,265.0,0.0
2023-12-25 08:00:00+01:00,6.4,6.5,268.0,0.0
2023-12-25 09:00:00+01:00,6.7,8.4,269.0,0.0
2023-12-25 10:00:00+01:00,6.6,7.8,275.0,0.0
2023-12-25 11:00:00+01:00,6.7,7.3,274.0,0.0
2023-12-25 12:00:00+01:00,6.9,9.9,280.0,0.0
2023-12-25 13:00:00+01:00,6.9,9.6,283.0,0.0
2023-12-25 14:00:00+01:00,6.8,8.1,283.0,0.0
2023-12-25 15:00:00+01:00,6.5,8.1,285.0,0.0
2023-12-25 16:00:00+01:00,6.2,8.3,286.0,0.0
2023-12-25 17:00:00+01:00,5.4,5.8,283.0,0.0
2023-12-25 18:00:00+01:00,5.2,5.3,277.0,0.0
2023-12-25 19:00:00+01:00,4.9,5.1,278.0,0.0
2023-12-25 20:00:00+01:00,4.8,6.4,261.0,0.0
2023-12-25 21:00:00+01:00,4.8,5.4,267.0,0.0
2023-12-25 22:00:00+01:00,4.7,5.2,261.0,0.0
2023-12-25 23:00:00+01:00,4.1,2.8,249.0,0.0
2023-12-26 00:00:00+01:00,4.4,1.9,241.0,0.0
2023-12-26 01:00:00+01:00,4.1,1.1,228.0,0.1
2023-12-26 02:00:00+01:00,4.4,1.4,224.0,0.3
2023-12-26 03:00:00+01:00,5.0,2.8,177.0,2.8
2023-12-26 04:00:00+01:00,6.1,3.0,221.0,0.8
2023-12-26 05:00:00+01:00,6.5,3.5,225.0,1.1
2023-12-26 06:00:00+01:00,6.6,3.7,241.0,0.0
2023-12-26 07:00:00+01:00,6.9,4.9,249.0,0.0
2023-12-26 08:00:00+01:00,7.1,6.3,256.0,0.0
2023-12-26 09:00:00+01:00,6.7,7.4,275.0,0.0
2023-12-26 10:00:00+01:00,5.0,9.3,294.0,0.0
2023-12-26 11:00:00+01:00,4.3,6.7,304.0,0.0
2023-12-26 12:00:00+01:00,4.0,6.2,299.0,0.0
2023-12-26 13:00:00+01:00,4.2,4.8,291.0,0.0
2023-12-26 14:00:00+01:00,4.3,3.9,286.0,0.0
2023-12-26 15:00:00+01:00,4.3,4.4,283.0,0.0
2023-12-26 16:00:00+01:00,4.4,4.8,284.0,0.0
2023-12-26 17:00:00+01:00,4.1,4.0,272.0,0.0
2023-12-26 18:00:00+01:00,4.3,5.8,264.0,0.0
2023-12-26 19:00:00+01:00,4.4,5.5,272.0,0.0
2023-12-26 20:00:00+01:00,4.1,5.1,279.0,0.0
2023-12-26 21:00:00+01:00,4.1,6.4,282.0,0.0
2023-12-26 22:00:00+01:00,4.5,6.0,284.0,0.0
2023-12-26 23:00:00+01:00,5.2,7.5,286.0,0.0
2023-12-27 00:00:00+01:00,4.6,6.6,290.0,0.0
2023-12-27 01:00:00+01:00,4.4,6.7,285.0,0.0
2023-12-27 02:00:00+01:00,4.4,5.6,285.0,0.0
2023-12-27 03:00:00+01:00,4.7,6.1,288.0,0.0
2023-12-27 04:00:00+01:00,4.1,6.4,289.0,0.0
2023-12-27 05:00:00+01:00,3.7,5.4,288.0,0.0
2023-12-27 06:00:00+01:00,3.4,5.7,290.0,0.0
2023-12-27 07:00:00+01:00,3.2,5.2,290.0,0.0
2023-12-27 08:00:00+01:00,3.0,5.2,286.0,0.0
2023-12-27 09:00:00+01:00,2.8,4.8,284.0,0.0
2023-12-27 10:00:00+01:00,3.2,3.8,304.0,0.0
2023-12-27 11:00:00+01:00,3.7,4.3,286.0,0.0
2023-12-27 12:00:00+01:00,3.6,3.1,283.0,0.0
2023-12-27 13:00:00+01:00,3.8,3.3,286.0,0.0
2023-12-27 14:00:00+01:00,3.1,1.8,284.0,0.0
2023-12-27 15:00:00+01:00,2.3,0.0,0.0,0.0
2023-12-27 16:00:00+01:00,0.2,0.5,176.0,0.0
2023-12-27 17:00:00+01:00,0.1,0.0,0.0,0.0
2023-12-27 18:00:00+01:00,0.8,0.9,180.0,0.0
2023-12-27 19:00:00+01:00,1.0,2.2,115.0,0.0
2023-12-27 20:00:00+01:00,1.6,2.7,120.0,0.0
2023-12-27 21:00:00+01:00,2.5,3.5,131.0,0.0
2023-12-27 22:00:00+01:00,3.1,4.3,131.0,0.0
2023-12-27 23:00:00+01:00,3.5,5.8,133.0,0.0
2023-12-28 00:00:00+01:00,3.9,6.2,138.0,0.0
2023-12-28 01:00:00+01:00,3.6,7.2,139.0,0.5
2023-12-28 02:00:00+01:00,3.9,7.7,145.0,1.8
2023-12-28 03:00:00+01:00,4.0,3.8,161.0,1.4
2023-12-28 04:00:00+01:00,4.5,4.1,184.0,2.2
2023-12-28 05:00:00+01:00,5.2,3.7,206.0,0.1
2023-12-28 06:00:00+01:00,5.9,3.1,235.0,0.0
2023-12-28 07:00:00+01:00,6.2,2.9,226.0,0.0
2023-12-28 08:00:00+01:00,6.6,2.8,219.0,0.0
2023-12-28 09:00:00+01:00,6.8,3.8,208.0,0.0
2023-12-28 10:00:00+01:00,6.8,4.4,208.0,0.0
2023-12-28 11:00:00+01:00,7.6,5.2,240.0,0.1
2023-12-28 12:00:00+01:00,7.3,4.6,221.0,0.3
2023-12-28 13:00:00+01:00,7.8,5.0,236.0,0.6
2023-12-28 14:00:00+01:00,7.7,6.6,254.0,0.8
2023-12-28 15:00:00+01:00,8.0,4.2,248.0,0.0
2023-12-28 16:00:00+01:00,8.0,3.8,249.0,0.0
2023-12-28 17:00:00+01:00,7.4,2.0,239.0,0.0
2023-12-28 18:00:00+01:00,7.4,2.3,232.0,0.0
2023-12-28 19:00:00+01:00,7.2,2.3,217.0,0.6
2023-12-28 20:00:00+01:00,7.5,3.4,225.0,0.1
2023-12-28 21:00:00+01:00,7.4,2.7,219.0,0.0
2023-12-28 22:00:00+01:00,7.0,2.8,214.0,0.4
2023-12-28 23:00:00+01:00,7.3,3.3,215.0,0.1
2023-12-29 00:00:00+01:00,7.6,5.0,212.0,0.7
2023-12-29 01:00:00+01:00,7.4,3.7,217.0,0.0
2023-12-29 02:00:00+01:00,7.3,3.4,218.0,0.1
2023-12-29 03:00:00+01:00,7.3,4.3,229.0,0.0
2023-12-29 04:00:00+01:00,6.6,3.3,234.0,0.0
2023-12-29 05:00:00+01:00,6.6,4.0,227.0,0.2
2023-12-29 06:00:00+01:00,6.4,2.2,215.0,0.6
2023-12-29 07:00:00+01:00,6.8,3.0,228.0,0.7
2023-12-29 08:00:00+01:00,6.3,3.2,234.0,0.4
2023-12-29 09:00:00+01:00,6.6,3.1,228.0,0.0
2023-12-29 10:00:00+01:00,7.0,4.5,247.0,0.0
2023-12-29 11:00:00+01:00,7.6,3.2,241.0,0.0
2023-12-29 12:00:00+01:00,7.7,4.6,246.0,0.0
2023-12-29 13:00:00+01:00,7.9,3.8,246.0,0.0
2023-12-29 14:00:00+01:00,7.3,3.1,258.0,0.0
2023-12-29 15:00:00+01:00,6.5,2.6,245.0,0.9
2023-12-29 16:00:00+01:00,6.6,2.5,234.0,0.0
2023-12-29 17:00:00+01:00,6.6,2.6,233.0,0.0
2023-12-29 18:00:00+01:00,6.7,4.2,227.0,0.0
2023-12-29 19:00:00+01:00,6.9,6.0,242.0,0.0
2023-12-29 20:00:00+01:00,7.0,5.7,251.0,0.0
2023-12-29 21:00:00+01:00,6.5,5.9,256.0,0.0
2023-12-29 22:00:00+01:00,6.3,4.8,252.0,0.0
2023-12-29 23:00:00+01:00,6.3,4.0,251.0,0.0
2023-12-30 00:00:00+01:00,5.9,3.1,246.0,0.0
2023-12-30 01:00:00+01:00,5.9,2.2,235.0,0.0
2023-12-30 02:00:00+01:00,6.0,3.3,242.0,0.0
2023-12-30 03:00:00+01:00,5.3,4.4,274.0,0.7
2023-12-30 04:00:00+01:00,5.3,4.1,265.0,0.0
2023-12-30 05:00:00+01:00,5.2,2.7,252.0,0.0
2023-12-30 06:00:00+01:00,4.2,5.2,283.0,2.6
2023-12-30 07:00:00+01:00,4.4,2.3,246.0,1.4
2023-12-30 08:00:00+01:00,4.2,2.9,261.0,0.0
2023-12-30 09:00:00+01:00,4.7,3.6,266.0,0.0
2023-12-30 10:00:00+01:00,4.9,4.4,263.0,0.0
2023-12-30 11:00:00+01:00,5.1,5.3,263.0,0.0
2023-12-30 12:00:00+01:00,5.4,5.3,265.0,0.0
2023-12-30 13:00:00+01:00,5.9,4.1,263.0,0.0
2023-12-30 14:00:00+01:00,5.7,3.0,248.0,0.0
2023-12-30 15:00:00+01:00,5.3,3.1,247.0,0.0
2023-12-30 16:00:00+01:00,5.5,3.5,250.0,0.0
2023-12-30 17:00:00+01:00,4.8,2.3,240.0,0.0
2023-12-30 18:00:00+01:00,5.0,3.0,236.0,0.0
2023-12-30 19:00:00+01:00,5.1,2.3,238.0,0.0
2023-12-30 20:00:00+01:00,5.2,2.6,241.0,
2023-12-30 21:00:00+01:00,5.2,2.5,238.0,
2023-12-30 22:00:00+01:00,5.0,1.9,236.0,
2023-12-30 23:00:00+01:00,5.2,2.3,240.0,
2023-12-31 00:00:00+01:00,5.0,1.7,237.0,
2023-12-31 01:00:00+01:00,3.9,1.1,233.0,
2023-12-31 02:00:00+01:00,2.5,1.0,186.0,
2023-12-31 03:00:00+01:00,1.8,1.2,181.0,
2023-12-31 04:00:00+01:00,2.0,1.3,134.0,
2023-12-31 05:00:00+01:00,3.1,2.1,138.0,
2023-12-31 06:00:00+01:00,4.0,2.5,134.0,
2023-12-31 07:00:00+01:00,4.2,2.7,122.0,
2023-12-31 08:00:00+01:00,4.8,4.1,122.0,
2023-12-31 09:00:00+01:00,4.9,4.9,118.0,
2023-12-31 10:00:00+01:00,5.2,5.1,120.0,
2023-12-31 11:00:00+01:00,5.6,5.2,122.0,
2023-12-31 12:00:00+01:00,5.7,4.9,123.0,
2023-12-31 13:00:00+01:00,5.6,6.2,123.0,
2023-12-31 14:00:00+01:00,5.6,6.8,119.0,
2023-12-31 15:00:00+01:00,5.7,7.4,119.0,
2023-12-31 16:00:00+01:00,5.4,7.1,116.0,
2023-12-31 17:00:00+01:00,5.2,7.1,114.0,
2023-12-31 18:00:00+01:00,5.2,6.6,117.0,
2023-12-31 19:00:00+01:00,5.1,7.4,110.0,
2023-12-31 20:00:00+01:00,5.3,7.2,118.0,
2023-12-31 21:00:00+01:00,5.2,6.0,121.0,
2023-12-31 22:00:00+01:00,5.5,6.4,131.0,
2023-12-31 23:00:00+01:00,5.3,5.1,137.0,
